transaction_id,scheme_name,unit_no,property_type,district,state,postcode,built_up_sqft,price_rm,transaction_date,source_batch
TX-2026-08-01827,Desa Warisan Murni Petaling,B-14-19,Teres 2 Tingkat,Petaling,Selangor,47567,2185,1275500,2026-08-29,B3
TX-2026-08-01380,Taman Seri Melati Hulu,D-03-15,Banglo,Hulu Langat,Selangor,43116,3317,1454500,2026-08-28,B3
TX-2026-08-02928,Desa Warisan Murni Petaling,E-01-06,Kondominium,Petaling,Selangor,46285,1032,808500,2026-08-10,B5
TX-2026-08-01662,Kondominium Kenanga Sari Sepang,D-12-12,Teres 2 Tingkat,Sepang,Selangor,63282,1620,607000,2026-08-23,B1
TX-2026-08-02249,Bandar Damai Indah Hulu,D-30-08,Banglo,Hulu Langat,Selangor,43104,3273,1543000,2026-08-23,B2
TX-2026-08-02953,Taman Bukit Harmoni Gombak,A-37-13,Banglo,DAERAH GOMBAK,Selangor,68085,4618,2750500,2026-08-15,B3
TX-2026-08-00869,Desa Warisan Murni Petaling,C-22-16,Teres 1 Tingkat,Petaling,Selangor,46774,1045,695000,2026-08-26,B3
TX-2026-08-01201,Residensi Damai Indah Sepang,E-18-18,Kondominium,Sepang,Selangor,63121,966,328500,2026-08-24,B2
TX-2026-08-00848,Bandar Anggerik Jaya Petaling,A-23-16,Berkembar 2 Tingkat,Petaling,Selangor,47346,2625,1215500,2026-08-18,B6
TX-2026-08-00874,Bandar Anggerik Jaya Hulu,B-36-16,Berkembar 2 Tingkat,Hulu Langat,Selangor,43486,2468,1191500,2026-08-28,B3
TX-2026-08-02161,Taman Tasik Permai Klang,C-18-16,Pangsapuri,Klang,Selangor,42137,933,325000,2026-08-25,B5
TX-2026-08-02120,Kondominium Impian Setia Petaling,D-17-06,Teres 2 Tingkat,Petaling,Selangor,47266,2235,1186500,2026-08-09,B4
TX-2026-08-01027,Desa Anggerik Jaya Sepang,E-15-10,Kondominium,Sepang,Selangor,63150,1210,323000,2026-08-08,B4
TX-2026-08-02189,Desa Mutiara Sentosa Klang,A-12-09,Teres 1 Tingkat,Klang,Selangor,41981,1186,434500,18/08/2026,B4
TX-2026-08-00760,Bandar Kenanga Sari Kuala,G-37-20,Pangsapuri,DAERAH KUALA LUMPUR,W.P. Kuala Lumpur,50693,587,464500,2026-08-19,B1
TX-2026-08-01618,Desa Kenanga Sari Hulu,F-18-12,Teres 2 Tingkat,Hulu Langat,Selangor,43416,1604,606500,2026-08-31,B5
TX-2026-08-00520,Kondominium Impian Setia Petaling,G-01-21,Berkembar 2 Tingkat,Petaling,Selangor,46346,2709,1717500,2026-08-06,B6
TX-2026-08-02752,Pangsapuri Suria Bayu Kuala,D-06-09,Teres 2 Tingkat,DAERAH KUALA LUMPUR,W.P. Kuala Lumpur,58208,2027,1888500,2026-08-26,B3
TX-2026-08-00846,Kondominium Putra Perdana Petaling,G-34-01,Teres 2 Tingkat,Petaling,Selangor,46719,2090,925500,2026-08-05,B4
TX-2026-08-01931,Desa Bukit Harmoni Petaling,F-20-19,Pangsapuri,DAERAH PETALING,Selangor,47732,838,354000,2026-08-16,B4
TX-2026-08-02850,Taman Bukit Harmoni Gombak,E-33-24,Teres 2 Tingkat,DAERAH GOMBAK,Selangor,68002,2378,685500,2026-08-01,B4
TX-2026-08-02497,Bandar Kenanga Sari Kuala,A-35-08,Teres 2 Tingkat,Kuala Lumpur,W.P. Kuala Lumpur,56088,1849,1319500,2026-08-29,B3
TX-2026-08-01272,Bandar Damai Indah Hulu,C-28-17,Banglo,Hulu Langat,Selangor,43011,5084,3037000,2026-08-28,B6
TX-2026-08-02898,Pangsapuri Cempaka Wangi Klang,B-10-04,Teres 1 Tingkat,Klang,Selangor,42083,1345,570500,2026-08-11,B3
TX-2026-08-02799,Taman Kenanga Sari Kuala,E-04-09,Pangsapuri,Kuala Lumpur,W.P. Kuala Lumpur,58860,705,561500,2026-08-30,B1
TX-2026-08-01532,Kondominium Damai Indah Petaling,B-32-13,Berkembar 2 Tingkat,Petaling,Selangor,47080,2466,1213000,2026-08-20,B2
TX-2026-08-01816,Bandar Anggerik Jaya Hulu,E-20-20,Teres 2 Tingkat,Hulu Langat,Selangor,43181,1677,482000,2026-08-26,B3
TX-2026-08-02869,Kondominium Impian Setia Petaling,F-01-14,Pangsapuri,Petaling,Selangor,47765,712,447500,2026-08-16,B4
TX-2026-08-02457,Desa Cempaka Wangi Gombak,E-16-05,Kondominium,Gombak,Selangor,68075,1151,376000,2026-08-20,B6
TX-2026-08-01474,Desa Warisan Murni Petaling,C-09-05,Pangsapuri,DAERAH PETALING,Selangor,47717,743,620000,2026-08-12,B3
TX-2026-08-00322,Residensi Putra Perdana Hulu,D-11-23,Teres 2 Tingkat,Hulu Selangor,Selangor,44064,1945,840500,2026-08-31,B2
TX-2026-08-02510,Desa Kenanga Sari Hulu,A-26-09,Berkembar 2 Tingkat,Hulu Langat,Selangor,43480,2494,1061000,2026-08-16,B2
TX-2026-08-02444,Taman Bukit Harmoni Klang,A-23-11,Banglo,DAERAH KLANG,Selangor,41707,2833,885000,2026-08-20,B4
TX-2026-08-00486,Taman Bukit Harmoni Sabak,F-25-05,Teres 1 Tingkat,Sabak Bernam,Selangor,45371,930,221000,2026-08-29,B6
TX-2026-08-01746,Desa Seri Melati Kuala,D-17-13,Teres 2 Tingkat,Kuala Lumpur,W.P. Kuala Lumpur,59916,1459,850000,2026-08-10,B2
TX-2026-08-00792,Bandar Anggerik Jaya Petaling,D-20-02,Berkembar 2 Tingkat,Petaling,Selangor,46983,2830,1466500,2026-08-30,B3
TX-2026-08-00574,Pangsapuri Suria Bayu Sepang,E-24-03,Teres 1 Tingkat,Sepang,Selangor,63044,970,377000,2026-08-29,B2
TX-2026-08-01508,Desa Seri Melati Kuala,C-06-01,Berkembar 2 Tingkat,Kuala Lumpur,W.P. Kuala Lumpur,55742,2351,1393000,2026-08-09,B6
TX-2026-08-02128,Bandar Anggerik Jaya Petaling,G-16-15,Kondominium,Petaling,Selangor,46393,750,445500,2026-08-30,B5
TX-2026-08-00345,Residensi Seri Melati Kuala,A-10-19,Kondominium,Kuala Lumpur,W.P. Kuala Lumpur,50334,1105,430000,2026-08-25,B4
TX-2026-08-00938,Desa Cempaka Wangi Gombak,B-37-21,Banglo,DAERAH GOMBAK,Selangor,68047,4693,2295000,2026-08-20,B2
TX-2026-08-02424,Pangsapuri Kenanga Sari Petaling,E-17-12,Teres 2 Tingkat,DAERAH PETALING,Selangor,47037,2264,1241000,2026-08-19,B2
TX-2026-08-01904,Kondominium Mutiara Sentosa Hulu,D-17-12,Banglo,Hulu Langat,Selangor,43317,4115,1522500,2026-08-29,B6
TX-2026-08-00688,Kondominium Damai Indah Petaling,B-33-19,Kondominium,DAERAH PETALING,Selangor,47725,1267,534000,2026-08-01,B2
TX-2026-08-01457,Taman Warisan Murni Gombak,E-36-14,Banglo,Gombak,Selangor,68028,4782,1808000,07/08/2026,B4
TX-2026-08-02486,Kondominium Damai Indah Petaling,E-26-07,Teres 1 Tingkat,Petaling,Selangor,46537,1033,443500,2026-08-16,B4
TX-2026-08-00950,Desa Warisan Murni Petaling,G-30-24,Pangsapuri,Petaling,Selangor,47747,815,336500,2026-08-24,B3
TX-2026-08-02740,Kondominium Mutiara Sentosa Gombak,F-18-21,Berkembar 2 Tingkat,Gombak,Selangor,68005,3210,1590500,2026-08-19,B4
TX-2026-08-02716,Pangsapuri Suria Bayu Sepang,G-07-10,Pangsapuri,Sepang,Selangor,63005,893,333500,2026-08-20,B1
TX-2026-08-02283,Desa Anggerik Jaya Kuala,C-16-03,Banglo,Kuala Langat,Selangor,42542,3484,1299500,2026-08-30,B6
TX-2026-08-00028,Desa Seri Melati Kuala,A-32-02,Kondominium,Kuala Lumpur,W.P. Kuala Lumpur,53187,1482,963500,2026-08-09,B5
TX-2026-08-02662,Kondominium Impian Setia Petaling,F-04-05,Teres 2 Tingkat,Petaling,Selangor,46460,1598,688000,2026-08-08,B2
TX-2026-08-01072,Desa Seri Melati Kuala,B-03-01,Teres 2 Tingkat,Kuala Lumpur,W.P. Kuala Lumpur,51847,2397,1058000,2026-08-04,B5
TX-2026-08-00289,Pangsapuri Cempaka Wangi Klang,B-13-07,Teres 1 Tingkat,DAERAH KLANG,Selangor,41941,1068,339000,2026-08-14,B6
TX-2026-08-02441,Desa Seri Melati Kuala,D-20-21,Kondominium,Kuala Lumpur,W.P. Kuala Lumpur,57213,1119,521000,2026-08-03,B1
TX-2026-08-00749,Desa Kenanga Sari Kuala,G-07-08,Teres 1 Tingkat,Kuala Langat,Selangor,42637,1087,316000,2026-08-07,B2
TX-2026-08-02985,Kondominium Kenanga Sari Hulu,E-31-06,Teres 2 Tingkat,Hulu Langat,Selangor,43458,1706,687000,2026-08-27,B3
TX-2026-08-01204,Kondominium Putra Perdana Petaling,G-37-07,Teres 2 Tingkat,Petaling,Selangor,46629,1632,746500,2026-08-11,B1
TX-2026-08-02676,Taman Tasik Permai Klang,D-25-14,Teres 2 Tingkat,DAERAH KLANG,Selangor,41769,1796,758500,2026-08-11,B4
TX-2026-08-01442,Taman Anggerik Jaya Kuala,A-25-24,Pangsapuri,Kuala Lumpur,W.P. Kuala Lumpur,52301,821,530000,2026-08-11,B1
TX-2026-08-00504,Residensi Mutiara Sentosa Kuala,G-18-23,Teres 2 Tingkat,Kuala Langat,Selangor,42664,2273,646500,2026-08-27,B3
TX-2026-08-01535,Bandar Kenanga Sari Kuala,D-27-14,Teres 2 Tingkat,Kuala Lumpur,W.P. Kuala Lumpur,53010,1982,1935000,2026-08-29,B5
TX-2026-08-02184,Pangsapuri Suria Bayu Kuala,F-12-03,Banglo,Kuala Lumpur,W.P. Kuala Lumpur,59099,4427,3421000,2026-08-25,B5
TX-2026-08-01908,Pangsapuri Suria Bayu Kuala,B-28-16,Banglo,Kuala Lumpur,W.P. Kuala Lumpur,59662,3937,3468000,2026-08-26,B3
TX-2026-08-00330,Taman Damai Indah Sabak,E-34-03,Teres 2 Tingkat,Sabak Bernam,Selangor,45259,1420,248500,2026-08-03,B5
TX-2026-08-02830,Pangsapuri Suria Bayu Sepang,C-34-12,Pangsapuri,Sepang,Selangor,63203,938,356000,2026-08-21,B1
TX-2026-08-01243,Taman Anggerik Jaya Kuala,F-01-17,Teres 1 Tingkat,Kuala Lumpur,W.P. Kuala Lumpur,54510,1234,765500,2026-08-22,B5
TX-2026-08-00298,Taman Tasik Permai Klang,G-03-15,Teres 2 Tingkat,Klang,Selangor,41993,1627,856000,2026-08-14,B2
TX-2026-08-00495,Desa Tasik Permai Sepang,E-25-06,Teres 1 Tingkat,Sepang,Selangor,71801,1247,606000,2026-08-15,B5
TX-2026-08-00337,Kondominium Impian Setia Petaling,F-36-21,Teres 2 Tingkat,Petaling,Selangor,47320,1818,787500,2026-08-04,B2
TX-2026-08-02070,Residensi Damai Indah Sepang,C-10-11,Pangsapuri,Sepang,Selangor,63193,623,261500,2026-08-23,B3
TX-2026-08-02329,Desa Mutiara Sentosa Klang,F-20-23,Teres 1 Tingkat,Klang,Selangor,41063,923,354000,2026-08-12,B4
TX-2026-08-02609,Desa Bukit Harmoni Petaling,B-25-01,Teres 2 Tingkat,Petaling,Selangor,46117,1839,820000,2026-08-09,B4
TX-2026-08-01394,Pangsapuri Cempaka Wangi Klang,A-30-19,Banglo,DAERAH KLANG,Selangor,42211,5053,1437000,2026-08-14,B1
TX-2026-08-01486,Taman Anggerik Jaya Kuala,F-32-17,Kondominium,Kuala Lumpur,W.P. Kuala Lumpur,54603,1327,801000,2026-08-28,B5
TX-2026-08-02755,Kondominium Impian Setia Petaling,C-19-17,Teres 1 Tingkat,DAERAH PETALING,Selangor,46312,934,634000,2026-08-11,B3
TX-2026-08-02837,Kondominium Mutiara Sentosa Hulu,G-07-13,Banglo,DAERAH HULU LANGAT,Selangor,43091,4643,1648000,2026-08-05,B2
TX-2026-08-02038,Kondominium Putra Perdana Petaling,D-10-12,Kondominium,DAERAH PETALING,Selangor,47017,973,464500,2026-08-22,B6
TX-2026-08-00873,Bandar Anggerik Jaya Petaling,F-33-12,Teres 1 Tingkat,Petaling,Selangor,46699,1380,596500,2026-08-08,B3
TX-2026-08-02932,Bandar Putra Perdana Hulu,E-17-03,Banglo,Hulu Selangor,Selangor,44225,3173,808500,2026-08-16,B4
TX-2026-08-01111,Taman Warisan Murni Gombak,D-05-14,Teres 2 Tingkat,Gombak,Selangor,68039,1742,931000,2026-08-16,B5
TX-2026-08-02129,Taman Anggerik Jaya Kuala,A-37-10,Berkembar 2 Tingkat,Kuala Lumpur,W.P. Kuala Lumpur,56580,2571,1717500,2026-08-03,B5
TX-2026-08-00665,Taman Bukit Harmoni Gombak,B-31-21,Teres 2 Tingkat,DAERAH GOMBAK,Selangor,68077,2190,646500,2026-08-26,B2
TX-2026-08-02207,Desa Warisan Murni Petaling,A-25-24,Kondominium,Petaling,Selangor,47180,1461,617000,2026-08-02,B6
TX-2026-08-02977,Taman Warisan Murni Gombak,E-25-23,Pangsapuri,Gombak,Selangor,68029,914,377500,2026-08-09,B6
TX-2026-08-02607,Desa Bukit Harmoni Petaling,G-20-17,Pangsapuri,Petaling,Selangor,47027,755,471500,2026-08-25,B6
TX-2026-08-01291,Pangsapuri Tasik Permai Gombak,A-06-07,Pangsapuri,DAERAH GOMBAK,Selangor,68037,665,209500,2026-08-03,B2
TX-2026-08-00343,Pangsapuri Kenanga Sari Petaling,E-21-15,Berkembar 2 Tingkat,DAERAH PETALING,Selangor,46892,2291,1490500,2026-08-12,B4
TX-2026-08-00063,Taman Seri Melati Hulu,B-13-24,Kondominium,Hulu Langat,Selangor,43147,1017,407000,2026-08-22,B4
TX-2026-08-02110,Taman Kenanga Sari Kuala,A-29-23,Teres 2 Tingkat,Kuala Lumpur,W.P. Kuala Lumpur,59566,2326,1442000,2026-08-22,B4
TX-2026-08-02913,Pangsapuri Cempaka Wangi Klang,B-29-16,Teres 1 Tingkat,Klang,Selangor,41924,1226,532500,2026-08-06,B5
TX-2026-08-00812,Desa Cempaka Wangi Gombak,D-23-06,Teres 2 Tingkat,Gombak,Selangor,68070,1895,979000,2026-08-15,B3
TX-2026-08-01767,Kondominium Mutiara Sentosa Hulu,E-29-22,Kondominium,Hulu Langat,Selangor,43477,904,643500,2026-08-22,B2
TX-2026-08-00832,Desa Anggerik Jaya Kuala,E-21-23,Teres 1 Tingkat,Kuala Langat,Selangor,42625,1378,303000,2026-08-05,B1
TX-2026-08-00936,Taman Kenanga Sari Gombak,E-35-18,Teres 1 Tingkat,Gombak,Selangor,68013,918,479000,2026-08-01,B3
TX-2026-08-02413,Desa Kenanga Sari Hulu,A-04-07,Pangsapuri,Hulu Langat,Selangor,43132,589,181000,2026-08-24,B2
TX-2026-08-00232,Bandar Mutiara Sentosa Kuala,G-29-20,Teres 1 Tingkat,Kuala Lumpur,W.P. Kuala Lumpur,52124,1231,1049500,2026-08-12,B1
TX-2026-08-01545,Bandar Mutiara Sentosa Kuala,E-21-22,Berkembar 2 Tingkat,DAERAH KUALA LUMPUR,W.P. Kuala Lumpur,50363,2774,1831500,2026-08-21,B6
TX-2026-08-01366,Pangsapuri Seri Melati Hulu,D-24-08,Teres 2 Tingkat,Hulu Langat,Selangor,43364,2000,784500,2026-08-15,B3
TX-2026-08-00061,Taman Seri Melati Hulu,B-11-15,Kondominium,Hulu Langat,Selangor,43163,1017,407000,2026-08-22,B1
TX-2026-08-00816,Bandar Anggerik Jaya Petaling,E-22-10,Berkembar 2 Tingkat,DAERAH PETALING,Selangor,47612,2588,1686500,2026-08-03,B5
TX-2026-08-00800,Residensi Mutiara Sentosa Kuala,B-03-08,Teres 2 Tingkat,DAERAH KUALA LANGAT,Selangor,42748,2079,508500,2026-08-22,B6
TX-2026-08-02816,Kondominium Cempaka Wangi Sepang,D-22-18,Teres 1 Tingkat,DAERAH SEPANG,Selangor,63131,1288,406500,2026-08-31,B1
TX-2026-08-00536,Bandar Kenanga Sari Kuala,D-19-07,Pangsapuri,Kuala Lumpur,W.P. Kuala Lumpur,55402,766,523000,2026-08-15,B5
TX-2026-08-01710,Taman Warisan Murni Hulu,E-23-09,Pangsapuri,Hulu Selangor,Selangor,44169,893,315500,2026-08-23,B2
TX-2026-08-02099,Kondominium Kenanga Sari Sepang,E-34-18,Teres 1 Tingkat,Sepang,Selangor,71802,1139,491000,2026-08-31,B1
TX-2026-08-02704,Pangsapuri Suria Bayu Sepang,F-24-14,Banglo,Sepang,Selangor,63157,5077,1829500,2026-08-24,B3
TX-2026-08-00663,Taman Bukit Harmoni Klang,A-10-10,Banglo,DAERAH KLANG,Selangor,42257,4779,1724500,2026-08-13,B6
TX-2026-08-01988,Desa Seri Melati Kuala,B-28-07,Teres 1 Tingkat,Kuala Lumpur,W.P. Kuala Lumpur,52167,1318,1101500,2026-08-07,B2
TX-2026-08-00633,Desa Cempaka Wangi Gombak,E-07-09,Kondominium,DAERAH GOMBAK,Selangor,68034,1572,501000,2026-08-25,B2
TX-2026-08-02005,Taman Bukit Harmoni Gombak,E-01-24,Pangsapuri,Gombak,Selangor,68062,901,329000,2026-08-25,B1
TX-2026-08-02909,Pangsapuri Seri Melati Hulu,G-07-07,Pangsapuri,Hulu Langat,Selangor,43097,844,316000,2026-08-05,B4
TX-2026-08-02661,Pangsapuri Seri Melati Kuala,E-01-06,Kondominium,DAERAH KUALA SELANGOR,Selangor,45643,1559,433500,2026-08-05,B6
TX-2026-08-02887,Desa Seri Melati Kuala,G-28-10,Berkembar 2 Tingkat,DAERAH KUALA LUMPUR,W.P. Kuala Lumpur,50533,2837,2132500,2026-08-23,B6
TX-2026-08-02299,Pangsapuri Suria Bayu Kuala,E-36-17,Teres 2 Tingkat,Kuala Lumpur,W.P. Kuala Lumpur,57486,2102,1296500,2026-08-29,B6
TX-2026-08-02556,Desa Bukit Harmoni Petaling,E-10-19,Berkembar 2 Tingkat,DAERAH PETALING,Selangor,47433,2836,1088000,2026-08-18,B3
TX-2026-08-01567,Pangsapuri Kenanga Sari Kuala,C-23-21,Kondominium,DAERAH KUALA SELANGOR,Selangor,45694,976,269000,2026-08-12,B1
TX-2026-08-00977,Taman Bukit Harmoni Klang,C-15-05,Pangsapuri,DAERAH KLANG,Selangor,41092,628,208500,2026-08-02,B4
TX-2026-08-00728,Residensi Seri Melati Kuala,B-10-24,Banglo,Kuala Lumpur,W.P. Kuala Lumpur,51999,4832,5025500,2026-08-20,B1
TX-2026-08-01752,Bandar Mutiara Sentosa Kuala,D-14-16,Kondominium,Kuala Lumpur,W.P. Kuala Lumpur,54083,1209,1030000,2026-08-19,B3
TX-2026-08-02358,Bandar Tasik Permai Kuala,B-35-05,Pangsapuri,Kuala Selangor,Selangor,45748,812,206000,2026-08-31,B6
TX-2026-08-02707,Taman Damai Indah Sabak,F-31-02,Berkembar 2 Tingkat,Sabak Bernam,Selangor,45258,3142,561000,2026-08-24,B1
TX-2026-08-01826,Desa Impian Setia Kuala,A-32-06,Teres 1 Tingkat,Kuala Selangor,Selangor,45743,996,277500,2026-08-30,B6
TX-2026-08-02349,Pangsapuri Kenanga Sari Petaling,B-12-20,Berkembar 2 Tingkat,DAERAH PETALING,Selangor,46078,2669,1363000,2026-08-03,B5
TX-2026-08-01759,Pangsapuri Kenanga Sari Petaling,E-38-22,Kondominium,Petaling,Selangor,46442,1236,869500,2026-08-25,B2
TX-2026-08-02937,Taman Seri Melati Hulu,F-11-08,Pangsapuri,DAERAH HULU LANGAT,Selangor,43459,645,216500,2026-08-20,B1
TX-2026-08-02969,Desa Warisan Murni Petaling,A-07-21,Teres 1 Tingkat,Petaling,Selangor,47660,936,480500,2026-08-16,B4
TX-2026-08-00497,Desa Putra Perdana Klang,C-31-07,Pangsapuri,Klang,Selangor,41805,923,530000,2026-08-28,B1
TX-2026-08-00881,Taman Anggerik Jaya Kuala,F-15-03,Berkembar 2 Tingkat,Kuala Lumpur,W.P. Kuala Lumpur,54512,2434,2300000,2026-08-12,B4
TX-2026-08-02566,Desa Putra Perdana Klang,B-07-22,Berkembar 2 Tingkat,Klang,Selangor,41861,2980,1074500,2026-08-13,B2
TX-2026-08-00588,Desa Putra Perdana Klang,B-21-04,Teres 2 Tingkat,Klang,Selangor,41326,1913,737000,2026-08-16,B4
TX-2026-08-00932,Desa Tasik Permai Sepang,F-13-19,Berkembar 2 Tingkat,Sepang,Selangor,63286,2948,936500,2026-08-31,B1
TX-2026-08-00512,Pangsapuri Tasik Permai Gombak,D-33-01,Banglo,DAERAH GOMBAK,Selangor,68077,3961,2423500,2026-08-24,B1
TX-2026-08-00924,Kondominium Seri Melati Sabak,B-19-18,Banglo,Sabak Bernam,Selangor,45102,2954,498000,2026-08-03,B4
TX-2026-08-01993,Taman Anggerik Jaya Kuala,B-17-12,Kondominium,Kuala Lumpur,W.P. Kuala Lumpur,50425,1174,788000,14/08/2026,B3
TX-2026-08-02574,Desa Anggerik Jaya Kuala,B-31-11,Teres 1 Tingkat,Kuala Langat,Selangor,42595,1073,325000,2026-08-21,B4
TX-2026-08-01382,Taman Warisan Murni Gombak,G-03-09,Pangsapuri,Gombak,Selangor,68068,892,238500,2026-08-18,B4
TX-2026-08-02717,Bandar Anggerik Jaya Petaling,F-38-22,Kondominium,Petaling,Selangor,47687,984,775500,2026-08-14,B4
TX-2026-08-02354,Desa Mutiara Sentosa Klang,F-22-10,Teres 1 Tingkat,Klang,Selangor,41462,1045,422000,2026-08-28,B5
TX-2026-08-01438,Kondominium Impian Setia Petaling,F-05-24,Teres 1 Tingkat,DAERAH PETALING,Selangor,46823,1197,509500,2026-08-05,B4
TX-2026-08-00979,Taman Kenanga Sari Kuala,B-16-01,Kondominium,Kuala Lumpur,W.P. Kuala Lumpur,56534,975,496000,2026-08-27,B2
TX-2026-08-01921,Desa Anggerik Jaya Sepang,A-25-14,Berkembar 2 Tingkat,Sepang,Selangor,63252,2931,1362500,2026-08-09,B6
TX-2026-08-00705,Taman Tasik Permai Klang,E-11-18,Teres 1 Tingkat,Klang,Selangor,41258,1165,457500,2026-08-30,B4
TX-2026-08-02063,Desa Impian Setia Klang,F-18-21,Teres 2 Tingkat,Klang,Selangor,41607,2264,673500,2026-08-04,B2
TX-2026-08-02022,Taman Anggerik Jaya Kuala,G-12-03,Berkembar 2 Tingkat,Kuala Lumpur,W.P. Kuala Lumpur,53756,3122,2106000,2026-08-27,B1
TX-2026-08-02484,Residensi Kenanga Sari Sepang,D-12-18,Kondominium,Sepang,Selangor,63253,1526,583000,2026-08-12,B6
TX-2026-08-01743,Taman Bukit Harmoni Gombak,C-28-09,Teres 1 Tingkat,Gombak,Selangor,68062,1238,528500,2026-08-01,B6
TX-2026-08-01639,Desa Impian Setia Kuala,A-12-09,Pangsapuri,Kuala Selangor,Selangor,45764,627,192500,2026-08-20,B6
TX-2026-08-00056,Kondominium Impian Setia Petaling,B-09-22,Pangsapuri,Petaling,Selangor,47308,632,328500,2026-08-18,B1
TX-2026-08-01578,Bandar Mutiara Sentosa Kuala,G-01-15,Pangsapuri,Kuala Lumpur,W.P. Kuala Lumpur,59370,767,477500,2026-08-26,B2
TX-2026-08-02564,Desa Putra Perdana Klang,E-05-02,Banglo,Klang,Selangor,41887,3353,1347500,2026-08-30,B6
TX-2026-08-02297,Pangsapuri Kenanga Sari Petaling,G-23-07,Pangsapuri,Petaling,Selangor,47190,913,372000,2026-08-25,B1
TX-2026-08-00678,Taman Kenanga Sari Kuala,C-27-08,Kondominium,Kuala Lumpur,W.P. Kuala Lumpur,55366,977,762000,2026-08-03,B3
TX-2026-08-01222,Taman Kenanga Sari Klang,B-36-24,Teres 1 Tingkat,Klang,Selangor,41649,1110,546000,2026-08-07,B1
TX-2026-08-00239,Residensi Kenanga Sari Sepang,C-18-07,Kondominium,Sepang,Selangor,63268,1505,700500,2026-08-02,B2
TX-2026-08-02911,Desa Anggerik Jaya Sepang,D-04-07,Kondominium,DAERAH SEPANG,Selangor,63085,831,413500,2026-08-01,B3
TX-2026-08-02617,Desa Anggerik Jaya Kuala,F-22-16,Teres 2 Tingkat,Kuala Langat,Selangor,42616,2190,594500,2026-08-06,B5
TX-2026-08-00144,Kondominium Damai Indah Petaling,A-26-12,Pangsapuri,Petaling,Selangor,46214,893,464500,2026-08-07,B5
TX-2026-08-01588,Pangsapuri Kenanga Sari Kuala,F-26-20,Kondominium,Kuala Selangor,Selangor,45658,1325,397000,2026-08-28,B2
TX-2026-08-01521,Kondominium Damai Indah Petaling,D-27-14,Teres 2 Tingkat,Petaling,Selangor,46788,1402,805000,2026-08-27,B1
TX-2026-08-00389,Desa Anggerik Jaya Kuala,A-07-09,Teres 2 Tingkat,Kuala Langat,Selangor,42786,2359,696500,2026-08-10,B4
TX-2026-08-01934,Pangsapuri Kenanga Sari Petaling,E-11-19,Pangsapuri,DAERAH PETALING,Selangor,46821,913,744500,2026-08-22,B1
TX-2026-08-01891,Pangsapuri Suria Bayu Sepang,G-35-15,Banglo,Sepang,Selangor,63278,3392,1478000,2026-08-02,B2
TX-2026-08-00408,Pangsapuri Seri Melati Hulu,E-22-19,Pangsapuri,Hulu Langat,Selangor,43086,655,299000,2026-08-29,B4
TX-2026-08-01751,Pangsapuri Bukit Harmoni Sabak,B-14-13,Pangsapuri,Sabak Bernam,Selangor,45383,560,142000,31/08/2026,B3
TX-2026-08-02176,Kondominium Damai Indah Petaling,D-07-20,Teres 2 Tingkat,Petaling,Selangor,46399,1949,868000,2026-08-21,B4
TX-2026-08-02415,Taman Bukit Harmoni Sabak,F-27-12,Teres 1 Tingkat,Sabak Bernam,Selangor,45299,1028,290500,2026-08-04,B3
TX-2026-08-02580,Bandar Suria Bayu Kuala,F-23-12,Berkembar 2 Tingkat,Kuala Langat,Selangor,42776,3358,1490500,2026-08-22,B5
TX-2026-08-01333,Desa Warisan Murni Petaling,B-21-15,Banglo,DAERAH PETALING,Selangor,46737,3929,1757500,2026-08-17,B3
TX-2026-08-01144,Taman Tasik Permai Klang,F-07-11,Teres 1 Tingkat,Klang,Selangor,42112,1030,394500,01/08/2026,B4
TX-2026-08-02409,Pangsapuri Seri Melati Hulu,G-36-12,Banglo,Hulu Langat,Selangor,43315,3150,1651500,2026-08-03,B5
TX-2026-08-00729,Taman Kenanga Sari Gombak,C-01-01,Teres 1 Tingkat,Gombak,Selangor,68089,948,449500,2026-08-18,B5
TX-2026-08-02557,Taman Warisan Murni Gombak,C-11-05,Berkembar 2 Tingkat,Gombak,Selangor,68050,2820,1036000,2026-08-28,B6
TX-2026-08-00054,Desa Warisan Murni Petaling,F-32-20,Kondominium,Petaling,Selangor,46992,1352,703000,2026-08-19,B4
TX-2026-08-02473,Kondominium Seri Melati Sabak,B-12-16,Teres 2 Tingkat,Sabak Bernam,Selangor,45161,2036,357000,2026-08-31,B5
TX-2026-08-00305,Kondominium Kenanga Sari Hulu,D-25-02,Teres 1 Tingkat,Hulu Langat,Selangor,43376,1052,640500,2026-08-19,B1
TX-2026-08-00362,Bandar Anggerik Jaya Petaling,D-28-18,Banglo,Petaling,Selangor,47754,3977,1894500,2026-08-09,B5
TX-2026-08-01647,Taman Seri Melati Hulu,D-22-09,Kondominium,Hulu Langat,Selangor,43111,1375,380500,2026-08-18,B5
TX-2026-08-02289,Kondominium Putra Perdana Petaling,A-26-12,Teres 2 Tingkat,DAERAH PETALING,Selangor,46581,2246,1045000,2026-08-19,B3
TX-2026-08-02561,Desa Seri Melati Kuala,C-22-13,Banglo,Kuala Lumpur,W.P. Kuala Lumpur,50422,2863,1812500,2026-08-22,B3
TX-2026-08-00265,Residensi Kenanga Sari Sepang,D-06-07,Kondominium,Sepang,Selangor,63113,1207,473000,2026-08-06,B2
TX-2026-08-02871,Taman Putra Perdana Hulu,E-34-05,Kondominium,Hulu Selangor,Selangor,35900,1033,255500,2026-08-07,B2
TX-2026-08-00451,Desa Kenanga Sari Hulu,B-02-12,Berkembar 2 Tingkat,Hulu Langat,Selangor,43500,3183,974500,2026-08-05,B1
TX-2026-08-01258,Taman Bukit Harmoni Klang,D-22-24,Teres 2 Tingkat,Klang,Selangor,41558,2141,1205000,2026-08-16,B1
TX-2026-08-02737,Pangsapuri Tasik Permai Gombak,G-36-08,Berkembar 2 Tingkat,Gombak,Selangor,68079,2899,1351500,2026-08-12,B3
TX-2026-08-00353,Pangsapuri Bukit Harmoni Sabak,E-03-02,Kondominium,Sabak Bernam,Selangor,45306,777,153000,2026-08-07,B5
TX-2026-08-01683,Bandar Anggerik Jaya Hulu,G-37-19,Teres 2 Tingkat,DAERAH HULU LANGAT,Selangor,43476,1406,406500,2026-08-10,B5
TX-2026-08-00278,Pangsapuri Putra Perdana Kuala,A-04-03,Teres 2 Tingkat,Kuala Selangor,Selangor,45672,1920,427000,2026-08-28,B5
TX-2026-08-00817,Desa Tasik Permai Sepang,C-29-03,Berkembar 2 Tingkat,Sepang,Selangor,63023,2888,951500,2026-08-16,B4
TX-2026-08-01925,Pangsapuri Kenanga Sari Kuala,E-03-20,Pangsapuri,Kuala Selangor,Selangor,45795,580,162000,2026-08-02,B3
TX-2026-08-02655,Taman Kenanga Sari Kuala,E-06-13,Teres 2 Tingkat,DAERAH KUALA LUMPUR,W.P. Kuala Lumpur,59455,1527,902500,2026-08-11,B4
TX-2026-08-01543,Desa Seri Melati Kuala,E-31-12,Berkembar 2 Tingkat,Kuala Lumpur,W.P. Kuala Lumpur,54431,2880,1340500,2026-08-12,B1
TX-2026-08-02295,Bandar Mutiara Sentosa Kuala,F-12-01,Teres 1 Tingkat,Kuala Lumpur,W.P. Kuala Lumpur,51941,1381,924500,2026-08-24,B4
TX-2026-08-01089,Taman Warisan Murni Hulu,B-22-23,Berkembar 2 Tingkat,Hulu Selangor,Selangor,44003,2245,480000,2026-08-04,B1
TX-2026-08-01688,Pangsapuri Warisan Murni Kuala,E-21-23,Berkembar 2 Tingkat,Kuala Langat,Selangor,42733,3338,764500,2026-08-10,B6
TX-2026-08-02649,Bandar Anggerik Jaya Hulu,C-11-01,Teres 1 Tingkat,DAERAH HULU LANGAT,Selangor,43235,1165,504000,2026-08-19,B4
TX-2026-08-01911,Taman Warisan Murni Gombak,F-02-08,Teres 1 Tingkat,Gombak,Selangor,68076,1044,542500,2026-08-24,B5
TX-2026-08-01422,Kondominium Putra Perdana Petaling,C-30-19,Banglo,DAERAH PETALING,Selangor,47089,3766,2147000,2026-08-02,B6
TX-2026-08-02572,Kondominium Mutiara Sentosa Gombak,B-26-21,Berkembar 2 Tingkat,Gombak,Selangor,68042,2911,910500,2026-08-01,B4
TX-2026-08-00204,Taman Putra Perdana Hulu,F-27-18,Kondominium,Hulu Selangor,Selangor,44113,1261,372500,2026-08-10,B1
TX-2026-08-01315,Bandar Anggerik Jaya Hulu,F-13-07,Teres 2 Tingkat,Hulu Langat,Selangor,43251,1752,556500,2026-08-07,B4
TX-2026-08-02945,Residensi Damai Indah Sepang,B-36-03,Kondominium,Sepang,Selangor,63171,836,344000,2026-08-09,B6
TX-2026-08-01218,Pangsapuri Suria Bayu Sepang,F-21-17,Teres 2 Tingkat,Sepang,Selangor,71808,1619,589500,2026-08-09,B1
TX-2026-08-00489,Desa Warisan Murni Petaling,G-10-09,Teres 1 Tingkat,Petaling,Selangor,47230,1349,672500,2026-08-30,B3
TX-2026-08-01646,Taman Warisan Murni Gombak,E-16-22,Berkembar 2 Tingkat,Gombak,Selangor,68004,3010,1499500,2026-08-30,B3
TX-2026-08-01091,Bandar Anggerik Jaya Hulu,E-26-23,Kondominium,DAERAH HULU LANGAT,Selangor,43182,1147,374000,2026-08-07,B4
TX-2026-08-00429,Taman Bukit Harmoni Klang,E-38-21,Teres 1 Tingkat,Klang,Selangor,41922,1121,683500,2026-08-16,B2
TX-2026-08-02847,Bandar Mutiara Sentosa Kuala,C-22-01,Banglo,Kuala Lumpur,W.P. Kuala Lumpur,50223,4496,3478500,2026-08-16,B4
TX-2026-08-01038,Kondominium Mutiara Sentosa Gombak,A-25-23,Pangsapuri,Gombak,Selangor,68068,723,264500,2026-08-28,B4
TX-2026-08-01909,Kondominium Mutiara Sentosa Hulu,D-36-09,Teres 2 Tingkat,Hulu Langat,Selangor,43323,1834,873000,2026-08-30,B3
TX-2026-08-00754,Bandar Anggerik Jaya Petaling,F-06-11,Pangsapuri,DAERAH PETALING,Selangor,46001,606,355500,2026-08-21,B1
TX-2026-08-00776,Residensi Mutiara Sentosa Kuala,C-10-20,Banglo,DAERAH KUALA LANGAT,Selangor,42542,3418,930000,2026-08-14,B3
TX-2026-08-01249,Kondominium Impian Setia Gombak,G-36-13,Teres 1 Tingkat,Gombak,Selangor,68055,932,393500,2026-08-20,B6
TX-2026-08-00342,Kondominium Putra Perdana Petaling,C-20-18,Pangsapuri,DAERAH PETALING,Selangor,46726,680,338500,2026-08-12,B2
TX-2026-08-01962,Taman Putra Perdana Hulu,B-24-15,Banglo,DAERAH HULU SELANGOR,Selangor,44050,3626,1390000,2026-08-11,B5
TX-2026-08-02371,Bandar Mutiara Sentosa Kuala,E-25-08,Kondominium,Kuala Lumpur,W.P. Kuala Lumpur,53382,1034,897500,2026-08-21,B6
TX-2026-08-01828,Pangsapuri Seri Melati Kuala,E-18-10,Kondominium,Kuala Selangor,Selangor,45636,1558,429000,19/08/2026,B1
TX-2026-08-01189,Residensi Damai Indah Sepang,E-15-10,Kondominium,Sepang,Selangor,63148,1473,390500,2026-08-07,B1
TX-2026-08-02084,Pangsapuri Suria Bayu Kuala,A-02-02,Banglo,DAERAH KUALA LUMPUR,W.P. Kuala Lumpur,55651,4171,2773500,2026-08-09,B2
TX-2026-08-00120,Bandar Anggerik Jaya Hulu,G-29-12,Pangsapuri,Hulu Langat,Selangor,43275,889,355500,2026-08-07,B1
TX-2026-08-01965,Taman Suria Bayu Kuala,F-03-23,Teres 2 Tingkat,DAERAH KUALA SELANGOR,Selangor,45664,2121,523500,2026-08-10,B3
TX-2026-08-01234,Kondominium Anggerik Jaya Sabak,G-20-03,Berkembar 2 Tingkat,Sabak Bernam,Selangor,45113,3014,714,2026-08-18,B5
TX-2026-08-00365,Residensi Seri Melati Kuala,E-12-06,Teres 2 Tingkat,Kuala Lumpur,W.P. Kuala Lumpur,56243,2075,1429000,2026-08-21,B2
TX-2026-08-02407,Bandar Putra Perdana Hulu,E-10-08,Pangsapuri,Hulu Selangor,Selangor,35903,905,309000,2026-08-01,B1
TX-2026-08-01709,Pangsapuri Tasik Permai Gombak,E-01-18,Pangsapuri,Gombak,Selangor,68064,833,345000,2026-08-19,B2
TX-2026-08-00711,Desa Seri Melati Kuala,E-22-12,Berkembar 2 Tingkat,Kuala Lumpur,W.P. Kuala Lumpur,50174,3187,2175500,2026-08-30,B3
TX-2026-08-00794,Bandar Anggerik Jaya Hulu,D-16-05,Banglo,Hulu Langat,Selangor,43015,2957,1453000,2026-08-13,B1
TX-2026-08-01495,Residensi Seri Melati Kuala,F-09-08,Kondominium,Kuala Lumpur,W.P. Kuala Lumpur,53850,1558,1247500,2026-08-02,B2
TX-2026-08-02144,Pangsapuri Suria Bayu Kuala,D-36-08,Teres 1 Tingkat,Kuala Lumpur,W.P. Kuala Lumpur,57693,1206,860000,2026-08-24,B3
TX-2026-08-02966,Kondominium Impian Setia Petaling,B-35-21,Banglo,Petaling,Selangor,46982,4777,2428500,2026-08-26,B5
TX-2026-08-01540,Desa Kenanga Sari Hulu,A-37-10,Pangsapuri,DAERAH HULU LANGAT,Selangor,43229,814,330500,2026-08-05,B2
TX-2026-08-01735,Taman Bukit Harmoni Sabak,G-31-07,Banglo,Sabak Bernam,Selangor,45212,4269,888500,2026-08-26,B6
TX-2026-08-01737,Desa Kenanga Sari Hulu,C-37-06,Banglo,Hulu Langat,Selangor,43405,3247,1323500,2026-08-23,B6
TX-2026-08-00528,Pangsapuri Kenanga Sari Petaling,D-25-09,Banglo,Petaling,Selangor,47435,3740,1620500,2026-08-28,B1
TX-2026-08-00710,Bandar Anggerik Jaya Hulu,G-16-13,Berkembar 2 Tingkat,Hulu Langat,Selangor,43416,2792,883500,2026-08-25,B3
TX-2026-08-02976,Desa Cempaka Wangi Gombak,B-18-12,Kondominium,Gombak,Selangor,68034,1168,533000,2026-08-04,B1
TX-2026-08-00349,Taman Kenanga Sari Gombak,B-32-05,Kondominium,Gombak,Selangor,68075,943,364500,2026-08-02,B1
TX-2026-08-01917,Taman Anggerik Jaya Kuala,F-14-23,Berkembar 2 Tingkat,DAERAH KUALA LUMPUR,W.P. Kuala Lumpur,56139,2897,1301500,2026-08-03,B3
TX-2026-08-00184,Bandar Anggerik Jaya Hulu,F-34-12,Banglo,Hulu Langat,Selangor,43134,5056,2359000,2026-08-03,B5
TX-2026-08-02080,Kondominium Impian Setia Petaling,A-21-01,Teres 1 Tingkat,Petaling,Selangor,47089,1193,691500,2026-08-02,B6
TX-2026-08-01753,Pangsapuri Kenanga Sari Petaling,C-33-02,Teres 1 Tingkat,DAERAH PETALING,Selangor,46085,1122,610000,2026-08-16,B5
TX-2026-08-02020,Pangsapuri Warisan Murni Kuala,G-35-15,Kondominium,Kuala Langat,Selangor,42669,1394,475000,2026-08-19,B2
TX-2026-08-01388,Desa Anggerik Jaya Kuala,F-03-13,Teres 2 Tingkat,Kuala Langat,Selangor,42570,1492,371500,2026-08-03,B1
TX-2026-08-00709,Pangsapuri Seri Melati Hulu,F-36-13,Pangsapuri,Hulu Langat,Selangor,43270,605,159000,2026-08-04,B6
TX-2026-08-01318,Desa Putra Perdana Klang,B-20-24,Teres 2 Tingkat,Klang,Selangor,42009,2262,682500,2026-08-21,B4
TX-2026-08-01083,Kondominium Mutiara Sentosa Hulu,E-36-10,Pangsapuri,Hulu Langat,Selangor,43267,639,346000,2026-08-07,B5
TX-2026-08-01413,Kondominium Impian Setia Petaling,F-27-17,Berkembar 2 Tingkat,Petaling,Selangor,46235,2695,1440000,2026-08-03,B3
TX-2026-08-00858,Desa Impian Setia Klang,E-26-18,Kondominium,DAERAH KLANG,Selangor,41477,892,251500,2026-08-09,B4
TX-2026-08-02466,Kondominium Kenanga Sari Hulu,F-35-01,Teres 2 Tingkat,DAERAH HULU LANGAT,Selangor,43170,2282,940000,2026-08-30,B6
TX-2026-08-01403,Desa Seri Melati Kuala,A-08-04,Teres 1 Tingkat,Kuala Lumpur,W.P. Kuala Lumpur,53612,1235,532000,2026-08-11,B4
TX-2026-08-01065,Bandar Damai Indah Hulu,D-19-04,Teres 2 Tingkat,Hulu Langat,Selangor,43299,1720,1002500,2026-08-03,B6
TX-2026-08-02343,Pangsapuri Seri Melati Hulu,C-26-19,Teres 2 Tingkat,Hulu Langat,Selangor,43415,2354,927500,2026-08-02,B2
TX-2026-08-00280,Bandar Anggerik Jaya Hulu,C-05-07,Pangsapuri,Hulu Langat,Selangor,43215,706,349500,2026-08-27,B2
TX-2026-08-02494,Desa Kenanga Sari Hulu,B-18-08,Kondominium,DAERAH HULU LANGAT,Selangor,43205,845,497000,2026-08-15,B3
TX-2026-08-01863,Taman Anggerik Jaya Kuala,B-01-06,Teres 2 Tingkat,Kuala Lumpur,W.P. Kuala Lumpur,52145,2171,1419000,2026-08-06,B4
TX-2026-08-00482,Residensi Putra Perdana Hulu,B-20-23,Banglo,Hulu Selangor,Selangor,35903,5124,1589000,2026-08-23,B6
TX-2026-08-01868,Desa Seri Melati Kuala,D-19-23,Banglo,Kuala Lumpur,W.P. Kuala Lumpur,50176,3016,1310000,2026-08-28,B3
TX-2026-08-02200,Bandar Anggerik Jaya Hulu,A-22-23,Berkembar 2 Tingkat,Hulu Langat,Selangor,43186,2264,816000,2026-08-13,B2
TX-2026-08-02438,Residensi Putra Perdana Hulu,G-16-19,Pangsapuri,Hulu Selangor,Selangor,35907,800,250500,2026-08-30,B4
TX-2026-08-00946,Pangsapuri Putra Perdana Hulu,E-19-14,Teres 1 Tingkat,Hulu Selangor,Selangor,35906,1143,294000,2026-08-01,B2
TX-2026-08-00925,Taman Seri Melati Hulu,E-31-08,Kondominium,DAERAH HULU LANGAT,Selangor,43366,1569,657000,2026-08-07,B6
TX-2026-08-01913,Desa Cempaka Wangi Gombak,E-06-07,Teres 2 Tingkat,DAERAH GOMBAK,Selangor,68010,2220,899500,2026-08-27,B2
TX-2026-08-01330,Desa Mutiara Sentosa Sabak,A-36-04,Berkembar 2 Tingkat,Sabak Bernam,Selangor,45142,2746,480500,2026-08-01,B1
TX-2026-08-00811,Taman Suria Bayu Kuala,D-07-24,Berkembar 2 Tingkat,Kuala Selangor,Selangor,45734,3168,625500,2026-08-19,B3
TX-2026-08-00595,Residensi Kenanga Sari Sepang,D-17-03,Teres 1 Tingkat,Sepang,Selangor,63234,978,338500,2026-08-01,B4
TX-2026-08-01398,Residensi Seri Melati Kuala,D-11-09,Teres 2 Tingkat,Kuala Lumpur,W.P. Kuala Lumpur,51179,1525,1132000,2026-08-22,B3
TX-2026-08-01275,Kondominium Mutiara Sentosa Gombak,A-12-11,Banglo,Gombak,Selangor,68010,4121,1624500,2026-08-05,B2
TX-2026-08-02296,Pangsapuri Seri Melati Hulu,D-20-12,Teres 2 Tingkat,Hulu Langat,Selangor,43025,1456,428000,2026-08-11,B3
TX-2026-08-00690,Desa Warisan Murni Petaling,D-28-16,Teres 2 Tingkat,Petaling,Selangor,47478,1724,1008000,2026-08-11,B3
TX-2026-08-01951,Kondominium Damai Indah Petaling,C-29-10,Berkembar 2 Tingkat,Petaling,Selangor,47679,3367,1407500,2026-08-08,B3
TX-2026-08-00757,Desa Bukit Harmoni Petaling,F-08-19,Berkembar 2 Tingkat,DAERAH PETALING,Selangor,47187,2809,1955000,2026-08-05,B6
TX-2026-08-01256,Desa Seri Melati Kuala,G-35-04,Teres 2 Tingkat,Kuala Lumpur,W.P. Kuala Lumpur,57369,2075,922500,2026-08-13,B5
TX-2026-08-00878,Pangsapuri Suria Bayu Kuala,A-12-20,Pangsapuri,Kuala Lumpur,W.P. Kuala Lumpur,53745,930,763500,2026-08-09,B1
TX-2026-08-00169,Bandar Mutiara Sentosa Kuala,A-14-21,Kondominium,DAERAH KUALA LUMPUR,W.P. Kuala Lumpur,53195,1046,537000,2026-08-26,B6
TX-2026-08-01970,Pangsapuri Seri Melati Hulu,D-19-16,Kondominium,Hulu Langat,Selangor,43259,1156,393000,2026-08-26,B2
TX-2026-08-01147,Bandar Anggerik Jaya Petaling,C-16-21,Teres 1 Tingkat,Petaling,Selangor,46046,1276,787000,2026-08-04,B4
TX-2026-08-02870,Kondominium Damai Indah Petaling,G-21-24,Kondominium,Petaling,Selangor,46523,1335,682500,2026-08-10,B5
TX-2026-08-01177,Desa Warisan Murni Petaling,F-19-01,Teres 1 Tingkat,Petaling,Selangor,47252,1374,661500,2026-08-08,B2
TX-2026-08-02836,Bandar Suria Bayu Kuala,C-04-01,Teres 1 Tingkat,DAERAH KUALA LANGAT,Selangor,42789,1004,383500,2026-08-16,B3
TX-2026-08-01515,Bandar Anggerik Jaya Hulu,A-37-09,Banglo,Hulu Langat,Selangor,43432,4798,2599500,2026-08-19,B3
TX-2026-08-02068,Kondominium Seri Melati Sabak,D-19-15,Teres 1 Tingkat,Sabak Bernam,Selangor,45391,1088,223000,2026-08-09,B6
TX-2026-08-00737,Kondominium Kenanga Sari Hulu,D-16-04,Berkembar 2 Tingkat,Hulu Langat,Selangor,43095,2968,1133500,2026-08-30,B4
TX-2026-08-01314,Pangsapuri Kenanga Sari Petaling,F-27-22,Berkembar 2 Tingkat,Petaling,Selangor,46960,3388,2234000,2026-08-31,B6
TX-2026-08-00026,Kondominium Cempaka Wangi Sepang,F-27-03,Kondominium,Sepang,Selangor,63198,931,363000,2026-08-15,B2
TX-2026-08-00748,Pangsapuri Mutiara Sentosa Kuala,C-08-13,Teres 1 Tingkat,Kuala Selangor,Selangor,45607,919,209500,2026-08-03,B4
TX-2026-08-02231,Desa Cempaka Wangi Gombak,D-34-23,Teres 1 Tingkat,DAERAH GOMBAK,Selangor,68051,1053,537500,2026-08-31,B3
TX-2026-08-00213,Taman Warisan Murni Hulu,E-33-23,Teres 1 Tingkat,Hulu Selangor,Selangor,44083,1364,332500,2026-08-02,B5
TX-2026-08-01700,Pangsapuri Kenanga Sari Kuala,D-37-19,Banglo,Kuala Selangor,Selangor,45732,4462,1260500,2026-08-24,B5
TX-2026-08-02480,Desa Kenanga Sari Hulu,C-23-12,Teres 2 Tingkat,Hulu Langat,Selangor,43243,2178,688000,2026-08-24,B5
TX-2026-08-02575,Desa Impian Setia Klang,E-34-07,Pangsapuri,Klang,Selangor,41787,584,224000,2026-08-31,B4
TX-2026-08-00409,Kondominium Cempaka Wangi Sepang,D-37-15,Berkembar 2 Tingkat,Sepang,Selangor,63277,2486,1047500,2026-08-21,B5
TX-2026-08-00956,Desa Cempaka Wangi Gombak,D-02-05,Banglo,Gombak,Selangor,68000,3657,1455000,2026-08-07,B6
TX-2026-08-02313,Kondominium Damai Indah Petaling,A-14-17,Kondominium,Petaling,Selangor,47437,1192,695500,2026-08-24,B4
TX-2026-08-02736,Desa Warisan Murni Petaling,A-15-06,Banglo,Petaling,Selangor,46849,4310,2295000,2026-08-09,B4
TX-2026-08-02446,Desa Bukit Harmoni Petaling,A-08-15,Teres 1 Tingkat,DAERAH PETALING,Selangor,46768,1261,806500,2026-08-15,B1
TX-2026-08-02178,Taman Bukit Harmoni Klang,D-08-17,Banglo,Klang,Selangor,41173,4787,1376500,2026-08-30,B2
TX-2026-08-00544,Bandar Mutiara Sentosa Kuala,G-30-08,Kondominium,DAERAH KUALA LUMPUR,W.P. Kuala Lumpur,53565,1588,682500,2026-08-15,B2
TX-2026-08-02392,Kondominium Cempaka Wangi Sepang,A-30-21,Berkembar 2 Tingkat,Sepang,Selangor,63117,3029,1088500,2026-08-15,B6
TX-2026-08-00546,Taman Damai Indah Sabak,D-22-22,Kondominium,Sabak Bernam,Selangor,45166,1129,239000,2026-08-10,B1
TX-2026-08-01769,Kondominium Putra Perdana Petaling,A-11-23,Teres 1 Tingkat,Petaling,Selangor,46652,1073,517000,2026-08-28,B5
TX-2026-08-01299,Desa Bukit Harmoni Petaling,G-17-04,Kondominium,Petaling,Selangor,47682,1507,1073000,2026-08-18,B2
TX-2026-08-00926,Residensi Kenanga Sari Sepang,D-14-07,Kondominium,Sepang,Selangor,63122,1592,599000,2026-08-12,B5
TX-2026-08-02782,Taman Seri Melati Hulu,B-25-20,Teres 1 Tingkat,Hulu Langat,Selangor,43238,913,428500,2026-08-31,B2
TX-2026-08-01017,Desa Cempaka Wangi Gombak,G-24-22,Kondominium,Gombak,Selangor,68013,1326,704500,2026-08-15,B3
TX-2026-08-02986,Kondominium Impian Setia Petaling,A-32-20,Kondominium,Petaling,Selangor,47547,866,482000,2026-08-01,B1
TX-2026-08-00377,Kondominium Mutiara Sentosa Gombak,C-07-17,Teres 1 Tingkat,Gombak,Selangor,68060,1078,368000,2026-08-18,B1
TX-2026-08-01420,Taman Tasik Permai Klang,C-19-09,Berkembar 2 Tingkat,Klang,Selangor,41512,2559,1154000,2026-08-15,B1
TX-2026-08-02160,Taman Seri Melati Hulu,D-24-07,Teres 1 Tingkat,Hulu Langat,Selangor,43461,926,350000,29/08/2026,B5
TX-2026-08-02206,Pangsapuri Suria Bayu Kuala,E-29-02,Pangsapuri,Kuala Lumpur,W.P. Kuala Lumpur,54578,637,492500,2026-08-23,B4
TX-2026-08-01292,Kondominium Mutiara Sentosa Hulu,G-18-23,Teres 1 Tingkat,Hulu Langat,Selangor,43440,1389,558500,2026-08-25,B3
TX-2026-08-00260,Kondominium Damai Indah Petaling,B-04-16,Teres 2 Tingkat,Petaling,Selangor,46448,2033,783500,2026-08-21,B4
TX-2026-08-02468,Desa Impian Setia Klang,D-13-12,Banglo,Klang,Selangor,41994,2807,838000,2026-08-07,B1
TX-2026-08-01007,Taman Tasik Permai Klang,G-02-19,Pangsapuri,Klang,Selangor,41885,754,239000,2026-08-30,B4
TX-2026-08-02524,Residensi Seri Melati Kuala,A-18-20,Kondominium,DAERAH KUALA LUMPUR,W.P. Kuala Lumpur,56898,1249,899500,2026-08-01,B1
TX-2026-08-00356,Bandar Tasik Permai Kuala,B-33-01,Banglo,Kuala Selangor,Selangor,45782,2926,512500,2026-08-18,B5
TX-2026-08-02179,Bandar Tasik Permai Kuala,E-18-20,Banglo,Kuala Selangor,Selangor,45622,3555,928500,2026-08-12,B6
TX-2026-08-00141,Desa Warisan Murni Petaling,E-12-04,Pangsapuri,Petaling,Selangor,47133,563,293000,2026-08-07,B5
TX-2026-08-01997,Desa Seri Melati Kuala,C-34-20,Banglo,Kuala Lumpur,W.P. Kuala Lumpur,57405,3544,2275000,2026-08-12,B2
TX-2026-08-01473,Kondominium Kenanga Sari Hulu,D-06-23,Teres 2 Tingkat,DAERAH HULU LANGAT,Selangor,43290,2157,1087000,2026-08-02,B3
TX-2026-08-00197,Taman Kenanga Sari Kuala,G-30-01,Kondominium,Kuala Lumpur,W.P. Kuala Lumpur,59116,1251,1133500,2026-08-31,B5
TX-2026-08-02224,Kondominium Mutiara Sentosa Hulu,E-04-03,Teres 2 Tingkat,Hulu Langat,Selangor,43141,1995,1159000,2026-08-18,B4
TX-2026-08-00038,Desa Kenanga Sari Hulu,F-23-04,Kondominium,Hulu Langat,Selangor,43476,956,382500,2026-08-16,B6
TX-2026-08-01653,Desa Warisan Murni Petaling,F-24-06,Teres 1 Tingkat,Petaling,Selangor,47718,1400,617500,2026-08-17,B1
TX-2026-08-00804,Bandar Tasik Permai Kuala,B-11-20,Teres 2 Tingkat,Kuala Selangor,Selangor,45754,1676,436500,2026-08-30,B4
TX-2026-08-02294,Taman Kenanga Sari Gombak,E-01-24,Teres 2 Tingkat,Gombak,Selangor,68014,1669,619000,2026-08-17,B3
TX-2026-08-01625,Taman Warisan Murni Hulu,F-35-17,Banglo,DAERAH HULU SELANGOR,Selangor,44007,3885,997500,2026-08-11,B3
TX-2026-08-02009,Bandar Anggerik Jaya Hulu,F-33-15,Kondominium,Hulu Langat,Selangor,43459,1548,577000,2026-08-08,B1
TX-2026-08-01489,Desa Warisan Murni Petaling,C-13-16,Teres 2 Tingkat,Petaling,Selangor,46576,2072,1417000,2026-08-29,B2
TX-2026-08-02585,Bandar Suria Bayu Kuala,C-07-02,Berkembar 2 Tingkat,Kuala Langat,Selangor,42726,3285,1102500,2026-08-09,B6
TX-2026-08-01764,Desa Kenanga Sari Hulu,A-36-15,Teres 1 Tingkat,Hulu Langat,Selangor,43056,902,280000,2026-08-09,B3
TX-2026-08-01749,Residensi Kenanga Sari Sepang,F-23-08,Berkembar 2 Tingkat,Sepang,Selangor,63189,2384,579000,2026-08-03,B4
TX-2026-08-00743,Kondominium Anggerik Jaya Sabak,A-15-03,Banglo,Sabak Bernam,Selangor,45319,4279,1199500,2026-08-29,B5
TX-2026-08-02085,Kondominium Cempaka Wangi Sepang,C-21-19,Berkembar 2 Tingkat,Sepang,Selangor,63262,2247,805000,2026-08-02,B1
TX-2026-08-02196,Kondominium Damai Indah Petaling,A-21-21,Teres 2 Tingkat,Petaling,Selangor,46764,1674,1256500,2026-08-30,B1
TX-2026-08-00004,Residensi Kenanga Sari Sepang,A-26-12,Kondominium,Sepang,Selangor,63052,1108,432000,2026-08-25,B2
TX-2026-08-01811,Pangsapuri Seri Melati Hulu,A-17-13,Banglo,DAERAH HULU LANGAT,Selangor,43173,3539,1209500,2026-08-08,B4
TX-2026-08-02802,Bandar Mutiara Sentosa Kuala,D-13-11,Teres 1 Tingkat,DAERAH KUALA LUMPUR,W.P. Kuala Lumpur,54238,1388,939000,2026-08-18,B5
TX-2026-08-02733,Taman Bukit Harmoni Gombak,F-15-01,Kondominium,Gombak,Selangor,68012,1521,866000,2026-08-09,B1
TX-2026-08-02856,Desa Putra Perdana Klang,G-30-08,Kondominium,Klang,Selangor,42229,844,354500,2026-08-06,B3
TX-2026-08-02650,Taman Anggerik Jaya Kuala,F-07-05,Teres 1 Tingkat,Kuala Lumpur,W.P. Kuala Lumpur,52992,1332,731000,2026-08-05,B2
TX-2026-08-00767,Pangsapuri Suria Bayu Sepang,E-32-21,Berkembar 2 Tingkat,Sepang,Selangor,63195,3067,1166000,2026-08-02,B1
TX-2026-08-01812,Taman Kenanga Sari Klang,F-31-18,Berkembar 2 Tingkat,Klang,Selangor,41099,2854,823000,2026-08-05,B2
TX-2026-08-01367,Bandar Anggerik Jaya Hulu,C-13-15,Kondominium,Hulu Langat,Selangor,43374,937,390500,2026-08-01,B3
TX-2026-08-00762,Kondominium Mutiara Sentosa Hulu,B-24-05,Kondominium,Hulu Langat,Selangor,43121,1168,437500,2026-08-13,B3
TX-2026-08-02934,Pangsapuri Tasik Permai Gombak,B-19-03,Banglo,DAERAH GOMBAK,Selangor,68041,4406,2351500,2026-08-24,B1
TX-2026-08-01824,Desa Bukit Harmoni Petaling,E-01-08,Berkembar 2 Tingkat,Petaling,Selangor,47737,2225,790000,2026-08-07,B5
TX-2026-08-00701,Kondominium Impian Setia Gombak,D-35-22,Kondominium,Gombak,Selangor,68046,1340,824000,2026-08-06,B1
TX-2026-08-00836,Kondominium Mutiara Sentosa Hulu,D-10-19,Berkembar 2 Tingkat,DAERAH HULU LANGAT,Selangor,43297,2683,886000,2026-08-07,B4
TX-2026-08-01231,Pangsapuri Suria Bayu Kuala,G-26-16,Teres 1 Tingkat,Kuala Lumpur,W.P. Kuala Lumpur,58662,956,695000,2026-08-13,B2
TX-2026-08-01638,Taman Bukit Harmoni Gombak,A-30-02,Teres 2 Tingkat,Gombak,Selangor,68060,1685,565500,2026-08-03,B2
TX-2026-08-01351,Residensi Seri Melati Kuala,F-19-09,Banglo,DAERAH KUALA LUMPUR,W.P. Kuala Lumpur,51424,3940,1782000,2026-08-15,B2
TX-2026-08-00842,Desa Anggerik Jaya Kuala,C-15-17,Pangsapuri,Kuala Langat,Selangor,42727,864,213000,2026-08-02,B2
TX-2026-08-02016,Residensi Seri Melati Kuala,C-02-20,Teres 1 Tingkat,Kuala Lumpur,W.P. Kuala Lumpur,57503,1352,512000,2026-08-24,B2
TX-2026-08-02570,Taman Kenanga Sari Kuala,G-21-20,Teres 1 Tingkat,Kuala Lumpur,W.P. Kuala Lumpur,50134,1290,586000,2026-08-26,B5
TX-2026-08-02455,Bandar Kenanga Sari Kuala,B-30-05,Banglo,Kuala Lumpur,W.P. Kuala Lumpur,55174,4560,2751000,2026-08-08,B4
TX-2026-08-00101,Kondominium Kenanga Sari Sepang,F-19-23,Pangsapuri,Sepang,Selangor,63197,874,341000,2026-08-22,B1
TX-2026-08-00040,Pangsapuri Kenanga Sari Petaling,F-22-03,Pangsapuri,Petaling,Selangor,46629,669,348000,2026-08-15,B2
TX-2026-08-02125,Pangsapuri Suria Bayu Kuala,B-34-04,Banglo,DAERAH KUALA LUMPUR,W.P. Kuala Lumpur,52334,4631,3636000,2026-08-03,B1
TX-2026-08-02230,Pangsapuri Warisan Murni Kuala,F-15-23,Berkembar 2 Tingkat,Kuala Langat,Selangor,42670,2756,935000,2026-08-10,B3
TX-2026-08-00446,Desa Warisan Murni Petaling,E-06-05,Banglo,Petaling,Selangor,46078,2854,1878500,2026-08-12,B5
TX-2026-08-00811,Taman Suria Bayu Kuala,D-07-24,Berkembar 2 Tingkat,Kuala Selangor,Selangor,45734,3168,625500,2026-08-19,B3
TX-2026-08-01529,Bandar Anggerik Jaya Hulu,F-02-16,Berkembar 2 Tingkat,Hulu Langat,Selangor,43149,2884,1084000,2026-08-16,B1
TX-2026-08-02108,Desa Bukit Harmoni Petaling,B-03-09,Kondominium,Petaling,Selangor,47388,872,316500,2026-08-13,B2
TX-2026-08-00713,Desa Warisan Murni Petaling,B-16-15,Pangsapuri,Petaling,Selangor,46053,607,423000,2026-08-15,B3
TX-2026-08-01496,Bandar Suria Bayu Kuala,D-19-24,Berkembar 2 Tingkat,Kuala Langat,Selangor,42631,2407,720000,2026-08-07,B6
TX-2026-08-02848,Kondominium Impian Setia Petaling,F-04-23,Teres 2 Tingkat,Petaling,Selangor,47711,1549,693500,2026-08-08,B1
TX-2026-08-00090,Kondominium Damai Indah Petaling,F-14-06,Pangsapuri,Petaling,Selangor,46112,923,480000,2026-08-31,B4
TX-2026-08-02598,Bandar Mutiara Sentosa Kuala,D-05-19,Teres 2 Tingkat,Kuala Lumpur,W.P. Kuala Lumpur,59553,1921,1635500,2026-08-01,B5
TX-2026-08-01807,Kondominium Putra Perdana Petaling,G-26-07,Berkembar 2 Tingkat,Petaling,Selangor,47093,2460,929500,2026-08-11,B2
TX-2026-08-01343,Desa Kenanga Sari Hulu,E-27-12,Berkembar 2 Tingkat,Hulu Langat,Selangor,43360,3104,943000,2026-08-10,B3
TX-2026-08-00763,Kondominium Putra Perdana Petaling,D-38-23,Teres 1 Tingkat,Petaling,Selangor,46422,1070,616000,2026-08-08,B6
TX-2026-08-00704,Kondominium Mutiara Sentosa Hulu,B-23-20,Teres 2 Tingkat,DAERAH HULU LANGAT,Selangor,43144,1953,832500,2026-08-30,B5
TX-2026-08-02059,Taman Kenanga Sari Kuala,C-15-14,Pangsapuri,DAERAH KUALA LUMPUR,W.P. Kuala Lumpur,51156,820,459500,2026-08-22,B3
TX-2026-08-01660,Kondominium Kenanga Sari Hulu,D-04-15,Teres 1 Tingkat,Hulu Langat,Selangor,43032,1198,583000,2026-08-14,B4
TX-2026-08-00457,Taman Suria Bayu Kuala,C-18-12,Banglo,Kuala Selangor,Selangor,45731,3987,1027000,2026-08-29,B2
TX-2026-08-02381,Kondominium Kenanga Sari Sepang,E-13-06,Berkembar 2 Tingkat,DAERAH SEPANG,Selangor,63148,2673,1360000,2026-08-03,B2
TX-2026-08-01036,Kondominium Impian Setia Petaling,B-02-07,Pangsapuri,Petaling,Selangor,46605,931,533500,2026-08-17,B5
TX-2026-08-02251,Kondominium Damai Indah Petaling,C-15-09,Berkembar 2 Tingkat,Petaling,Selangor,46399,3321,1910000,2026-08-23,B3
TX-2026-08-00127,Pangsapuri Suria Bayu Sepang,B-08-01,Kondominium,Sepang,Selangor,63030,1403,547000,2026-08-11,B2
TX-2026-08-01136,Kondominium Impian Setia Petaling,A-19-16,Pangsapuri,Petaling,Selangor,46387,921,502000,2026-08-21,B4
TX-2026-08-02790,Taman Kenanga Sari Kuala,A-14-14,Teres 2 Tingkat,Kuala Lumpur,W.P. Kuala Lumpur,58728,1681,1170500,2026-08-23,B4
TX-2026-08-00237,Kondominium Mutiara Sentosa Hulu,C-18-03,Banglo,Hulu Langat,Selangor,43207,4704,2504500,2026-08-11,B3
TX-2026-08-02537,Desa Impian Setia Klang,G-22-22,Pangsapuri,Klang,Selangor,41700,574,141000,2026-08-06,B6
TX-2026-08-00566,Taman Bukit Harmoni Klang,F-14-24,Teres 1 Tingkat,Klang,Selangor,42070,1300,387500,2026-08-20,B4
TX-2026-08-00826,Taman Kenanga Sari Klang,G-01-15,Banglo,Klang,Selangor,41518,4845,2498500,2026-08-31,B3
TX-2026-08-02721,Kondominium Kenanga Sari Sepang,E-09-01,Kondominium,Sepang,Selangor,63116,1292,400000,2026-08-06,B1
TX-2026-08-01714,Bandar Kenanga Sari Kuala,G-17-20,Berkembar 2 Tingkat,Kuala Lumpur,W.P. Kuala Lumpur,50347,2494,1401500,2026-08-20,B1
TX-2026-08-01528,Kondominium Putra Perdana Petaling,G-09-01,Pangsapuri,Petaling,Selangor,46087,713,412000,2026-08-01,B5
TX-2026-08-01368,Kondominium Putra Perdana Petaling,A-01-18,Pangsapuri,Petaling,Selangor,47219,784,341000,2026-08-19,B5
TX-2026-08-00603,Bandar Mutiara Sentosa Kuala,E-36-12,Teres 2 Tingkat,Kuala Lumpur,W.P. Kuala Lumpur,55874,1562,990000,2026-08-28,B3
TX-2026-08-02819,Bandar Anggerik Jaya Petaling,E-04-06,Berkembar 2 Tingkat,Petaling,Selangor,47681,3361,1585500,2026-08-17,B5
TX-2026-08-00199,Taman Warisan Murni Gombak,B-09-19,Kondominium,Gombak,Selangor,68031,842,333500,2026-08-29,B6
TX-2026-08-01932,Pangsapuri Kenanga Sari Petaling,B-36-04,Banglo,DAERAH PETALING,Selangor,47403,2939,1472000,2026-08-29,B6
TX-2026-08-01338,Kondominium Mutiara Sentosa Hulu,A-37-13,Banglo,DAERAH HULU LANGAT,Selangor,43353,3007,1193000,2026-08-26,B5
TX-2026-08-01352,Desa Mutiara Sentosa Klang,G-20-10,Pangsapuri,DAERAH KLANG,Selangor,42095,571,206500,2026-08-04,B2
TX-2026-08-01331,Taman Damai Indah Sabak,G-34-03,Berkembar 2 Tingkat,Sabak Bernam,Selangor,45394,2659,595,2026-08-04,B2
TX-2026-08-00782,Pangsapuri Kenanga Sari Petaling,G-05-10,Pangsapuri,Petaling,Selangor,47033,858,563500,2026-08-13,B4
TX-2026-08-00138,Kondominium Kenanga Sari Sepang,E-07-03,Pangsapuri,Sepang,Selangor,63270,825,322000,2026-08-12,B2
TX-2026-08-02103,Desa Anggerik Jaya Kuala,G-17-20,Teres 1 Tingkat,DAERAH KUALA LANGAT,Selangor,42574,1254,440000,2026-08-27,B3
TX-2026-08-00007,Kondominium Putra Perdana Petaling,E-23-15,Pangsapuri,Petaling,Selangor,47033,808,420000,2026-08-20,B5
TX-2026-08-01408,Desa Anggerik Jaya Sepang,C-30-11,Kondominium,Sepang,Selangor,63256,1462,605500,2026-08-25,B5
TX-2026-08-00795,Kondominium Damai Indah Petaling,A-34-20,Teres 1 Tingkat,DAERAH PETALING,Selangor,46291,1355,591500,2026-08-18,B4
TX-2026-08-01985,Desa Anggerik Jaya Sepang,C-24-08,Banglo,Sepang,Selangor,63295,3500,1121000,2026-08-23,B4
TX-2026-08-00900,Bandar Anggerik Jaya Hulu,F-29-03,Berkembar 2 Tingkat,DAERAH HULU LANGAT,Selangor,43362,2945,1504500,2026-08-27,B3
TX-2026-08-01611,Desa Bukit Harmoni Petaling,A-09-22,Banglo,Petaling,Selangor,47805,2872,1385000,2026-08-28,B4
TX-2026-08-02243,Taman Kenanga Sari Kuala,F-17-19,Kondominium,DAERAH KUALA LANGAT,Selangor,42646,1040,309500,2026-08-15,B3
TX-2026-08-02170,Pangsapuri Suria Bayu Kuala,A-25-20,Banglo,Kuala Lumpur,W.P. Kuala Lumpur,51624,4091,1665500,2026-08-01,B3
TX-2026-08-02236,Pangsapuri Kenanga Sari Kuala,B-33-13,Banglo,Kuala Selangor,Selangor,45728,4835,1701500,2026-08-15,B5
TX-2026-08-02645,Pangsapuri Cempaka Wangi Klang,C-33-03,Teres 2 Tingkat,Klang,Selangor,41066,1923,1081000,2026-08-20,B2
TX-2026-08-01374,Residensi Warisan Murni Kuala,D-16-11,Kondominium,Kuala Langat,Selangor,42768,1043,314500,2026-08-11,B1
TX-2026-08-01223,Taman Suria Bayu Kuala,B-09-10,Pangsapuri,DAERAH KUALA SELANGOR,Selangor,45602,763,144500,2026-08-03,B5
TX-2026-08-00742,Taman Kenanga Sari Kuala,B-19-15,Berkembar 2 Tingkat,Kuala Lumpur,W.P. Kuala Lumpur,58409,2207,1270500,02/08/2026,B4
TX-2026-08-00906,Desa Kenanga Sari Hulu,C-07-08,Kondominium,Hulu Langat,Selangor,43206,1279,490500,2026-08-19,B2
TX-2026-08-01591,Pangsapuri Seri Melati Kuala,C-06-11,Banglo,Kuala Selangor,Selangor,45769,4913,1218000,15/08/2026,B4
TX-2026-08-01939,Desa Mutiara Sentosa Klang,G-12-12,Pangsapuri,Klang,Selangor,41954,940,534500,2026-08-01,B2
TX-2026-08-00387,Bandar Anggerik Jaya Petaling,G-20-04,Banglo,Petaling,Selangor,46519,3619,2243500,2026-08-16,B6
TX-2026-08-02936,Desa Seri Melati Kuala,B-35-20,Teres 1 Tingkat,Kuala Lumpur,W.P. Kuala Lumpur,52403,1088,822500,2026-08-04,B3
TX-2026-08-01197,Pangsapuri Seri Melati Kuala,D-06-04,Teres 2 Tingkat,Kuala Selangor,Selangor,45752,1914,674500,2026-08-17,B3
TX-2026-08-01680,Desa Bukit Harmoni Petaling,E-33-13,Teres 2 Tingkat,Petaling,Selangor,46452,1493,945500,2026-08-23,B4
TX-2026-08-00158,Taman Kenanga Sari Gombak,B-26-09,Banglo,DAERAH GOMBAK,Selangor,68068,3811,1402000,2026-08-28,B6
TX-2026-08-02090,Residensi Seri Melati Kuala,D-37-06,Teres 1 Tingkat,Kuala Lumpur,W.P. Kuala Lumpur,59470,1206,825000,2026-08-06,B6
TX-2026-08-02421,Kondominium Kenanga Sari Sepang,G-01-18,Kondominium,Sepang,Selangor,71805,1496,543500,2026-08-30,B6
TX-2026-08-00388,Taman Seri Melati Hulu,B-26-20,Berkembar 2 Tingkat,Hulu Langat,Selangor,43356,3275,1603500,2026-08-01,B1
TX-2026-08-02903,Kondominium Mutiara Sentosa Hulu,E-26-22,Banglo,Hulu Langat,Selangor,43042,4535,2754000,2026-08-22,B6
TX-2026-08-00433,Taman Seri Melati Hulu,G-37-11,Teres 2 Tingkat,Hulu Langat,Selangor,43434,2160,757500,2026-08-17,B6
TX-2026-08-00273,Taman Bukit Harmoni Gombak,C-08-12,Pangsapuri,Gombak,Selangor,68006,919,280500,2026-08-24,B5
TX-2026-08-00385,Kondominium Damai Indah Petaling,C-14-18,Teres 2 Tingkat,Petaling,Selangor,47020,1802,1025500,2026-08-22,B5
TX-2026-08-00570,Kondominium Putra Perdana Petaling,E-01-13,Banglo,Petaling,Selangor,46223,4853,2316500,2026-08-12,B2
TX-2026-08-01892,Bandar Mutiara Sentosa Kuala,E-06-14,Kondominium,DAERAH KUALA LUMPUR,W.P. Kuala Lumpur,57603,1395,832500,2026-08-02,B3
TX-2026-08-02112,Kondominium Impian Setia Gombak,D-08-01,Teres 2 Tingkat,Gombak,Selangor,68091,1498,777500,2026-08-28,B4
TX-2026-08-02567,Taman Kenanga Sari Kuala,C-22-18,Banglo,Kuala Lumpur,W.P. Kuala Lumpur,58512,3137,1606500,2026-08-07,B3
TX-2026-08-01497,Kondominium Putra Perdana Petaling,E-27-17,Teres 1 Tingkat,Petaling,Selangor,46977,1105,606500,2026-08-28,B3
TX-2026-08-01509,Bandar Damai Indah Hulu,A-25-11,Banglo,Hulu Langat,Selangor,43141,3409,1254500,2026-08-24,B4
TX-2026-08-02098,Taman Kenanga Sari Klang,F-11-03,Berkembar 2 Tingkat,Klang,Selangor,42189,2574,1029500,2026-08-01,B2
TX-2026-08-01328,Bandar Anggerik Jaya Petaling,D-33-03,Berkembar 2 Tingkat,Petaling,Selangor,46614,2315,999500,2026-08-21,B6
TX-2026-08-02460,Kondominium Impian Setia Petaling,A-20-12,Kondominium,Petaling,Selangor,47076,1208,665000,2026-08-06,B5
TX-2026-08-02256,Bandar Damai Indah Hulu,F-36-14,Kondominium,Hulu Langat,Selangor,43470,1189,348500,2026-08-28,B2
TX-2026-08-01175,Desa Kenanga Sari Hulu,E-35-11,Banglo,Hulu Langat,Selangor,43338,4679,2007000,2026-08-18,B4
TX-2026-08-00320,Bandar Damai Indah Hulu,A-34-21,Kondominium,Hulu Langat,Selangor,43488,788,388000,2026-08-18,B3
TX-2026-08-02302,Pangsapuri Seri Melati Kuala,B-21-16,Teres 1 Tingkat,Kuala Selangor,Selangor,45784,1139,418000,15/08/2026,B1
TX-2026-08-00898,Pangsapuri Mutiara Sentosa Kuala,F-02-10,Kondominium,Kuala Selangor,Selangor,45787,1071,258000,2026-08-24,B6
TX-2026-08-01798,Taman Anggerik Jaya Kuala,A-12-24,Teres 2 Tingkat,Kuala Lumpur,W.P. Kuala Lumpur,58869,1595,1501500,2026-08-21,B4
TX-2026-08-02257,Bandar Anggerik Jaya Petaling,G-20-18,Kondominium,Petaling,Selangor,46368,803,405000,2026-08-04,B2
TX-2026-08-01273,Desa Mutiara Sentosa Klang,A-21-15,Berkembar 2 Tingkat,Klang,Selangor,41390,3155,1289000,2026-08-08,B5
TX-2026-08-00878,Pangsapuri Suria Bayu Kuala,A-12-20,Pangsapuri,Kuala Lumpur,W.P. Kuala Lumpur,53745,930,763500,2026-08-09,B1
TX-2026-08-00865,Bandar Damai Indah Hulu,B-04-03,Pangsapuri,Hulu Langat,Selangor,43467,695,328500,2026-08-21,B6
TX-2026-08-01801,Bandar Suria Bayu Kuala,C-32-20,Banglo,Kuala Langat,Selangor,42590,3547,1193500,2026-08-28,B6
TX-2026-08-01953,Pangsapuri Suria Bayu Kuala,D-22-07,Teres 2 Tingkat,Kuala Lumpur,W.P. Kuala Lumpur,55018,2337,1460500,2026-08-11,B2
TX-2026-08-01893,Kondominium Mutiara Sentosa Gombak,F-11-20,Pangsapuri,Gombak,Selangor,68082,707,190000,2026-08-07,B6
TX-2026-08-00179,Taman Putra Perdana Hulu,D-03-08,Kondominium,Hulu Selangor,Selangor,44276,928,228000,2026-08-10,B5
TX-2026-08-00805,Taman Tasik Permai Klang,D-35-09,Pangsapuri,Klang,Selangor,41318,749,304500,2026-08-17,B2
TX-2026-08-02906,Bandar Anggerik Jaya Hulu,C-30-10,Teres 2 Tingkat,Hulu Langat,Selangor,43299,1862,797000,2026-08-07,B5
TX-2026-08-02137,Residensi Putra Perdana Hulu,F-36-06,Banglo,Hulu Selangor,Selangor,44258,3735,959500,2026-08-03,B2
TX-2026-08-01228,Residensi Damai Indah Sepang,C-36-06,Banglo,Sepang,Selangor,71809,4491,1587000,2026-08-22,B4
TX-2026-08-00557,Desa Putra Perdana Klang,E-33-14,Pangsapuri,Klang,Selangor,41528,924,393000,2026-08-10,B3
TX-2026-08-01023,Pangsapuri Suria Bayu Kuala,A-09-09,Kondominium,Kuala Lumpur,W.P. Kuala Lumpur,50180,915,553500,2026-08-09,B4
TX-2026-08-01532,Kondominium Damai Indah Petaling,B-32-13,Berkembar 2 Tingkat,Petaling,Selangor,47080,2466,1213000,2026-08-20,B2
TX-2026-08-02143,Kondominium Mutiara Sentosa Gombak,F-01-12,Teres 1 Tingkat,Gombak,Selangor,68023,1232,449000,2026-08-24,B4
TX-2026-08-01585,Desa Bukit Harmoni Petaling,B-17-22,Kondominium,Petaling,Selangor,46451,1392,632000,2026-08-03,B4
TX-2026-08-02647,Pangsapuri Suria Bayu Kuala,G-01-07,Banglo,Kuala Lumpur,W.P. Kuala Lumpur,57773,4454,3395500,2026-08-21,B3
TX-2026-08-00114,Pangsapuri Suria Bayu Kuala,B-34-20,Kondominium,Kuala Lumpur,W.P. Kuala Lumpur,56174,892,580000,2026-08-14,B2
TX-2026-08-02201,Desa Kenanga Sari Hulu,A-37-12,Teres 1 Tingkat,DAERAH HULU LANGAT,Selangor,43457,1285,534000,2026-08-10,B3
TX-2026-08-01698,Residensi Seri Melati Kuala,G-24-15,Banglo,DAERAH KUALA LUMPUR,W.P. Kuala Lumpur,59212,3150,1703000,2026-08-17,B1
TX-2026-08-00720,Bandar Anggerik Jaya Petaling,C-35-11,Kondominium,Petaling,Selangor,47051,1543,936500,2026-08-12,B2
TX-2026-08-02264,Pangsapuri Suria Bayu Sepang,A-22-01,Teres 1 Tingkat,Sepang,Selangor,71800,915,316000,2026-08-20,B4
TX-2026-08-02165,Kondominium Mutiara Sentosa Gombak,D-14-20,Banglo,Gombak,Selangor,68091,4368,1633500,2026-08-12,B5
TX-2026-08-02747,Pangsapuri Seri Melati Kuala,E-25-12,Teres 2 Tingkat,DAERAH KUALA SELANGOR,Selangor,45734,1670,297500,2026-08-25,B1
TX-2026-08-02337,Residensi Seri Melati Kuala,D-26-09,Pangsapuri,Kuala Lumpur,W.P. Kuala Lumpur,58036,910,539500,2026-08-29,B2
TX-2026-08-02600,Taman Kenanga Sari Klang,A-25-04,Kondominium,Klang,Selangor,42172,796,291500,2026-08-27,B4
TX-2026-08-01162,Pangsapuri Warisan Murni Kuala,A-09-09,Kondominium,Kuala Langat,Selangor,42632,1015,462500,2026-08-10,B2
TX-2026-08-00328,Kondominium Damai Indah Petaling,G-23-10,Teres 2 Tingkat,Petaling,Selangor,47616,2298,1384000,2026-08-30,B2
TX-2026-08-00854,Desa Putra Perdana Klang,C-03-13,Berkembar 2 Tingkat,Klang,Selangor,41066,3135,1373500,2026-08-04,B3
TX-2026-08-00394,Pangsapuri Suria Bayu Kuala,G-17-01,Kondominium,DAERAH KUALA LUMPUR,W.P. Kuala Lumpur,50533,903,869500,2026-08-26,B2
TX-2026-08-00686,Kondominium Impian Setia Gombak,D-30-03,Teres 2 Tingkat,Gombak,Selangor,68037,1856,1394500,24/08/2026,B6
TX-2026-08-02621,Desa Warisan Murni Petaling,E-05-18,Kondominium,Petaling,Selangor,47378,755,294000,25/08/2026,B4
TX-2026-08-02762,Taman Bukit Harmoni Klang,G-14-19,Banglo,Klang,Selangor,41440,3763,1319000,2026-08-24,B4
TX-2026-08-02950,Taman Kenanga Sari Klang,B-14-18,Pangsapuri,DAERAH KLANG,Selangor,41880,842,374000,2026-08-08,B4
TX-2026-08-02641,Bandar Anggerik Jaya Petaling,B-36-02,Teres 1 Tingkat,Petaling,Selangor,47706,1264,530000,2026-08-11,B3
TX-2026-08-00724,Residensi Damai Indah Sepang,D-14-22,Teres 2 Tingkat,DAERAH SEPANG,Selangor,63034,2058,1299500,2026-08-18,B1
TX-2026-08-01765,Taman Kenanga Sari Gombak,B-03-11,Berkembar 2 Tingkat,Gombak,Selangor,68089,2635,910500,2026-08-22,B4
TX-2026-08-00755,Desa Seri Melati Kuala,A-23-12,Berkembar 2 Tingkat,Kuala Lumpur,W.P. Kuala Lumpur,59504,3247,1849500,2026-08-19,B6
TX-2026-08-02957,Taman Bukit Harmoni Klang,B-20-11,Kondominium,Klang,Selangor,41453,1140,392500,13/08/2026,B6
TX-2026-08-00312,Desa Anggerik Jaya Kuala,B-19-24,Kondominium,Kuala Langat,Selangor,42734,1304,538500,2026-08-15,B5
TX-2026-08-02603,Pangsapuri Tasik Permai Gombak,B-12-03,Teres 2 Tingkat,Gombak,Selangor,68069,2333,909000,2026-08-17,B4
TX-2026-08-02142,Pangsapuri Seri Melati Hulu,A-25-17,Teres 1 Tingkat,Hulu Langat,Selangor,43057,1109,527500,2026-08-30,B3
TX-2026-08-00657,Desa Seri Melati Kuala,G-27-04,Teres 2 Tingkat,Kuala Lumpur,W.P. Kuala Lumpur,52915,1531,1081000,2026-08-04,B6
TX-2026-08-02072,Desa Warisan Murni Petaling,G-05-22,Banglo,Petaling,Selangor,47822,3817,2097000,2026-08-09,B6
TX-2026-08-00447,Pangsapuri Suria Bayu Kuala,C-12-05,Berkembar 2 Tingkat,Kuala Lumpur,W.P. Kuala Lumpur,50097,2747,1979000,2026-08-26,B6
TX-2026-08-02164,Bandar Suria Bayu Kuala,D-01-22,Kondominium,DAERAH KUALA LANGAT,Selangor,42650,1186,378500,2026-08-06,B3
TX-2026-08-01472,Taman Warisan Murni Hulu,D-37-04,Banglo,Hulu Selangor,Selangor,44137,3157,776500,2026-08-22,B3
TX-2026-08-00473,Desa Putra Perdana Klang,D-20-20,Pangsapuri,Klang,Selangor,41159,587,205000,2026-08-10,B4
TX-2026-08-00336,Bandar Anggerik Jaya Petaling,G-03-18,Kondominium,Petaling,Selangor,46112,805,302500,2026-08-01,B2
TX-2026-08-02698,Desa Mutiara Sentosa Klang,E-20-03,Teres 2 Tingkat,Klang,Selangor,41324,2359,1270000,2026-08-19,B2
TX-2026-08-01116,Pangsapuri Mutiara Sentosa Kuala,C-37-02,Banglo,DAERAH KUALA SELANGOR,Selangor,45744,4854,1287000,2026-08-02,B4
TX-2026-08-00586,Kondominium Kenanga Sari Hulu,G-05-22,Teres 2 Tingkat,DAERAH HULU LANGAT,Selangor,43463,1647,692500,2026-08-16,B5
TX-2026-08-00865,Bandar Damai Indah Hulu,B-04-03,Pangsapuri,Hulu Langat,Selangor,43467,695,328500,2026-08-21,B6
TX-2026-08-01563,Kondominium Mutiara Sentosa Hulu,G-35-16,Kondominium,Hulu Langat,Selangor,43067,1476,514500,2026-08-09,B4
TX-2026-08-00032,Bandar Anggerik Jaya Petaling,A-29-23,Pangsapuri,Petaling,Selangor,46980,675,351000,2026-08-18,B2
TX-2026-08-00810,Bandar Suria Bayu Kuala,F-24-20,Pangsapuri,DAERAH KUALA LANGAT,Selangor,42527,841,265000,2026-08-20,B3
TX-2026-08-00746,Desa Kenanga Sari Hulu,E-12-03,Teres 1 Tingkat,Hulu Langat,Selangor,43029,1056,461000,2026-08-01,B6
TX-2026-08-02614,Pangsapuri Tasik Permai Gombak,F-23-17,Berkembar 2 Tingkat,Gombak,Selangor,68099,2982,1291500,2026-08-13,B6
TX-2026-08-00453,Desa Seri Melati Kuala,A-07-24,Berkembar 2 Tingkat,Kuala Lumpur,W.P. Kuala Lumpur,57348,2322,1885000,02/08/2026,B3
TX-2026-08-02838,Taman Anggerik Jaya Kuala,F-31-06,Berkembar 2 Tingkat,Kuala Lumpur,W.P. Kuala Lumpur,59830,2478,2287000,2026-08-03,B6
TX-2026-08-01370,Kondominium Putra Perdana Petaling,A-19-15,Teres 1 Tingkat,Petaling,Selangor,47056,1344,388500,2026-08-26,B6
TX-2026-08-02863,Taman Kenanga Sari Kuala,A-15-11,Teres 2 Tingkat,DAERAH KUALA LUMPUR,W.P. Kuala Lumpur,57470,1509,1612500,2026-08-10,B3
TX-2026-08-02346,Taman Kenanga Sari Kuala,D-16-05,Teres 2 Tingkat,Kuala Lumpur,W.P. Kuala Lumpur,56081,1456,1143500,2026-08-11,B4
TX-2026-08-00149,Kondominium Kenanga Sari Sepang,D-31-05,Kondominium,Sepang,Selangor,63056,1491,581500,2026-08-09,B1
TX-2026-08-01139,Taman Kenanga Sari Kuala,G-30-12,Teres 2 Tingkat,Kuala Lumpur,W.P. Kuala Lumpur,55449,1474,782000,2026-08-23,B6
TX-2026-08-00643,Bandar Tasik Permai Kuala,G-06-06,Teres 1 Tingkat,Kuala Selangor,Selangor,45678,937,286000,2026-08-31,B6
TX-2026-08-01963,Pangsapuri Kenanga Sari Petaling,E-35-13,Pangsapuri,Petaling,Selangor,47248,722,236000,2026-08-15,B3
TX-2026-08-01387,Residensi Warisan Murni Kuala,C-05-02,Teres 2 Tingkat,DAERAH KUALA LANGAT,Selangor,42657,1516,734500,2026-08-06,B2
TX-2026-08-01448,Pangsapuri Putra Perdana Hulu,C-09-04,Teres 1 Tingkat,Hulu Selangor,Selangor,44219,1268,314500,2026-08-03,B3
TX-2026-08-01031,Pangsapuri Kenanga Sari Kuala,C-10-09,Kondominium,Kuala Selangor,Selangor,45636,1355,358000,2026-08-07,B5
TX-2026-08-01984,Desa Impian Setia Klang,G-22-03,Teres 1 Tingkat,DAERAH KLANG,Selangor,41174,900,648000,2026-08-30,B1
TX-2026-08-01048,Pangsapuri Warisan Murni Kuala,A-17-10,Teres 2 Tingkat,Kuala Langat,Selangor,42548,1721,581500,2026-08-14,B4
TX-2026-08-00258,Desa Anggerik Jaya Sepang,D-32-21,Pangsapuri,Sepang,Selangor,63129,629,263000,2026-08-17,B3
TX-2026-08-02984,Kondominium Damai Indah Petaling,A-28-21,Teres 2 Tingkat,Petaling,Selangor,46105,1609,723000,2026-08-29,B3
TX-2026-08-01118,Desa Bukit Harmoni Petaling,A-05-21,Banglo,Petaling,Selangor,47250,4607,3157500,2026-08-20,B3
TX-2026-08-01126,Desa Putra Perdana Klang,A-06-11,Kondominium,Klang,Selangor,41709,1370,468500,2026-08-25,B6
TX-2026-08-01193,Taman Kenanga Sari Kuala,C-22-15,Teres 1 Tingkat,Kuala Lumpur,W.P. Kuala Lumpur,59352,1116,602000,2026-08-10,B4
TX-2026-08-01030,Desa Impian Setia Klang,C-38-20,Kondominium,Klang,Selangor,41547,1520,511500,2026-08-13,B1
TX-2026-08-01129,Pangsapuri Seri Melati Hulu,C-22-24,Berkembar 2 Tingkat,Hulu Langat,Selangor,43022,3396,1525500,2026-08-11,B3
TX-2026-08-00571,Taman Bukit Harmoni Gombak,B-09-09,Berkembar 2 Tingkat,Gombak,Selangor,68004,2335,1228500,2026-08-27,B6
TX-2026-08-01954,Pangsapuri Putra Perdana Kuala,A-16-02,Kondominium,Kuala Selangor,Selangor,45666,1173,293000,2026-08-05,B4
TX-2026-08-02368,Desa Bukit Harmoni Petaling,E-34-15,Pangsapuri,Petaling,Selangor,46484,699,650500,2026-08-07,B5
TX-2026-08-01630,Taman Kenanga Sari Kuala,A-18-15,Banglo,Kuala Lumpur,W.P. Kuala Lumpur,57444,4576,2842500,2026-08-08,B4
TX-2026-08-00462,Kondominium Kenanga Sari Hulu,A-24-05,Teres 1 Tingkat,Hulu Langat,Selangor,43258,1302,400500,2026-08-07,B3
TX-2026-08-00735,Taman Bukit Harmoni Klang,G-33-08,Banglo,Klang,Selangor,41147,3129,1615500,2026-08-07,B5
TX-2026-08-01510,Kondominium Kenanga Sari Hulu,G-10-21,Pangsapuri,Hulu Langat,Selangor,43145,798,300000,2026-08-17,B1
TX-2026-08-00534,Kondominium Putra Perdana Petaling,C-05-06,Banglo,DAERAH PETALING,Selangor,47676,3901,1942500,2026-08-22,B4
TX-2026-08-01507,Desa Cempaka Wangi Gombak,A-17-22,Teres 1 Tingkat,Gombak,Selangor,68053,1192,430000,2026-08-25,B2
TX-2026-08-00136,Kondominium Kenanga Sari Sepang,E-09-04,Pangsapuri,Sepang,Selangor,63277,825,322000,2026-08-12,B6
TX-2026-08-00989,Desa Anggerik Jaya Sepang,C-03-04,Teres 2 Tingkat,Sepang,Selangor,71801,1721,693000,2026-08-01,B4
TX-2026-08-00514,Bandar Anggerik Jaya Petaling,D-03-07,Pangsapuri,Petaling,Selangor,46846,766,513000,2026-08-30,B6
TX-2026-08-00943,Desa Kenanga Sari Hulu,B-26-11,Teres 2 Tingkat,Hulu Langat,Selangor,43235,1962,561500,2026-08-06,B4
TX-2026-08-01790,Bandar Anggerik Jaya Hulu,C-08-10,Teres 1 Tingkat,DAERAH HULU LANGAT,Selangor,43067,1052,431500,2026-08-12,B6
TX-2026-08-02886,Desa Anggerik Jaya Sepang,G-06-06,Teres 2 Tingkat,Sepang,Selangor,63222,1673,798500,2026-08-12,B1
TX-2026-08-02091,Bandar Mutiara Sentosa Kuala,A-31-06,Teres 1 Tingkat,Kuala Lumpur,W.P. Kuala Lumpur,59666,968,884000,2026-08-30,B5
TX-2026-08-00988,Bandar Kenanga Sari Kuala,D-05-16,Teres 1 Tingkat,Kuala Lumpur,W.P. Kuala Lumpur,50967,1347,963000,2026-08-03,B6
TX-2026-08-02791,Kondominium Kenanga Sari Hulu,B-12-04,Pangsapuri,Hulu Langat,Selangor,43101,882,327500,2026-08-21,B3
TX-2026-08-01300,Pangsapuri Warisan Murni Kuala,G-27-13,Teres 2 Tingkat,Kuala Langat,Selangor,42612,2377,643500,2026-08-29,B1
TX-2026-08-01670,Desa Cempaka Wangi Gombak,E-31-19,Teres 2 Tingkat,Gombak,Selangor,68097,1763,1018000,10/08/2026,B2
TX-2026-08-02484,Residensi Kenanga Sari Sepang,D-12-18,Kondominium,Sepang,Selangor,63253,1526,583000,2026-08-12,B6
TX-2026-08-00458,Kondominium Anggerik Jaya Sabak,G-01-06,Teres 1 Tingkat,Sabak Bernam,Selangor,45252,944,221000,2026-08-26,B1
TX-2026-08-02465,Desa Anggerik Jaya Sepang,A-19-11,Pangsapuri,Sepang,Selangor,63299,883,299000,2026-08-15,B1
TX-2026-08-02092,Taman Kenanga Sari Kuala,A-20-03,Berkembar 2 Tingkat,Kuala Lumpur,W.P. Kuala Lumpur,51922,2705,1808500,2026-08-03,B4
TX-2026-08-00897,Pangsapuri Kenanga Sari Petaling,F-01-24,Teres 1 Tingkat,Petaling,Selangor,46556,1349,978000,2026-08-15,B4
TX-2026-08-01975,Taman Bukit Harmoni Klang,E-27-18,Berkembar 2 Tingkat,Klang,Selangor,41093,2507,999500,2026-08-25,B2
TX-2026-08-02921,Residensi Damai Indah Sepang,A-03-21,Kondominium,Sepang,Selangor,63179,1278,483000,2026-08-19,B2
TX-2026-08-00869,Desa Warisan Murni Petaling,C-22-16,Teres 1 Tingkat,Petaling,Selangor,46774,1045,695000,2026-08-26,B3
TX-2026-08-01028,Taman Kenanga Sari Kuala,D-29-16,Berkembar 2 Tingkat,Kuala Langat,Selangor,42763,2451,602500,2026-08-28,B1
TX-2026-08-02188,Kondominium Impian Setia Gombak,E-02-03,Banglo,Gombak,Selangor,68040,3296,1297000,2026-08-18,B5
TX-2026-08-00045,Kondominium Putra Perdana Petaling,G-13-07,Kondominium,Petaling,Selangor,46203,1567,815000,2026-08-16,B4
TX-2026-08-02867,Bandar Damai Indah Hulu,D-26-17,Berkembar 2 Tingkat,Hulu Langat,Selangor,43383,3257,969500,2026-08-12,B5
TX-2026-08-00480,Kondominium Mutiara Sentosa Hulu,G-03-05,Kondominium,Hulu Langat,Selangor,43276,1394,494500,2026-08-04,B2
TX-2026-08-01379,Taman Kenanga Sari Gombak,A-25-19,Pangsapuri,DAERAH GOMBAK,Selangor,68008,857,455500,2026-08-25,B1
TX-2026-08-02749,Pangsapuri Kenanga Sari Hulu,F-07-22,Banglo,Hulu Selangor,Selangor,44261,4489,1412500,2026-08-19,B5
TX-2026-08-00789,Pangsapuri Suria Bayu Kuala,A-08-22,Kondominium,DAERAH KUALA LUMPUR,W.P. Kuala Lumpur,58772,792,484000,2026-08-17,B6
TX-2026-08-00745,Pangsapuri Tasik Permai Gombak,G-29-08,Kondominium,Gombak,Selangor,68045,1236,817000,2026-08-29,B6
TX-2026-08-02345,Desa Kenanga Sari Hulu,G-24-18,Pangsapuri,Hulu Langat,Selangor,43247,769,202000,2026-08-01,B6
TX-2026-08-01810,Pangsapuri Suria Bayu Sepang,G-26-21,Banglo,Sepang,Selangor,63004,4657,1648000,2026-08-24,B5
TX-2026-08-01839,Desa Bukit Harmoni Petaling,B-35-04,Banglo,Petaling,Selangor,47435,4588,2283000,2026-08-16,B4
TX-2026-08-00890,Residensi Mutiara Sentosa Kuala,D-29-01,Banglo,Kuala Langat,Selangor,42617,3027,1001000,2026-08-03,B1
TX-2026-08-00885,Residensi Damai Indah Sepang,C-25-14,Teres 1 Tingkat,Sepang,Selangor,63268,1370,466000,2026-08-14,B2
TX-2026-08-01069,Pangsapuri Seri Melati Kuala,D-29-01,Teres 2 Tingkat,DAERAH KUALA SELANGOR,Selangor,45698,1980,590000,2026-08-05,B1
TX-2026-08-01718,Desa Cempaka Wangi Gombak,D-03-02,Berkembar 2 Tingkat,Gombak,Selangor,68084,3093,1078000,2026-08-17,B5
TX-2026-08-00049,Kondominium Cempaka Wangi Sepang,A-29-14,Kondominium,Sepang,Selangor,63053,1267,494000,2026-08-20,B5
TX-2026-08-01833,Bandar Anggerik Jaya Petaling,B-23-24,Banglo,Petaling,Selangor,46586,4296,1630500,2026-08-24,B6
TX-2026-08-00765,Kondominium Putra Perdana Petaling,A-09-08,Kondominium,Petaling,Selangor,46029,894,451500,2026-08-31,B5
TX-2026-08-00231,Taman Kenanga Sari Kuala,F-14-18,Teres 1 Tingkat,Kuala Lumpur,W.P. Kuala Lumpur,57881,1068,500000,2026-08-18,B2
TX-2026-08-02338,Residensi Seri Melati Kuala,E-13-22,Banglo,Kuala Lumpur,W.P. Kuala Lumpur,52827,4236,3186500,2026-08-20,B2
TX-2026-08-01433,Pangsapuri Kenanga Sari Petaling,C-13-19,Teres 1 Tingkat,Petaling,Selangor,46028,910,347000,2026-08-05,B1
TX-2026-08-00043,Kondominium Putra Perdana Petaling,A-28-09,Kondominium,Petaling,Selangor,47371,1567,815000,2026-08-16,B5
TX-2026-08-01492,Taman Kenanga Sari Kuala,E-29-13,Teres 1 Tingkat,Kuala Langat,Selangor,42552,1202,311000,2026-08-16,B6
TX-2026-08-01924,Residensi Kenanga Sari Sepang,A-01-14,Teres 2 Tingkat,Sepang,Selangor,63000,1674,570000,2026-08-28,B2
TX-2026-08-00013,Taman Kenanga Sari Kuala,A-35-01,Pangsapuri,Kuala Lumpur,W.P. Kuala Lumpur,59266,715,465000,2026-08-04,B4
TX-2026-08-01897,Pangsapuri Kenanga Sari Hulu,G-19-17,Teres 2 Tingkat,Hulu Selangor,Selangor,44033,1994,500500,2026-08-08,B3
TX-2026-08-02859,Kondominium Putra Perdana Petaling,G-31-03,Teres 2 Tingkat,Petaling,Selangor,47447,1993,1319500,2026-08-09,B5
TX-2026-08-00084,Taman Kenanga Sari Kuala,G-33-03,Kondominium,Kuala Lumpur,W.P. Kuala Lumpur,53044,1199,779500,2026-08-05,B2
TX-2026-08-00638,Bandar Anggerik Jaya Petaling,A-25-21,Pangsapuri,Petaling,Selangor,46958,924,544000,14/08/2026,B3
TX-2026-08-02102,Kondominium Putra Perdana Petaling,C-09-13,Kondominium,Petaling,Selangor,46056,1500,431000,2026-08-31,B2
TX-2026-08-00341,Desa Bukit Harmoni Petaling,D-08-10,Berkembar 2 Tingkat,Petaling,Selangor,46868,2414,1355000,2026-08-08,B1
TX-2026-08-02823,Bandar Damai Indah Hulu,C-12-23,Banglo,Hulu Langat,Selangor,43202,4459,1744500,25/08/2026,B2
TX-2026-08-00350,Pangsapuri Putra Perdana Kuala,A-06-21,Teres 1 Tingkat,Kuala Selangor,Selangor,45694,1077,354500,2026-08-27,B6
TX-2026-08-00332,Pangsapuri Seri Melati Kuala,C-14-09,Teres 1 Tingkat,Kuala Selangor,Selangor,45683,1100,224500,2026-08-19,B4
TX-2026-08-02017,Kondominium Impian Setia Petaling,D-38-04,Kondominium,Petaling,Selangor,46473,920,494500,2026-08-18,B5
TX-2026-08-00980,Pangsapuri Kenanga Sari Petaling,A-27-23,Teres 2 Tingkat,Petaling,Selangor,47035,2002,1393000,2026-08-15,B5
TX-2026-08-02534,Residensi Seri Melati Kuala,F-13-15,Teres 1 Tingkat,Kuala Lumpur,W.P. Kuala Lumpur,51823,916,656500,2026-08-10,B5
TX-2026-08-02804,Desa Warisan Murni Petaling,G-05-10,Teres 1 Tingkat,Petaling,Selangor,47071,1400,581000,2026-08-22,B3
TX-2026-08-00949,Taman Kenanga Sari Klang,F-19-20,Kondominium,Klang,Selangor,41050,1329,625500,2026-08-22,B2
TX-2026-08-02106,Pangsapuri Seri Melati Kuala,B-23-09,Teres 2 Tingkat,DAERAH KUALA SELANGOR,Selangor,45633,1772,433500,2026-08-22,B4
TX-2026-08-02734,Desa Kenanga Sari Hulu,C-16-02,Banglo,Hulu Langat,Selangor,43426,4180,1393500,2026-08-12,B6
TX-2026-08-02876,Taman Seri Melati Hulu,D-06-15,Pangsapuri,Hulu Langat,Selangor,43289,689,318000,2026-08-02,B1
TX-2026-08-02255,Desa Mutiara Sentosa Klang,G-08-20,Berkembar 2 Tingkat,Klang,Selangor,41026,2695,1447000,2026-08-04,B1
TX-2026-08-00461,Bandar Kenanga Sari Kuala,F-10-19,Teres 2 Tingkat,DAERAH KUALA LUMPUR,W.P. Kuala Lumpur,59165,2318,1374000,2026-08-16,B3
TX-2026-08-01344,Desa Seri Melati Kuala,F-10-05,Teres 1 Tingkat,DAERAH KUALA LUMPUR,W.P. Kuala Lumpur,57979,1292,753000,2026-08-08,B6
TX-2026-08-01952,Desa Warisan Murni Petaling,E-15-14,Teres 2 Tingkat,Petaling,Selangor,47574,1992,1237000,2026-08-24,B6
TX-2026-08-02382,Taman Anggerik Jaya Kuala,F-22-02,Kondominium,DAERAH KUALA LUMPUR,W.P. Kuala Lumpur,58801,905,669500,2026-08-08,B4
TX-2026-08-01348,Kondominium Damai Indah Petaling,D-09-12,Teres 2 Tingkat,Petaling,Selangor,46307,1948,709500,2026-08-30,B2
TX-2026-08-02276,Kondominium Kenanga Sari Hulu,D-13-07,Teres 2 Tingkat,Hulu Langat,Selangor,43190,2142,881000,04/08/2026,B6
TX-2026-08-01552,Pangsapuri Suria Bayu Sepang,C-12-03,Kondominium,DAERAH SEPANG,Selangor,63114,1555,634500,2026-08-16,B2
TX-2026-08-01550,Pangsapuri Kenanga Sari Kuala,E-07-06,Banglo,Kuala Selangor,Selangor,45671,2948,831000,2026-08-18,B1
TX-2026-08-00031,Bandar Anggerik Jaya Petaling,C-19-03,Pangsapuri,Petaling,Selangor,47563,675,351000,2026-08-18,B5
TX-2026-08-00564,Taman Kenanga Sari Klang,F-04-10,Teres 1 Tingkat,Klang,Selangor,42217,929,312000,2026-08-20,B6
TX-2026-08-02652,Taman Kenanga Sari Klang,C-36-01,Pangsapuri,Klang,Selangor,41229,745,254500,2026-08-27,B2
TX-2026-08-02521,Pangsapuri Seri Melati Kuala,E-11-16,Banglo,Kuala Selangor,Selangor,45611,5081,1097500,2026-08-26,B1
TX-2026-08-00547,Bandar Kenanga Sari Kuala,G-12-05,Berkembar 2 Tingkat,Kuala Lumpur,W.P. Kuala Lumpur,51235,2632,1381000,2026-08-22,B2
TX-2026-08-00053,Desa Warisan Murni Petaling,F-28-04,Kondominium,Petaling,Selangor,46918,1352,703000,2026-08-19,B5
TX-2026-08-02248,Bandar Anggerik Jaya Petaling,F-27-06,Kondominium,Petaling,Selangor,47227,1149,769500,2026-08-22,B1
TX-2026-08-02513,Residensi Kenanga Sari Sepang,G-18-14,Kondominium,Sepang,Selangor,63253,1389,484000,2026-08-15,B2
TX-2026-08-01463,Residensi Mutiara Sentosa Kuala,E-07-03,Teres 2 Tingkat,Kuala Langat,Selangor,42518,1971,778500,2026-08-16,B1
TX-2026-08-02878,Taman Seri Melati Hulu,B-24-13,Berkembar 2 Tingkat,Hulu Langat,Selangor,43087,2477,735500,2026-08-27,B1
TX-2026-08-01410,Taman Seri Melati Hulu,C-23-05,Teres 1 Tingkat,Hulu Langat,Selangor,43230,989,433500,2026-08-22,B1
TX-2026-08-00317,Pangsapuri Kenanga Sari Hulu,C-21-02,Berkembar 2 Tingkat,Hulu Selangor,Selangor,44213,2959,838000,2026-08-02,B3
TX-2026-08-00316,Kondominium Putra Perdana Petaling,B-37-08,Berkembar 2 Tingkat,Petaling,Selangor,47048,3214,2135500,2026-08-25,B2
TX-2026-08-00772,Taman Kenanga Sari Kuala,D-09-23,Berkembar 2 Tingkat,Kuala Lumpur,W.P. Kuala Lumpur,53685,3073,1945000,2026-08-03,B1
TX-2026-08-00548,Pangsapuri Putra Perdana Kuala,C-15-07,Teres 2 Tingkat,Kuala Selangor,Selangor,45610,1637,413000,2026-08-23,B1
TX-2026-08-00530,Bandar Anggerik Jaya Hulu,A-27-06,Kondominium,Hulu Langat,Selangor,43270,1215,446000,2026-08-31,B1
TX-2026-08-02021,Taman Damai Indah Sabak,D-09-03,Pangsapuri,Sabak Bernam,Selangor,45246,796,198,2026-08-17,B1
TX-2026-08-01208,Pangsapuri Kenanga Sari Kuala,A-14-14,Berkembar 2 Tingkat,Kuala Selangor,Selangor,45735,2414,532500,2026-08-29,B5
TX-2026-08-01605,Taman Suria Bayu Kuala,B-34-05,Pangsapuri,DAERAH KUALA SELANGOR,Selangor,45739,825,198500,2026-08-10,B5
TX-2026-08-00035,Desa Bukit Harmoni Petaling,E-26-22,Pangsapuri,Petaling,Selangor,46042,813,423000,2026-08-07,B2
TX-2026-08-02054,Bandar Kenanga Sari Kuala,A-13-08,Berkembar 2 Tingkat,Kuala Lumpur,W.P. Kuala Lumpur,53294,3137,1818000,2026-08-04,B6
TX-2026-08-01792,Desa Impian Setia Kuala,D-08-14,Teres 2 Tingkat,Kuala Selangor,Selangor,45643,2257,725500,2026-08-02,B2
TX-2026-08-02394,Desa Warisan Murni Petaling,E-29-12,Teres 2 Tingkat,Petaling,Selangor,47632,1849,811500,2026-08-13,B4
TX-2026-08-02146,Residensi Mutiara Sentosa Kuala,E-21-11,Berkembar 2 Tingkat,Kuala Langat,Selangor,42597,2617,945500,2026-08-12,B5
TX-2026-08-02610,Pangsapuri Seri Melati Hulu,D-18-22,Berkembar 2 Tingkat,DAERAH HULU LANGAT,Selangor,43307,2485,959500,2026-08-11,B2
TX-2026-08-00288,Residensi Warisan Murni Kuala,D-35-15,Banglo,Kuala Langat,Selangor,42754,2932,694000,2026-08-10,B2
TX-2026-08-01312,Pangsapuri Seri Melati Hulu,G-11-10,Banglo,Hulu Langat,Selangor,43445,4311,1782500,2026-08-06,B5
TX-2026-08-00412,Pangsapuri Putra Perdana Kuala,D-01-17,Teres 2 Tingkat,DAERAH KUALA SELANGOR,Selangor,45723,1450,307500,2026-08-24,B2
TX-2026-08-02111,Residensi Seri Melati Kuala,B-27-10,Pangsapuri,Kuala Lumpur,W.P. Kuala Lumpur,52798,650,249000,2026-08-03,B6
TX-2026-08-01676,Desa Impian Setia Klang,D-38-18,Teres 2 Tingkat,Klang,Selangor,41173,1693,655000,2026-08-30,B5
TX-2026-08-00682,Taman Anggerik Jaya Kuala,E-09-05,Banglo,Kuala Lumpur,W.P. Kuala Lumpur,51228,3375,1736500,2026-08-22,B5
TX-2026-08-00376,Pangsapuri Suria Bayu Sepang,B-28-11,Pangsapuri,Sepang,Selangor,63037,870,332000,2026-08-25,B5
TX-2026-08-00870,Pangsapuri Kenanga Sari Petaling,F-10-18,Berkembar 2 Tingkat,DAERAH PETALING,Selangor,46428,2847,1201000,2026-08-02,B1
TX-2026-08-01673,Desa Impian Setia Klang,B-35-05,Banglo,Klang,Selangor,41104,3761,1452000,2026-08-15,B5
TX-2026-08-02511,Residensi Seri Melati Kuala,B-16-02,Banglo,Kuala Lumpur,W.P. Kuala Lumpur,51243,2931,1577000,2026-08-22,B4
TX-2026-08-02683,Taman Tasik Permai Klang,A-37-06,Teres 2 Tingkat,DAERAH KLANG,Selangor,42263,2101,869500,2026-08-14,B4
TX-2026-08-00190,Pangsapuri Tasik Permai Gombak,F-27-21,Kondominium,Gombak,Selangor,68026,909,426500,07/08/2026,B3
TX-2026-08-01655,Pangsapuri Kenanga Sari Petaling,C-13-16,Teres 2 Tingkat,Petaling,Selangor,47800,1719,678000,2026-08-18,B2
TX-2026-08-01293,Kondominium Kenanga Sari Sepang,A-31-04,Teres 1 Tingkat,Sepang,Selangor,63158,1204,513500,2026-08-01,B3
TX-2026-08-00306,Bandar Mutiara Sentosa Kuala,D-24-14,Kondominium,Kuala Lumpur,W.P. Kuala Lumpur,56042,1474,1029000,2026-08-20,B2
TX-2026-08-00513,Taman Bukit Harmoni Klang,E-06-13,Teres 2 Tingkat,DAERAH KLANG,Selangor,42174,2106,1040500,2026-08-17,B5
TX-2026-08-00241,Desa Anggerik Jaya Sepang,E-29-23,Banglo,Sepang,Selangor,63219,4658,1813000,2026-08-14,B6
TX-2026-08-01912,Taman Anggerik Jaya Kuala,C-16-17,Berkembar 2 Tingkat,Kuala Lumpur,W.P. Kuala Lumpur,57872,3037,2479500,2026-08-10,B4
TX-2026-08-00774,Taman Tasik Permai Klang,E-09-11,Pangsapuri,Klang,Selangor,41926,751,252500,2026-08-02,B4
TX-2026-08-01112,Bandar Anggerik Jaya Petaling,E-27-12,Teres 2 Tingkat,Petaling,Selangor,46874,1460,585000,2026-08-24,B2
TX-2026-08-00511,Kondominium Cempaka Wangi Sepang,B-36-19,Teres 2 Tingkat,Sepang,Selangor,63292,1535,532000,2026-08-28,B5
TX-2026-08-02601,Desa Warisan Murni Petaling,G-38-19,Berkembar 2 Tingkat,Petaling,Selangor,46977,2971,1223000,2026-08-26,B6
TX-2026-08-00142,Kondominium Damai Indah Petaling,F-09-21,Pangsapuri,Petaling,Selangor,47222,893,464500,2026-08-07,B2
TX-2026-08-02858,Pangsapuri Putra Perdana Hulu,A-01-02,Teres 1 Tingkat,Hulu Selangor,Selangor,44079,1170,451000,2026-08-05,B5
TX-2026-08-01905,Kondominium Impian Setia Petaling,E-15-01,Kondominium,DAERAH PETALING,Selangor,46943,1246,581500,2026-08-26,B6
TX-2026-08-00721,Kondominium Putra Perdana Petaling,B-32-03,Teres 1 Tingkat,Petaling,Selangor,46882,1370,837000,2026-08-12,B4
TX-2026-08-02405,Desa Mutiara Sentosa Klang,A-02-19,Teres 1 Tingkat,Klang,Selangor,41901,1350,489500,2026-08-30,B2
TX-2026-08-01207,Pangsapuri Seri Melati Hulu,C-04-12,Teres 2 Tingkat,Hulu Langat,Selangor,43492,1421,468000,2026-08-05,B5
TX-2026-08-00088,Kondominium Damai Indah Petaling,D-12-19,Pangsapuri,Petaling,Selangor,47755,923,480000,2026-08-31,B6
TX-2026-08-01684,Pangsapuri Warisan Murni Kuala,C-34-04,Teres 2 Tingkat,Kuala Langat,Selangor,42752,2341,752000,2026-08-07,B3
TX-2026-08-02720,Desa Anggerik Jaya Sepang,C-32-01,Banglo,Sepang,Selangor,63054,3564,927000,2026-08-07,B5
TX-2026-08-00555,Pangsapuri Suria Bayu Kuala,G-05-04,Berkembar 2 Tingkat,Kuala Lumpur,W.P. Kuala Lumpur,51104,3133,1734000,2026-08-08,B3
TX-2026-08-02772,Kondominium Impian Setia Petaling,D-12-03,Kondominium,Petaling,Selangor,46695,802,275000,2026-08-09,B3
TX-2026-08-00510,Desa Seri Melati Kuala,D-15-11,Berkembar 2 Tingkat,Kuala Lumpur,W.P. Kuala Lumpur,53069,3119,1539000,2026-08-22,B4
TX-2026-08-01043,Pangsapuri Mutiara Sentosa Kuala,B-02-23,Pangsapuri,Kuala Selangor,Selangor,45769,605,226500,2026-08-19,B1
TX-2026-08-01553,Taman Bukit Harmoni Klang,A-38-24,Berkembar 2 Tingkat,Klang,Selangor,41385,3185,1273500,2026-08-03,B3
TX-2026-08-01237,Taman Kenanga Sari Klang,B-08-11,Teres 2 Tingkat,Klang,Selangor,42279,1768,663500,2026-08-08,B5
TX-2026-08-01584,Taman Anggerik Jaya Kuala,F-31-11,Berkembar 2 Tingkat,Kuala Lumpur,W.P. Kuala Lumpur,51319,2496,1226500,2026-08-03,B6
TX-2026-08-02330,Pangsapuri Tasik Permai Gombak,B-14-17,Kondominium,Gombak,Selangor,68018,1502,682000,2026-08-06,B2
TX-2026-08-02150,Residensi Seri Melati Kuala,B-22-01,Berkembar 2 Tingkat,Kuala Lumpur,W.P. Kuala Lumpur,51165,2223,1183000,2026-08-26,B4
TX-2026-08-02930,Taman Bukit Harmoni Klang,B-12-08,Teres 2 Tingkat,Klang,Selangor,41135,1623,648000,2026-08-11,B4
TX-2026-08-00624,Taman Anggerik Jaya Kuala,C-11-02,Kondominium,Kuala Lumpur,W.P. Kuala Lumpur,54044,1419,779000,2026-08-10,B1
TX-2026-08-00827,Desa Warisan Murni Petaling,B-27-10,Teres 2 Tingkat,DAERAH PETALING,Selangor,47222,2315,1240500,2026-08-08,B6
TX-2026-08-01459,Taman Anggerik Jaya Kuala,E-35-15,Kondominium,Kuala Lumpur,W.P. Kuala Lumpur,50534,907,673000,2026-08-13,B1
TX-2026-08-02664,Pangsapuri Kenanga Sari Petaling,A-25-14,Berkembar 2 Tingkat,DAERAH PETALING,Selangor,46322,3190,1670000,2026-08-15,B3
TX-2026-08-01703,Kondominium Damai Indah Petaling,D-06-08,Kondominium,Petaling,Selangor,46469,1413,694000,2026-08-18,B5
TX-2026-08-02748,Taman Kenanga Sari Kuala,C-23-01,Teres 1 Tingkat,DAERAH KUALA LUMPUR,W.P. Kuala Lumpur,52135,1025,727500,2026-08-31,B2
TX-2026-08-01355,Desa Seri Melati Kuala,A-01-01,Kondominium,Kuala Lumpur,W.P. Kuala Lumpur,54693,807,830000,2026-08-18,B1
TX-2026-08-00286,Desa Anggerik Jaya Sepang,C-38-02,Kondominium,Sepang,Selangor,63201,786,253500,2026-08-27,B2
TX-2026-08-02929,Bandar Kenanga Sari Kuala,A-20-14,Banglo,Kuala Lumpur,W.P. Kuala Lumpur,52970,3969,3036000,2026-08-21,B6
TX-2026-08-02503,Taman Tasik Permai Klang,C-38-10,Banglo,Klang,Selangor,41129,3966,1445500,2026-08-21,B2
TX-2026-08-02158,Desa Putra Perdana Klang,G-12-13,Pangsapuri,Klang,Selangor,41980,648,204500,2026-08-23,B1
TX-2026-08-00578,Desa Anggerik Jaya Sepang,D-29-13,Teres 1 Tingkat,DAERAH SEPANG,Selangor,63169,1041,372500,2026-08-24,B5
TX-2026-08-01744,Kondominium Kenanga Sari Hulu,C-32-04,Banglo,Hulu Langat,Selangor,43236,4420,1382500,2026-08-23,B5
TX-2026-08-02768,Pangsapuri Putra Perdana Kuala,G-26-13,Teres 2 Tingkat,Kuala Selangor,Selangor,45636,1407,434000,2026-08-13,B4
TX-2026-08-01308,Pangsapuri Bukit Harmoni Sabak,G-08-05,Pangsapuri,Sabak Bernam,Selangor,45294,894,177500,2026-08-02,B5
TX-2026-08-01371,Taman Bukit Harmoni Gombak,B-21-24,Berkembar 2 Tingkat,Gombak,Selangor,68024,3281,2031500,2026-08-24,B3
TX-2026-08-01682,Residensi Warisan Murni Kuala,B-16-13,Teres 1 Tingkat,DAERAH KUALA LANGAT,Selangor,42560,942,248500,2026-08-24,B1
TX-2026-08-00122,Pangsapuri Kenanga Sari Petaling,A-04-15,Pangsapuri,Petaling,Selangor,46673,819,426000,2026-08-20,B6
TX-2026-08-02612,Pangsapuri Cempaka Wangi Klang,F-37-17,Banglo,Klang,Selangor,41741,5196,1870000,2026-08-19,B2
TX-2026-08-02291,Pangsapuri Tasik Permai Gombak,G-04-12,Teres 1 Tingkat,Gombak,Selangor,68062,970,629500,2026-08-30,B5
TX-2026-08-02507,Kondominium Damai Indah Petaling,G-24-07,Teres 1 Tingkat,DAERAH PETALING,Selangor,46132,1100,761500,2026-08-22,B6
TX-2026-08-00357,Pangsapuri Suria Bayu Sepang,B-11-04,Kondominium,Sepang,Selangor,63243,956,283000,2026-08-27,B3
TX-2026-08-02241,Pangsapuri Bukit Harmoni Sabak,A-36-16,Pangsapuri,Sabak Bernam,Selangor,45192,689,162500,2026-08-28,B2
TX-2026-08-02440,Kondominium Mutiara Sentosa Gombak,E-26-06,Kondominium,Gombak,Selangor,68045,976,458500,2026-08-21,B4
TX-2026-08-00055,Kondominium Impian Setia Petaling,A-33-06,Pangsapuri,Petaling,Selangor,46776,632,328500,2026-08-18,B6
TX-2026-08-00893,Kondominium Anggerik Jaya Sabak,F-21-16,Banglo,Sabak Bernam,Selangor,45126,3465,875000,2026-08-16,B5
TX-2026-08-01141,Bandar Anggerik Jaya Hulu,D-23-12,Banglo,Hulu Langat,Selangor,43389,3008,1137000,2026-08-12,B5
TX-2026-08-02104,Kondominium Mutiara Sentosa Hulu,E-35-04,Pangsapuri,Hulu Langat,Selangor,43271,606,149500,2026-08-17,B1
TX-2026-08-01943,Pangsapuri Tasik Permai Gombak,G-34-09,Banglo,DAERAH GOMBAK,Selangor,68069,2835,994500,2026-08-07,B6
TX-2026-08-01058,Taman Bukit Harmoni Klang,A-03-17,Banglo,Klang,Selangor,41258,4051,1377000,2026-08-24,B4
TX-2026-08-00634,Residensi Putra Perdana Hulu,B-01-02,Pangsapuri,Hulu Selangor,Selangor,44276,745,189000,2026-08-06,B4
TX-2026-08-00541,Desa Cempaka Wangi Gombak,G-24-12,Banglo,Gombak,Selangor,68034,4379,2195500,2026-08-08,B6
TX-2026-08-02758,Taman Warisan Murni Hulu,C-09-07,Kondominium,Hulu Selangor,Selangor,44214,1459,394000,2026-08-28,B2
TX-2026-08-02193,Taman Seri Melati Hulu,F-29-04,Teres 1 Tingkat,Hulu Langat,Selangor,43260,1335,556000,2026-08-24,B2
TX-2026-08-01650,Taman Kenanga Sari Kuala,D-13-04,Teres 1 Tingkat,Kuala Lumpur,W.P. Kuala Lumpur,53866,1334,661000,2026-08-11,B6
TX-2026-08-00196,Desa Seri Melati Kuala,D-02-24,Pangsapuri,Kuala Lumpur,W.P. Kuala Lumpur,56149,659,523500,2026-08-19,B5
TX-2026-08-02725,Desa Kenanga Sari Kuala,D-01-11,Berkembar 2 Tingkat,DAERAH KUALA LANGAT,Selangor,42566,2729,497000,2026-08-05,B1
TX-2026-08-00875,Desa Kenanga Sari Kuala,A-16-14,Berkembar 2 Tingkat,Kuala Langat,Selangor,42609,2442,674500,2026-08-21,B1
TX-2026-08-01882,Taman Kenanga Sari Kuala,D-33-06,Teres 1 Tingkat,Kuala Lumpur,W.P. Kuala Lumpur,53347,1234,1017000,2026-08-26,B3
TX-2026-08-02625,Residensi Mutiara Sentosa Kuala,G-21-08,Berkembar 2 Tingkat,Kuala Langat,Selangor,42750,2546,570500,2026-08-31,B3
TX-2026-08-01358,Desa Anggerik Jaya Kuala,F-12-17,Pangsapuri,DAERAH KUALA LANGAT,Selangor,42588,929,380500,2026-08-20,B6
TX-2026-08-02126,Bandar Bukit Harmoni Hulu,G-02-05,Teres 1 Tingkat,Hulu Selangor,Selangor,44024,1302,359000,2026-08-04,B5
TX-2026-08-00759,Kondominium Putra Perdana Petaling,B-38-03,Berkembar 2 Tingkat,Petaling,Selangor,47546,2408,1354000,2026-08-13,B4
TX-2026-08-02355,Kondominium Kenanga Sari Sepang,G-22-04,Pangsapuri,Sepang,Selangor,63092,574,202500,2026-08-26,B4
TX-2026-08-02227,Desa Kenanga Sari Kuala,C-06-04,Teres 1 Tingkat,DAERAH KUALA LANGAT,Selangor,42644,993,424500,2026-08-12,B4
TX-2026-08-01786,Kondominium Impian Setia Petaling,D-31-19,Kondominium,Petaling,Selangor,47719,884,322500,2026-08-26,B3
TX-2026-08-01772,Kondominium Putra Perdana Petaling,G-08-06,Teres 2 Tingkat,Petaling,Selangor,47632,1995,901000,2026-08-07,B6
TX-2026-08-02096,Taman Seri Melati Hulu,D-05-15,Banglo,Hulu Langat,Selangor,43006,4435,1622500,2026-08-24,B6
TX-2026-08-01874,Residensi Seri Melati Kuala,E-28-24,Teres 2 Tingkat,DAERAH KUALA LUMPUR,W.P. Kuala Lumpur,56153,1573,980000,2026-08-31,B5
TX-2026-08-01056,Desa Anggerik Jaya Sepang,G-38-19,Berkembar 2 Tingkat,DAERAH SEPANG,Selangor,63280,2453,1058000,2026-08-19,B4
TX-2026-08-01560,Desa Kenanga Sari Hulu,E-18-17,Banglo,Hulu Langat,Selangor,43208,5175,3256000,2026-08-21,B6
TX-2026-08-01098,Pangsapuri Suria Bayu Kuala,E-34-11,Berkembar 2 Tingkat,Kuala Lumpur,W.P. Kuala Lumpur,58371,2694,2466500,2026-08-06,B4
TX-2026-08-02412,Bandar Kenanga Sari Kuala,C-07-11,Banglo,Kuala Lumpur,W.P. Kuala Lumpur,59313,3292,3066500,2026-08-30,B5
TX-2026-08-00410,Pangsapuri Suria Bayu Sepang,E-16-10,Banglo,Sepang,Selangor,63077,4083,1224000,2026-08-25,B4
TX-2026-08-01225,Pangsapuri Kenanga Sari Kuala,A-09-01,Teres 2 Tingkat,Kuala Selangor,Selangor,45693,1662,416000,2026-08-08,B5
TX-2026-08-01946,Kondominium Impian Setia Petaling,E-04-22,Berkembar 2 Tingkat,Petaling,Selangor,46477,3066,1366000,2026-08-12,B2
TX-2026-08-00085,Desa Kenanga Sari Hulu,A-02-23,Pangsapuri,Hulu Langat,Selangor,43154,739,295500,2026-08-02,B4
TX-2026-08-00069,Kondominium Putra Perdana Petaling,C-06-01,Kondominium,Petaling,Selangor,46752,1259,654500,2026-08-06,B4
TX-2026-08-02437,Residensi Seri Melati Kuala,F-16-09,Teres 2 Tingkat,Kuala Lumpur,W.P. Kuala Lumpur,54276,1761,1342000,2026-08-03,B5
TX-2026-08-01088,Residensi Seri Melati Kuala,D-06-18,Banglo,DAERAH KUALA LUMPUR,W.P. Kuala Lumpur,57819,3091,923500,2026-08-01,B5
TX-2026-08-00914,Taman Kenanga Sari Kuala,A-27-21,Kondominium,Kuala Lumpur,W.P. Kuala Lumpur,59145,1235,761500,2026-08-28,B6
TX-2026-08-02967,Kondominium Kenanga Sari Hulu,A-20-01,Teres 2 Tingkat,Hulu Langat,Selangor,43271,2262,628500,2026-08-26,B6
TX-2026-08-02364,Kondominium Damai Indah Petaling,C-37-01,Berkembar 2 Tingkat,Petaling,Selangor,46035,2292,1428000,2026-08-31,B3
TX-2026-08-01658,Taman Suria Bayu Kuala,G-22-03,Teres 2 Tingkat,Kuala Selangor,Selangor,45741,1495,349500,2026-08-11,B1
TX-2026-08-02551,Pangsapuri Warisan Murni Kuala,B-38-21,Banglo,Kuala Langat,Selangor,42745,2958,544000,2026-08-14,B3
TX-2026-08-02532,Kondominium Impian Setia Petaling,D-19-12,Teres 1 Tingkat,Petaling,Selangor,46992,1076,625500,2026-08-25,B2
TX-2026-08-01336,Kondominium Kenanga Sari Hulu,G-25-18,Banglo,Hulu Langat,Selangor,43004,3702,1336500,2026-08-08,B5
TX-2026-08-00549,Desa Anggerik Jaya Sepang,F-27-12,Berkembar 2 Tingkat,Sepang,Selangor,63099,2928,948000,2026-08-09,B4
TX-2026-08-02958,Taman Bukit Harmoni Gombak,C-18-16,Teres 1 Tingkat,Gombak,Selangor,68023,1092,330000,2026-08-09,B2
TX-2026-08-02275,Desa Bukit Harmoni Petaling,D-32-17,Banglo,Petaling,Selangor,46694,4560,2289500,2026-08-04,B5
TX-2026-08-01078,Desa Kenanga Sari Hulu,E-28-05,Berkembar 2 Tingkat,Hulu Langat,Selangor,43138,2559,837500,2026-08-14,B1
TX-2026-08-00183,Pangsapuri Seri Melati Hulu,F-21-09,Kondominium,Hulu Langat,Selangor,43163,914,472500,2026-08-27,B3
TX-2026-08-02006,Desa Putra Perdana Klang,A-10-19,Teres 2 Tingkat,Klang,Selangor,41436,1639,589500,2026-08-17,B3
TX-2026-08-02166,Desa Putra Perdana Klang,C-25-22,Teres 2 Tingkat,Klang,Selangor,41187,1727,670500,2026-08-14,B2
TX-2026-08-01037,Pangsapuri Suria Bayu Sepang,F-16-12,Pangsapuri,Sepang,Selangor,63024,671,412500,2026-08-13,B2
TX-2026-08-00463,Kondominium Putra Perdana Petaling,B-37-20,Teres 2 Tingkat,Petaling,Selangor,47005,1842,680500,2026-08-23,B3
TX-2026-08-00965,Bandar Anggerik Jaya Hulu,C-25-06,Kondominium,Hulu Langat,Selangor,43199,937,295500,2026-08-24,B6
TX-2026-08-00738,Desa Impian Setia Kuala,D-05-11,Banglo,Kuala Selangor,Selangor,45697,5013,1021500,2026-08-10,B3
TX-2026-08-01782,Bandar Suria Bayu Kuala,G-01-03,Teres 2 Tingkat,Kuala Langat,Selangor,42613,1938,826500,2026-08-12,B1
TX-2026-08-01568,Taman Seri Melati Hulu,A-28-23,Teres 1 Tingkat,Hulu Langat,Selangor,43316,1189,425500,2026-08-29,B4
TX-2026-08-01998,Bandar Anggerik Jaya Petaling,G-37-12,Teres 2 Tingkat,Petaling,Selangor,46903,1983,1100500,2026-08-25,B6
TX-2026-08-00834,Desa Warisan Murni Petaling,C-36-07,Banglo,Petaling,Selangor,46792,2938,1871500,2026-08-14,B1
TX-2026-08-00454,Desa Mutiara Sentosa Klang,C-35-15,Berkembar 2 Tingkat,Klang,Selangor,41219,2879,968500,2026-08-23,B6
TX-2026-08-00230,Pangsapuri Cempaka Wangi Klang,C-31-20,Teres 2 Tingkat,Klang,Selangor,42139,1938,819500,2026-08-29,B4
TX-2026-08-00476,Pangsapuri Suria Bayu Sepang,F-09-11,Kondominium,Sepang,Selangor,63116,1035,466000,2026-08-16,B1
TX-2026-08-01252,Desa Warisan Murni Petaling,B-33-23,Berkembar 2 Tingkat,Petaling,Selangor,46521,3071,1509500,2026-08-30,B4
TX-2026-08-02673,Desa Seri Melati Kuala,E-37-19,Pangsapuri,Kuala Lumpur,W.P. Kuala Lumpur,57326,645,406000,2026-08-26,B5
TX-2026-08-00976,Desa Cempaka Wangi Gombak,A-32-01,Banglo,Gombak,Selangor,68057,4107,1260500,2026-08-21,B1
TX-2026-08-02328,Pangsapuri Kenanga Sari Petaling,G-33-11,Pangsapuri,Petaling,Selangor,47431,939,475000,2026-08-17,B5
TX-2026-08-01107,Pangsapuri Suria Bayu Sepang,F-23-20,Teres 1 Tingkat,Sepang,Selangor,63114,1014,512000,2026-08-27,B4
TX-2026-08-01840,Kondominium Damai Indah Petaling,A-03-11,Pangsapuri,Petaling,Selangor,47100,755,401000,2026-08-13,B3
TX-2026-08-02323,Kondominium Mutiara Sentosa Hulu,E-05-18,Teres 1 Tingkat,Hulu Langat,Selangor,43293,1111,557500,2026-08-13,B3
TX-2026-08-00360,Pangsapuri Cempaka Wangi Klang,G-20-18,Kondominium,Klang,Selangor,41398,1283,510000,2026-08-09,B3
TX-2026-08-00499,Taman Tasik Permai Klang,D-07-13,Teres 1 Tingkat,Klang,Selangor,42209,1112,406500,13/08/2026,B2
TX-2026-08-02107,Kondominium Damai Indah Petaling,G-13-12,Berkembar 2 Tingkat,Petaling,Selangor,47318,2230,1921500,2026-08-28,B6
TX-2026-08-00252,Taman Kenanga Sari Kuala,C-05-12,Teres 1 Tingkat,Kuala Lumpur,W.P. Kuala Lumpur,56358,1261,832500,2026-08-10,B3
TX-2026-08-00268,Bandar Kenanga Sari Kuala,C-27-17,Banglo,Kuala Lumpur,W.P. Kuala Lumpur,58870,5009,3523500,2026-08-14,B4
TX-2026-08-01853,Pangsapuri Suria Bayu Kuala,G-01-09,Pangsapuri,DAERAH KUALA LUMPUR,W.P. Kuala Lumpur,54134,805,456000,2026-08-25,B2
TX-2026-08-01960,Desa Kenanga Sari Hulu,E-03-18,Teres 1 Tingkat,Hulu Langat,Selangor,43127,994,410000,2026-08-14,B4
TX-2026-08-00641,Desa Bukit Harmoni Petaling,C-02-16,Berkembar 2 Tingkat,Petaling,Selangor,47021,2950,2202500,2026-08-07,B5
TX-2026-08-01357,Bandar Damai Indah Hulu,A-11-10,Banglo,Hulu Langat,Selangor,43258,4952,1839000,2026-08-23,B3
TX-2026-08-02767,Desa Mutiara Sentosa Klang,C-09-23,Teres 2 Tingkat,DAERAH KLANG,Selangor,41988,1608,820000,2026-08-18,B1
TX-2026-08-01156,Residensi Damai Indah Sepang,A-15-11,Kondominium,Sepang,Selangor,63051,761,302500,2026-08-10,B2
TX-2026-08-00348,Bandar Kenanga Sari Kuala,G-02-10,Teres 2 Tingkat,Kuala Lumpur,W.P. Kuala Lumpur,53276,1654,758500,2026-08-09,B1
TX-2026-08-02700,Desa Seri Melati Kuala,D-31-18,Teres 2 Tingkat,Kuala Lumpur,W.P. Kuala Lumpur,59741,1929,1063000,2026-08-04,B6
TX-2026-08-00477,Taman Damai Indah Sabak,C-33-24,Teres 2 Tingkat,Sabak Bernam,Selangor,45240,1825,504,2026-08-08,B5
TX-2026-08-00703,Desa Putra Perdana Klang,F-19-18,Pangsapuri,DAERAH KLANG,Selangor,41925,927,460000,2026-08-22,B6
TX-2026-08-00819,Kondominium Mutiara Sentosa Hulu,E-08-16,Teres 1 Tingkat,DAERAH HULU LANGAT,Selangor,43402,1157,443000,2026-08-12,B5
TX-2026-08-02901,Bandar Suria Bayu Kuala,B-28-24,Teres 2 Tingkat,Kuala Langat,Selangor,42677,1422,557500,2026-08-28,B5
TX-2026-08-01168,Desa Bukit Harmoni Petaling,B-32-07,Pangsapuri,Petaling,Selangor,46939,728,260000,2026-08-30,B1
TX-2026-08-00181,Desa Mutiara Sentosa Klang,G-06-20,Kondominium,Klang,Selangor,42243,1167,463500,2026-08-13,B3
TX-2026-08-02972,Bandar Tasik Permai Kuala,C-33-09,Pangsapuri,Kuala Selangor,Selangor,45605,912,243500,2026-08-24,B3
TX-2026-08-00182,Desa Tasik Permai Sepang,D-14-16,Pangsapuri,Sepang,Selangor,63000,594,239000,2026-08-14,B6
TX-2026-08-02814,Taman Warisan Murni Gombak,D-01-10,Pangsapuri,DAERAH GOMBAK,Selangor,68036,798,315000,2026-08-21,B2
TX-2026-08-02549,Residensi Seri Melati Kuala,F-24-08,Teres 1 Tingkat,Kuala Lumpur,W.P. Kuala Lumpur,55299,937,575000,2026-08-23,B5
TX-2026-08-00371,Desa Anggerik Jaya Kuala,B-17-07,Teres 1 Tingkat,Kuala Langat,Selangor,42703,1057,219000,2026-08-05,B3
TX-2026-08-01186,Taman Warisan Murni Gombak,B-34-19,Pangsapuri,DAERAH GOMBAK,Selangor,68081,605,335000,2026-08-25,B2
TX-2026-08-02599,Pangsapuri Kenanga Sari Petaling,C-38-15,Banglo,Petaling,Selangor,47393,4993,2188500,30/08/2026,B3
TX-2026-08-02632,Kondominium Impian Setia Gombak,F-30-07,Pangsapuri,Gombak,Selangor,68085,821,365000,2026-08-03,B6
TX-2026-08-00531,Desa Cempaka Wangi Gombak,G-05-02,Berkembar 2 Tingkat,Gombak,Selangor,68088,2717,1451000,2026-08-14,B6
TX-2026-08-00590,Taman Tasik Permai Klang,C-33-04,Pangsapuri,Klang,Selangor,42219,786,369500,2026-08-18,B5
TX-2026-08-02690,Kondominium Damai Indah Petaling,F-30-04,Banglo,Petaling,Selangor,46568,4145,1446500,2026-08-26,B5
TX-2026-08-02730,Pangsapuri Putra Perdana Hulu,A-11-17,Banglo,Hulu Selangor,Selangor,35908,4528,1531500,2026-08-03,B3
TX-2026-08-01454,Residensi Seri Melati Kuala,D-18-01,Teres 1 Tingkat,Kuala Lumpur,W.P. Kuala Lumpur,58834,946,437000,2026-08-25,B4
TX-2026-08-02889,Taman Kenanga Sari Kuala,B-30-20,Banglo,Kuala Langat,Selangor,42577,4821,1220000,2026-08-13,B5
TX-2026-08-01695,Bandar Anggerik Jaya Petaling,C-05-03,Banglo,Petaling,Selangor,47000,3215,2350000,2026-08-04,B4
TX-2026-08-02643,Desa Cempaka Wangi Gombak,A-23-10,Kondominium,Gombak,Selangor,68065,1461,600000,2026-08-31,B3
TX-2026-08-02692,Desa Putra Perdana Klang,G-05-09,Kondominium,DAERAH KLANG,Selangor,41007,1022,409000,2026-08-14,B1
TX-2026-08-01363,Bandar Mutiara Sentosa Kuala,F-33-20,Teres 2 Tingkat,Kuala Lumpur,W.P. Kuala Lumpur,50275,2293,1579500,2026-08-14,B3
TX-2026-08-00255,Bandar Mutiara Sentosa Kuala,G-33-02,Teres 1 Tingkat,Kuala Lumpur,W.P. Kuala Lumpur,52470,1050,886000,2026-08-09,B5
TX-2026-08-00786,Desa Putra Perdana Klang,C-38-24,Kondominium,Klang,Selangor,41094,1427,533000,2026-08-20,B5
TX-2026-08-00222,Kondominium Cempaka Wangi Sepang,A-26-07,Teres 1 Tingkat,Sepang,Selangor,63275,1324,647000,2026-08-24,B6
TX-2026-08-01648,Bandar Anggerik Jaya Hulu,D-01-03,Teres 2 Tingkat,DAERAH HULU LANGAT,Selangor,43054,1486,511500,2026-08-11,B2
TX-2026-08-01999,Taman Bukit Harmoni Gombak,E-06-15,Banglo,DAERAH GOMBAK,Selangor,68013,3171,1527500,2026-08-09,B1
TX-2026-08-02048,Bandar Damai Indah Hulu,G-04-07,Banglo,Hulu Langat,Selangor,43416,3880,1377500,2026-08-14,B5
TX-2026-08-00857,Taman Kenanga Sari Gombak,C-12-07,Pangsapuri,Gombak,Selangor,68072,846,342500,2026-08-14,B3
TX-2026-08-00229,Kondominium Putra Perdana Petaling,D-03-17,Teres 1 Tingkat,Petaling,Selangor,46944,1022,622000,2026-08-17,B4
TX-2026-08-00627,Kondominium Impian Setia Gombak,F-25-13,Teres 2 Tingkat,Gombak,Selangor,68041,2120,654000,2026-08-12,B2
TX-2026-08-00123,Pangsapuri Kenanga Sari Petaling,F-08-12,Pangsapuri,Petaling,Selangor,46197,819,426000,2026-08-20,B3
TX-2026-08-02569,Pangsapuri Cempaka Wangi Klang,F-34-17,Berkembar 2 Tingkat,Klang,Selangor,41317,3265,1122000,2026-08-18,B5
TX-2026-08-01084,Taman Anggerik Jaya Kuala,B-11-17,Teres 2 Tingkat,Kuala Lumpur,W.P. Kuala Lumpur,55436,1460,803000,2026-08-25,B6
TX-2026-08-02082,Pangsapuri Cempaka Wangi Klang,A-05-11,Berkembar 2 Tingkat,DAERAH KLANG,Selangor,41543,3117,1254000,2026-08-24,B6
TX-2026-08-00750,Kondominium Damai Indah Petaling,G-36-03,Teres 2 Tingkat,Petaling,Selangor,47469,1906,1138500,2026-08-04,B2
TX-2026-08-01930,Kondominium Impian Setia Petaling,F-17-24,Berkembar 2 Tingkat,Petaling,Selangor,47379,2335,1447000,2026-08-15,B4
TX-2026-08-02759,Desa Putra Perdana Klang,A-24-07,Teres 2 Tingkat,Klang,Selangor,41959,2061,675500,2026-08-09,B3
TX-2026-08-02777,Bandar Bukit Harmoni Hulu,E-17-02,Kondominium,Hulu Selangor,Selangor,44227,1010,230000,2026-08-22,B2
TX-2026-08-01409,Kondominium Kenanga Sari Hulu,B-14-12,Kondominium,Hulu Langat,Selangor,43257,867,302000,2026-08-20,B4
TX-2026-08-02053,Pangsapuri Bukit Harmoni Sabak,F-35-07,Pangsapuri,Sabak Bernam,Selangor,45117,680,156000,2026-08-09,B4
TX-2026-08-01689,Kondominium Putra Perdana Petaling,E-33-02,Banglo,Petaling,Selangor,46011,3563,1849000,01/08/2026,B4
TX-2026-08-01213,Kondominium Mutiara Sentosa Hulu,D-23-21,Teres 1 Tingkat,Hulu Langat,Selangor,43489,1174,567500,2026-08-27,B3
TX-2026-08-01294,Bandar Anggerik Jaya Hulu,C-25-11,Teres 2 Tingkat,DAERAH HULU LANGAT,Selangor,43310,2207,960000,2026-08-08,B2
TX-2026-08-00525,Pangsapuri Warisan Murni Kuala,C-22-09,Teres 1 Tingkat,DAERAH KUALA LANGAT,Selangor,42679,927,304000,2026-08-24,B1
TX-2026-08-01586,Kondominium Mutiara Sentosa Hulu,A-32-18,Kondominium,Hulu Langat,Selangor,43429,806,304500,2026-08-01,B6
TX-2026-08-01723,Residensi Kenanga Sari Sepang,C-02-15,Pangsapuri,Sepang,Selangor,63008,562,247000,2026-08-12,B5
TX-2026-08-02540,Bandar Anggerik Jaya Petaling,B-08-07,Teres 1 Tingkat,DAERAH PETALING,Selangor,46510,1173,655000,2026-08-04,B4
TX-2026-08-02817,Pangsapuri Kenanga Sari Petaling,B-28-17,Teres 1 Tingkat,Petaling,Selangor,46184,930,268500,2026-08-02,B2
TX-2026-08-02770,Bandar Anggerik Jaya Petaling,A-32-06,Banglo,Petaling,Selangor,46234,4206,2427500,21/08/2026,B6
TX-2026-08-01841,Kondominium Anggerik Jaya Sabak,C-09-22,Teres 2 Tingkat,Sabak Bernam,Selangor,45290,1471,316,2026-08-06,B3
TX-2026-08-02808,Desa Mutiara Sentosa Klang,F-26-01,Pangsapuri,Klang,Selangor,41536,798,209500,2026-08-08,B5
TX-2026-08-00899,Residensi Putra Perdana Hulu,F-09-18,Teres 2 Tingkat,Hulu Selangor,Selangor,44017,1622,329000,2026-08-31,B4
TX-2026-08-02432,Pangsapuri Seri Melati Kuala,F-36-02,Teres 2 Tingkat,Kuala Selangor,Selangor,45712,2349,834500,2026-08-23,B4
TX-2026-08-02387,Pangsapuri Seri Melati Hulu,F-18-22,Berkembar 2 Tingkat,Hulu Langat,Selangor,43207,2650,716000,2026-08-23,B3
TX-2026-08-00468,Bandar Damai Indah Hulu,A-22-03,Teres 1 Tingkat,DAERAH HULU LANGAT,Selangor,43286,989,244500,2026-08-30,B4
TX-2026-08-00583,Kondominium Damai Indah Petaling,A-19-22,Pangsapuri,Petaling,Selangor,46809,615,263000,2026-08-22,B2
TX-2026-08-00112,Pangsapuri Suria Bayu Kuala,D-28-04,Kondominium,Kuala Lumpur,W.P. Kuala Lumpur,56480,892,580000,2026-08-14,B6
TX-2026-08-02663,Taman Bukit Harmoni Klang,B-19-15,Teres 1 Tingkat,Klang,Selangor,41122,1133,363000,2026-08-19,B1
TX-2026-08-01928,Kondominium Impian Setia Gombak,G-31-12,Pangsapuri,DAERAH GOMBAK,Selangor,68079,602,211000,2026-08-25,B3
TX-2026-08-02718,Taman Kenanga Sari Gombak,G-38-23,Teres 1 Tingkat,Gombak,Selangor,68034,1294,399500,2026-08-14,B2
TX-2026-08-02073,Pangsapuri Kenanga Sari Petaling,B-03-21,Pangsapuri,Petaling,Selangor,46695,672,241000,2026-08-14,B3
TX-2026-08-01447,Taman Anggerik Jaya Kuala,A-08-14,Kondominium,Kuala Lumpur,W.P. Kuala Lumpur,57331,836,561000,2026-08-04,B2
TX-2026-08-01453,Desa Seri Melati Kuala,A-23-04,Teres 2 Tingkat,Kuala Lumpur,W.P. Kuala Lumpur,57947,2354,2541000,2026-08-18,B2
TX-2026-08-00481,Taman Kenanga Sari Kuala,E-35-04,Teres 1 Tingkat,Kuala Lumpur,W.P. Kuala Lumpur,50790,1237,1097000,2026-08-02,B4
TX-2026-08-02290,Pangsapuri Warisan Murni Kuala,A-04-21,Berkembar 2 Tingkat,Kuala Langat,Selangor,42532,2622,557000,2026-08-16,B5
TX-2026-08-02208,Pangsapuri Putra Perdana Hulu,F-20-10,Teres 1 Tingkat,DAERAH HULU SELANGOR,Selangor,44297,942,381000,2026-08-21,B5
TX-2026-08-02592,Pangsapuri Suria Bayu Kuala,C-11-18,Teres 1 Tingkat,Kuala Lumpur,W.P. Kuala Lumpur,59418,1373,1234500,2026-08-22,B6
TX-2026-08-00937,Taman Tasik Permai Klang,F-17-02,Teres 1 Tingkat,Klang,Selangor,41251,1290,543500,2026-08-27,B3
TX-2026-08-01849,Residensi Kenanga Sari Sepang,C-15-16,Kondominium,Sepang,Selangor,63096,1445,634500,2026-08-02,B5
TX-2026-08-01383,Desa Tasik Permai Sepang,B-21-19,Pangsapuri,Sepang,Selangor,63054,927,545000,2026-08-06,B6
TX-2026-08-00052,Desa Warisan Murni Petaling,F-16-21,Kondominium,Petaling,Selangor,47268,1352,703000,2026-08-19,B6
TX-2026-08-00556,Kondominium Mutiara Sentosa Hulu,E-07-02,Berkembar 2 Tingkat,Hulu Langat,Selangor,43415,3161,887000,2026-08-25,B2
TX-2026-08-01075,Bandar Mutiara Sentosa Kuala,A-21-23,Berkembar 2 Tingkat,DAERAH KUALA LUMPUR,W.P. Kuala Lumpur,57678,3290,2295500,2026-08-22,B3
TX-2026-08-00631,Pangsapuri Mutiara Sentosa Kuala,F-28-22,Kondominium,DAERAH KUALA SELANGOR,Selangor,45630,866,202000,2026-08-03,B1
TX-2026-08-02667,Bandar Anggerik Jaya Petaling,A-12-18,Pangsapuri,Petaling,Selangor,46694,702,305000,2026-08-25,B1
TX-2026-08-02882,Desa Putra Perdana Klang,F-38-10,Kondominium,Klang,Selangor,41183,998,287500,2026-08-05,B6
TX-2026-08-00011,Kondominium Kenanga Sari Hulu,A-15-24,Kondominium,Hulu Langat,Selangor,43088,1053,421000,2026-08-14,B6
TX-2026-08-02055,Residensi Warisan Murni Kuala,B-04-14,Banglo,DAERAH KUALA LANGAT,Selangor,42520,3444,1059500,2026-08-14,B3
TX-2026-08-02423,Residensi Mutiara Sentosa Kuala,C-27-19,Pangsapuri,Kuala Langat,Selangor,42733,739,310500,2026-08-14,B1
TX-2026-08-01476,Desa Seri Melati Kuala,B-34-10,Kondominium,Kuala Lumpur,W.P. Kuala Lumpur,55589,1185,432000,2026-08-28,B4
TX-2026-08-01707,Taman Tasik Permai Klang,B-04-19,Teres 2 Tingkat,Klang,Selangor,41799,1899,472500,2026-08-09,B4
TX-2026-08-00723,Kondominium Kenanga Sari Hulu,B-15-10,Kondominium,Hulu Langat,Selangor,43151,970,278500,2026-08-31,B2
TX-2026-08-00635,Residensi Kenanga Sari Sepang,F-11-21,Teres 1 Tingkat,Sepang,Selangor,71808,972,274000,2026-08-07,B6
TX-2026-08-00058,Residensi Kenanga Sari Sepang,G-29-19,Kondominium,Sepang,Selangor,63036,1047,408500,2026-08-26,B5
TX-2026-08-00952,Kondominium Damai Indah Petaling,A-01-23,Teres 2 Tingkat,Petaling,Selangor,47011,2333,985500,2026-08-05,B5
TX-2026-08-01894,Desa Anggerik Jaya Sepang,D-20-07,Berkembar 2 Tingkat,DAERAH SEPANG,Selangor,63265,2990,1225500,2026-08-17,B2
TX-2026-08-01183,Bandar Anggerik Jaya Hulu,B-27-14,Kondominium,Hulu Langat,Selangor,43300,1231,453000,2026-08-21,B5
TX-2026-08-00645,Pangsapuri Kenanga Sari Kuala,B-04-01,Berkembar 2 Tingkat,Kuala Selangor,Selangor,45711,3036,649500,2026-08-08,B2
TX-2026-08-02638,Taman Seri Melati Hulu,A-36-17,Kondominium,Hulu Langat,Selangor,43463,1405,626000,2026-08-17,B4
TX-2026-08-02637,Desa Impian Setia Klang,D-09-21,Pangsapuri,Klang,Selangor,41146,816,346500,2026-08-28,B1
TX-2026-08-02947,Desa Bukit Harmoni Petaling,E-29-02,Teres 1 Tingkat,DAERAH PETALING,Selangor,46772,958,522500,2026-08-11,B1
TX-2026-08-02811,Kondominium Mutiara Sentosa Hulu,G-06-04,Banglo,DAERAH HULU LANGAT,Selangor,43431,3184,942500,2026-08-23,B5
TX-2026-08-02380,Kondominium Damai Indah Petaling,D-02-07,Teres 2 Tingkat,Petaling,Selangor,46396,1836,811500,2026-08-19,B2
TX-2026-08-00693,Residensi Putra Perdana Hulu,E-37-07,Kondominium,Hulu Selangor,Selangor,44210,1588,440000,2026-08-22,B3
TX-2026-08-02449,Taman Warisan Murni Hulu,B-18-04,Teres 1 Tingkat,DAERAH HULU SELANGOR,Selangor,44106,1045,237500,2026-08-22,B1
TX-2026-08-00415,Taman Bukit Harmoni Klang,C-20-18,Kondominium,Klang,Selangor,41705,1157,629000,2026-08-25,B3
TX-2026-08-00585,Residensi Kenanga Sari Sepang,C-37-02,Berkembar 2 Tingkat,Sepang,Selangor,63278,2514,1203000,2026-08-12,B2
TX-2026-08-01668,Desa Bukit Harmoni Petaling,E-08-06,Teres 2 Tingkat,Petaling,Selangor,46131,1699,917500,2026-08-18,B4
TX-2026-08-02451,Kondominium Cempaka Wangi Sepang,D-02-18,Pangsapuri,Sepang,Selangor,63290,624,217500,2026-08-20,B3
TX-2026-08-01342,Desa Bukit Harmoni Petaling,C-02-15,Pangsapuri,Petaling,Selangor,47471,720,374000,2026-08-11,B5
TX-2026-08-01381,Taman Suria Bayu Kuala,F-36-19,Banglo,Kuala Selangor,Selangor,45685,3526,991000,2026-08-27,B1
TX-2026-08-01549,Desa Kenanga Sari Hulu,B-21-20,Banglo,Hulu Langat,Selangor,43414,2950,1106000,2026-08-27,B1
TX-2026-08-00390,Desa Kenanga Sari Kuala,D-23-04,Kondominium,DAERAH KUALA LANGAT,Selangor,42673,1218,352000,2026-08-30,B6
TX-2026-08-00344,Pangsapuri Kenanga Sari Hulu,B-15-23,Kondominium,Hulu Selangor,Selangor,44038,1364,327500,2026-08-03,B1
TX-2026-08-00766,Desa Bukit Harmoni Petaling,A-31-12,Berkembar 2 Tingkat,Petaling,Selangor,47152,3047,1034500,2026-08-17,B5
TX-2026-08-00995,Desa Tasik Permai Sepang,A-03-12,Teres 1 Tingkat,Sepang,Selangor,63014,1197,447500,2026-08-21,B5
TX-2026-08-00267,Desa Warisan Murni Petaling,F-35-15,Pangsapuri,Petaling,Selangor,47382,846,438500,2026-08-24,B1
TX-2026-08-02026,Pangsapuri Suria Bayu Kuala,D-30-14,Teres 2 Tingkat,Kuala Lumpur,W.P. Kuala Lumpur,50284,2149,1300500,2026-08-04,B1
TX-2026-08-02689,Taman Damai Indah Sabak,A-14-22,Pangsapuri,DAERAH SABAK BERNAM,Selangor,45366,762,150000,2026-08-06,B4
TX-2026-08-01903,Bandar Mutiara Sentosa Kuala,D-31-24,Teres 2 Tingkat,Kuala Lumpur,W.P. Kuala Lumpur,53393,2347,1776500,2026-08-20,B2
TX-2026-08-02668,Bandar Mutiara Sentosa Kuala,F-03-06,Berkembar 2 Tingkat,Kuala Lumpur,W.P. Kuala Lumpur,57869,2210,1243500,2026-08-14,B4
TX-2026-08-02391,Desa Mutiara Sentosa Klang,F-25-05,Berkembar 2 Tingkat,DAERAH KLANG,Selangor,41122,3169,1719000,2026-08-30,B3
TX-2026-08-00036,Desa Bukit Harmoni Petaling,B-14-10,Pangsapuri,Petaling,Selangor,47038,813,423000,2026-08-07,B3
TX-2026-08-01010,Taman Tasik Permai Klang,B-18-06,Teres 2 Tingkat,Klang,Selangor,41341,1955,530500,2026-08-15,B6
TX-2026-08-00432,Desa Impian Setia Klang,B-17-08,Berkembar 2 Tingkat,DAERAH KLANG,Selangor,41068,2696,1298000,2026-08-25,B1
TX-2026-08-00327,Kondominium Mutiara Sentosa Hulu,A-29-24,Teres 1 Tingkat,Hulu Langat,Selangor,43442,1000,281000,2026-08-19,B1
TX-2026-08-01134,Pangsapuri Cempaka Wangi Klang,G-25-12,Teres 1 Tingkat,Klang,Selangor,41115,1178,518000,2026-08-03,B3
TX-2026-08-00853,Residensi Kenanga Sari Sepang,A-05-19,Teres 1 Tingkat,Sepang,Selangor,63157,1319,506500,2026-08-02,B1
TX-2026-08-00598,Desa Anggerik Jaya Sepang,D-15-12,Teres 2 Tingkat,Sepang,Selangor,71808,1824,455500,2026-08-06,B1
TX-2026-08-02998,Desa Cempaka Wangi Gombak,D-34-03,Kondominium,DAERAH GOMBAK,Selangor,68004,862,361000,2026-08-09,B1
TX-2026-08-02674,Pangsapuri Seri Melati Hulu,F-26-04,Berkembar 2 Tingkat,Hulu Langat,Selangor,43148,2680,1450000,2026-08-04,B2
TX-2026-08-00165,Bandar Damai Indah Hulu,F-05-03,Banglo,Hulu Langat,Selangor,43133,4467,1657000,2026-08-02,B3
TX-2026-08-00769,Pangsapuri Bukit Harmoni Sabak,B-20-13,Pangsapuri,Sabak Bernam,Selangor,45329,884,199500,2026-08-22,B3
TX-2026-08-01623,Desa Cempaka Wangi Gombak,D-29-04,Berkembar 2 Tingkat,Gombak,Selangor,68024,2922,1294000,2026-08-19,B3
TX-2026-08-02589,Desa Kenanga Sari Kuala,G-30-21,Teres 2 Tingkat,DAERAH KUALA LANGAT,Selangor,42621,1980,626000,2026-08-24,B3
TX-2026-08-00961,Bandar Kenanga Sari Kuala,E-03-19,Kondominium,Kuala Lumpur,W.P. Kuala Lumpur,57273,1295,681000,2026-08-19,B1
TX-2026-08-02093,Taman Tasik Permai Klang,C-28-19,Teres 1 Tingkat,Klang,Selangor,41951,1376,333500,2026-08-29,B5
TX-2026-08-01265,Kondominium Putra Perdana Petaling,E-17-20,Banglo,DAERAH PETALING,Selangor,47368,4447,2521500,2026-08-08,B2
TX-2026-08-02680,Pangsapuri Suria Bayu Kuala,C-18-19,Pangsapuri,Kuala Lumpur,W.P. Kuala Lumpur,58074,737,519000,2026-08-24,B4
TX-2026-08-00470,Bandar Kenanga Sari Kuala,B-29-15,Teres 2 Tingkat,DAERAH KUALA LUMPUR,W.P. Kuala Lumpur,55006,2291,1038000,2026-08-14,B4
TX-2026-08-00162,Desa Mutiara Sentosa Klang,C-37-12,Teres 2 Tingkat,Klang,Selangor,41421,1607,603000,2026-08-22,B5
TX-2026-08-02406,Taman Kenanga Sari Kuala,A-06-03,Banglo,Kuala Langat,Selangor,42548,4239,1608000,2026-08-18,B2
TX-2026-08-02962,Desa Putra Perdana Klang,E-38-13,Berkembar 2 Tingkat,Klang,Selangor,41040,3275,844500,2026-08-28,B4
TX-2026-08-02492,Kondominium Mutiara Sentosa Hulu,A-11-07,Kondominium,Hulu Langat,Selangor,43475,1199,612500,11/08/2026,B2
TX-2026-08-01102,Taman Tasik Permai Klang,B-02-02,Banglo,Klang,Selangor,41995,3223,845000,2026-08-12,B4
TX-2026-08-00600,Pangsapuri Kenanga Sari Petaling,C-27-14,Kondominium,Petaling,Selangor,46462,970,532000,2026-08-16,B6
TX-2026-08-02322,Taman Anggerik Jaya Kuala,G-05-06,Teres 1 Tingkat,Kuala Lumpur,W.P. Kuala Lumpur,50181,1280,645000,2026-08-05,B4
TX-2026-08-01325,Taman Kenanga Sari Gombak,F-27-07,Kondominium,Gombak,Selangor,68097,1328,659500,2026-08-10,B4
TX-2026-08-00163,Residensi Kenanga Sari Sepang,G-05-19,Pangsapuri,Sepang,Selangor,63195,941,579500,2026-08-09,B5
TX-2026-08-00019,Kondominium Mutiara Sentosa Hulu,D-06-18,Pangsapuri,Hulu Langat,Selangor,43151,701,280500,2026-08-31,B4
TX-2026-08-00831,Taman Bukit Harmoni Sabak,E-23-22,Teres 1 Tingkat,Sabak Bernam,Selangor,45152,1276,247000,2026-08-26,B1
TX-2026-08-00953,Desa Mutiara Sentosa Klang,E-23-13,Teres 2 Tingkat,Klang,Selangor,41957,2043,689500,2026-08-31,B2
TX-2026-08-01238,Kondominium Damai Indah Petaling,E-37-08,Banglo,Petaling,Selangor,46540,4094,1919000,2026-08-17,B4
TX-2026-08-00474,Desa Putra Perdana Klang,A-09-06,Kondominium,Klang,Selangor,42018,1373,525500,2026-08-13,B5
TX-2026-08-01257,Pangsapuri Kenanga Sari Petaling,B-10-15,Pangsapuri,Petaling,Selangor,46782,554,216500,2026-08-02,B2
TX-2026-08-02801,Residensi Putra Perdana Hulu,A-11-15,Berkembar 2 Tingkat,Hulu Selangor,Selangor,44017,2862,765500,2026-08-11,B1
TX-2026-08-02433,Desa Putra Perdana Klang,F-01-07,Teres 2 Tingkat,Klang,Selangor,41649,2090,648500,2026-08-09,B6
TX-2026-08-02360,Kondominium Damai Indah Petaling,A-06-08,Banglo,DAERAH PETALING,Selangor,46554,2876,1044000,2026-08-04,B5
TX-2026-08-02980,Bandar Putra Perdana Hulu,C-08-05,Teres 2 Tingkat,Hulu Selangor,Selangor,44079,2240,675500,2026-08-29,B3
TX-2026-08-00325,Desa Putra Perdana Klang,D-18-19,Berkembar 2 Tingkat,Klang,Selangor,41838,2823,1227000,2026-08-22,B3
TX-2026-08-02261,Pangsapuri Seri Melati Hulu,F-18-24,Pangsapuri,Hulu Langat,Selangor,43037,631,329000,2026-08-21,B6
TX-2026-08-00668,Bandar Tasik Permai Kuala,C-32-21,Pangsapuri,DAERAH KUALA SELANGOR,Selangor,45767,727,239500,2026-08-05,B1
TX-2026-08-01843,Pangsapuri Suria Bayu Sepang,B-30-02,Pangsapuri,Sepang,Selangor,63116,735,335500,2026-08-19,B5
TX-2026-08-02750,Bandar Anggerik Jaya Petaling,G-15-02,Teres 2 Tingkat,DAERAH PETALING,Selangor,46491,1912,1180500,2026-08-27,B6
TX-2026-08-01661,Taman Kenanga Sari Klang,A-04-15,Berkembar 2 Tingkat,Klang,Selangor,41585,3048,1719500,2026-08-01,B1
TX-2026-08-01956,Pangsapuri Kenanga Sari Petaling,F-34-12,Banglo,DAERAH PETALING,Selangor,47503,4465,2401000,2026-08-29,B1
TX-2026-08-00247,Pangsapuri Suria Bayu Kuala,C-04-10,Berkembar 2 Tingkat,DAERAH KUALA LUMPUR,W.P. Kuala Lumpur,55182,2219,1152000,2026-08-30,B6
TX-2026-08-01979,Kondominium Cempaka Wangi Sepang,A-12-12,Pangsapuri,Sepang,Selangor,63084,668,280500,2026-08-19,B5
TX-2026-08-00070,Taman Kenanga Sari Kuala,E-28-08,Kondominium,Kuala Lumpur,W.P. Kuala Lumpur,58264,1036,673500,2026-08-15,B4
TX-2026-08-01179,Desa Seri Melati Kuala,F-34-12,Teres 2 Tingkat,DAERAH KUALA LUMPUR,W.P. Kuala Lumpur,56572,2123,1300000,2026-08-02,B5
TX-2026-08-00121,Pangsapuri Kenanga Sari Petaling,E-11-01,Pangsapuri,Petaling,Selangor,47100,819,426000,2026-08-20,B2
TX-2026-08-00294,Taman Kenanga Sari Klang,E-33-12,Pangsapuri,Klang,Selangor,42222,819,398500,2026-08-17,B4
TX-2026-08-02684,Taman Warisan Murni Hulu,B-10-19,Kondominium,Hulu Selangor,Selangor,44135,1324,412000,2026-08-10,B2
TX-2026-08-01260,Desa Bukit Harmoni Petaling,F-11-23,Kondominium,Petaling,Selangor,46410,893,457500,2026-08-15,B1
TX-2026-08-00684,Taman Warisan Murni Gombak,B-07-24,Pangsapuri,Gombak,Selangor,68061,740,350500,2026-08-26,B1
TX-2026-08-01391,Taman Bukit Harmoni Klang,F-32-09,Banglo,Klang,Selangor,41032,2956,1435000,2026-08-21,B5
TX-2026-08-01725,Taman Bukit Harmoni Sabak,G-26-08,Teres 1 Tingkat,Sabak Bernam,Selangor,45263,912,294000,2026-08-10,B6
TX-2026-08-02329,Desa Mutiara Sentosa Klang,F-20-23,Teres 1 Tingkat,Klang,Selangor,41063,923,354000,2026-08-12,B4
TX-2026-08-01221,Desa Impian Setia Klang,E-23-03,Pangsapuri,Klang,Selangor,41180,808,269500,2026-08-19,B3
TX-2026-08-00277,Kondominium Kenanga Sari Hulu,E-25-03,Berkembar 2 Tingkat,Hulu Langat,Selangor,43275,2653,860500,2026-08-17,B2
TX-2026-08-00523,Taman Bukit Harmoni Klang,G-35-24,Kondominium,DAERAH KLANG,Selangor,41553,1368,430500,2026-08-16,B1
TX-2026-08-01778,Kondominium Putra Perdana Petaling,D-05-15,Teres 2 Tingkat,Petaling,Selangor,47036,1988,1053500,2026-08-29,B2
TX-2026-08-02447,Desa Impian Setia Kuala,C-34-15,Teres 2 Tingkat,Kuala Selangor,Selangor,45740,1989,635000,2026-08-08,B5
TX-2026-08-00971,Desa Warisan Murni Petaling,G-34-16,Pangsapuri,DAERAH PETALING,Selangor,46022,707,359500,2026-08-08,B4
TX-2026-08-02169,Pangsapuri Seri Melati Kuala,A-31-16,Pangsapuri,Kuala Selangor,Selangor,45669,687,171000,2026-08-26,B1
TX-2026-08-01531,Taman Kenanga Sari Gombak,D-15-09,Teres 2 Tingkat,Gombak,Selangor,68068,1552,496500,2026-08-26,B5
TX-2026-08-01356,Pangsapuri Kenanga Sari Petaling,D-28-13,Berkembar 2 Tingkat,Petaling,Selangor,46500,2270,1307000,2026-08-14,B2
TX-2026-08-02187,Desa Seri Melati Kuala,C-13-16,Banglo,Kuala Lumpur,W.P. Kuala Lumpur,51091,3758,2638500,2026-08-08,B4
TX-2026-08-02464,Bandar Anggerik Jaya Hulu,G-09-18,Teres 2 Tingkat,Hulu Langat,Selangor,43097,2064,762500,2026-08-10,B5
TX-2026-08-00175,Taman Anggerik Jaya Kuala,F-10-23,Berkembar 2 Tingkat,Kuala Lumpur,W.P. Kuala Lumpur,56659,3198,2277500,2026-08-07,B2
TX-2026-08-01559,Bandar Mutiara Sentosa Kuala,C-02-12,Teres 1 Tingkat,Kuala Lumpur,W.P. Kuala Lumpur,56195,1023,581000,2026-08-08,B4
TX-2026-08-02756,Taman Warisan Murni Gombak,E-08-15,Kondominium,Gombak,Selangor,68013,1218,474500,2026-08-15,B6
TX-2026-08-00604,Taman Seri Melati Hulu,E-28-05,Teres 2 Tingkat,Hulu Langat,Selangor,43292,1764,607000,2026-08-21,B4
TX-2026-08-01242,Desa Seri Melati Kuala,B-33-17,Banglo,Kuala Lumpur,W.P. Kuala Lumpur,58177,3674,2239500,2026-08-14,B6
TX-2026-08-01514,Taman Kenanga Sari Gombak,C-01-11,Teres 1 Tingkat,Gombak,Selangor,68066,987,475500,2026-08-21,B5
TX-2026-08-02593,Residensi Seri Melati Kuala,F-09-03,Banglo,Kuala Lumpur,W.P. Kuala Lumpur,55433,3197,2451000,2026-08-14,B6
TX-2026-08-00118,Bandar Anggerik Jaya Hulu,C-06-01,Pangsapuri,Hulu Langat,Selangor,43177,889,355500,2026-08-07,B2
TX-2026-08-01511,Residensi Damai Indah Sepang,G-06-13,Berkembar 2 Tingkat,Sepang,Selangor,63069,2456,1233000,2026-08-16,B5
TX-2026-08-02757,Kondominium Damai Indah Petaling,E-09-02,Banglo,Petaling,Selangor,46076,3375,1196500,2026-08-19,B5
TX-2026-08-02393,Pangsapuri Bukit Harmoni Sabak,B-16-15,Berkembar 2 Tingkat,Sabak Bernam,Selangor,45253,2352,297500,2026-08-22,B1
TX-2026-08-00135,Pangsapuri Suria Bayu Kuala,E-07-09,Kondominium,Kuala Lumpur,W.P. Kuala Lumpur,59477,1280,832000,2026-08-20,B4
TX-2026-08-01016,Desa Mutiara Sentosa Sabak,E-30-03,Teres 2 Tingkat,Sabak Bernam,Selangor,45225,1904,372500,2026-08-17,B6
TX-2026-08-01849,Residensi Kenanga Sari Sepang,C-15-16,Kondominium,Sepang,Selangor,63096,1445,634500,2026-08-02,B5
TX-2026-08-02517,Residensi Damai Indah Sepang,F-22-12,Teres 2 Tingkat,Sepang,Selangor,63066,1682,692500,2026-08-20,B4
TX-2026-08-00999,Desa Putra Perdana Klang,C-27-14,Pangsapuri,Klang,Selangor,41219,696,212500,2026-08-11,B1
TX-2026-08-02658,Pangsapuri Suria Bayu Sepang,E-35-19,Berkembar 2 Tingkat,Sepang,Selangor,63126,3103,2007000,2026-08-02,B2
TX-2026-08-00919,Taman Warisan Murni Hulu,F-06-15,Teres 2 Tingkat,Hulu Selangor,Selangor,44228,1843,611000,2026-08-10,B6
TX-2026-08-01537,Desa Kenanga Sari Kuala,B-26-17,Kondominium,DAERAH KUALA LANGAT,Selangor,42775,922,294000,2026-08-29,B6
TX-2026-08-01814,Kondominium Cempaka Wangi Sepang,B-18-09,Banglo,DAERAH SEPANG,Selangor,63061,4153,1203000,2026-08-06,B3
TX-2026-08-01289,Kondominium Impian Setia Gombak,C-12-15,Pangsapuri,Gombak,Selangor,68015,652,320500,2026-08-24,B3
TX-2026-08-02212,Pangsapuri Cempaka Wangi Klang,E-15-21,Banglo,Klang,Selangor,41445,4460,1861000,2026-08-16,B1
TX-2026-08-02712,Pangsapuri Seri Melati Hulu,C-22-10,Berkembar 2 Tingkat,Hulu Langat,Selangor,43341,3308,1130000,2026-08-24,B6
TX-2026-08-00580,Residensi Mutiara Sentosa Kuala,C-04-09,Kondominium,DAERAH KUALA LANGAT,Selangor,42590,1556,274500,2026-08-11,B2
TX-2026-08-00581,Taman Warisan Murni Gombak,E-17-22,Banglo,DAERAH GOMBAK,Selangor,68001,3476,2293000,2026-08-18,B5
TX-2026-08-02395,Bandar Damai Indah Hulu,G-37-23,Berkembar 2 Tingkat,Hulu Langat,Selangor,43367,2699,810500,2026-08-12,B3
TX-2026-08-01740,Bandar Kenanga Sari Kuala,F-30-07,Kondominium,Kuala Lumpur,W.P. Kuala Lumpur,57030,1217,615500,2026-08-02,B4
TX-2026-08-02336,Bandar Mutiara Sentosa Kuala,E-18-15,Teres 2 Tingkat,Kuala Lumpur,W.P. Kuala Lumpur,58222,1523,1546000,2026-08-03,B1
TX-2026-08-00437,Taman Anggerik Jaya Kuala,F-21-12,Banglo,Kuala Lumpur,W.P. Kuala Lumpur,51022,4282,2970500,2026-08-02,B6
TX-2026-08-01287,Bandar Suria Bayu Kuala,B-09-10,Teres 1 Tingkat,Kuala Langat,Selangor,42655,1243,281500,2026-08-25,B2
TX-2026-08-01589,Taman Putra Perdana Hulu,E-27-23,Teres 2 Tingkat,DAERAH HULU SELANGOR,Selangor,44208,2247,593500,2026-08-25,B2
TX-2026-08-02385,Taman Kenanga Sari Kuala,E-37-02,Banglo,Kuala Lumpur,W.P. Kuala Lumpur,50564,4329,3442500,2026-08-17,B6
TX-2026-08-00042,Pangsapuri Kenanga Sari Petaling,B-05-21,Pangsapuri,Petaling,Selangor,46277,669,348000,2026-08-15,B4
TX-2026-08-02833,Residensi Seri Melati Kuala,F-29-03,Teres 1 Tingkat,Kuala Lumpur,W.P. Kuala Lumpur,54081,1329,1091000,2026-08-30,B1
TX-2026-08-02996,Desa Impian Setia Klang,E-22-13,Banglo,Klang,Selangor,41163,4459,1836500,2026-08-03,B4
TX-2026-08-00707,Pangsapuri Suria Bayu Kuala,E-31-14,Berkembar 2 Tingkat,DAERAH KUALA LUMPUR,W.P. Kuala Lumpur,53249,3372,2390000,2026-08-15,B4
TX-2026-08-01393,Kondominium Damai Indah Petaling,C-29-22,Teres 2 Tingkat,Petaling,Selangor,47527,1863,592500,2026-08-31,B4
TX-2026-08-00406,Kondominium Impian Setia Petaling,C-29-04,Banglo,Petaling,Selangor,46983,3131,1933500,2026-08-26,B3
TX-2026-08-01885,Kondominium Kenanga Sari Hulu,A-26-05,Teres 1 Tingkat,Hulu Langat,Selangor,43391,1118,420000,2026-08-29,B4
TX-2026-08-02347,Bandar Anggerik Jaya Petaling,C-01-13,Teres 1 Tingkat,Petaling,Selangor,47401,1210,503500,2026-08-22,B2
TX-2026-08-02077,Taman Kenanga Sari Kuala,B-28-12,Berkembar 2 Tingkat,Kuala Lumpur,W.P. Kuala Lumpur,58998,3194,1761500,2026-08-20,B3
TX-2026-08-00426,Pangsapuri Suria Bayu Kuala,F-29-08,Pangsapuri,Kuala Lumpur,W.P. Kuala Lumpur,55052,612,550500,2026-08-26,B6
TX-2026-08-00808,Kondominium Damai Indah Petaling,E-03-24,Berkembar 2 Tingkat,Petaling,Selangor,47694,3093,1611000,2026-08-25,B2
TX-2026-08-00500,Pangsapuri Kenanga Sari Petaling,G-03-08,Pangsapuri,Petaling,Selangor,47778,758,454000,2026-08-28,B2
TX-2026-08-00493,Desa Impian Setia Klang,E-01-10,Teres 2 Tingkat,Klang,Selangor,41764,2344,688000,2026-08-05,B3
TX-2026-08-00636,Desa Bukit Harmoni Petaling,C-37-15,Berkembar 2 Tingkat,Petaling,Selangor,46665,3319,1594000,2026-08-29,B3
TX-2026-08-01958,Kondominium Putra Perdana Petaling,B-11-07,Teres 1 Tingkat,Petaling,Selangor,46250,1055,599000,2026-08-17,B5
TX-2026-08-00367,Taman Kenanga Sari Klang,C-03-20,Banglo,Klang,Selangor,41252,3406,1552000,2026-08-03,B4
TX-2026-08-00359,Residensi Seri Melati Kuala,G-07-18,Kondominium,Kuala Lumpur,W.P. Kuala Lumpur,52925,1595,911500,2026-08-06,B3
TX-2026-08-01061,Taman Putra Perdana Hulu,D-30-08,Berkembar 2 Tingkat,Hulu Selangor,Selangor,44069,2968,838500,2026-08-15,B5
TX-2026-08-00115,Taman Seri Melati Hulu,C-28-05,Kondominium,Hulu Langat,Selangor,43073,1594,637500,2026-08-10,B4
TX-2026-08-00188,Bandar Anggerik Jaya Petaling,B-33-06,Berkembar 2 Tingkat,Petaling,Selangor,46527,2582,1118500,2026-08-10,B6
TX-2026-08-01323,Kondominium Putra Perdana Petaling,C-15-07,Teres 2 Tingkat,Petaling,Selangor,47672,1495,579000,2026-08-04,B3
TX-2026-08-02923,Desa Seri Melati Kuala,E-04-10,Teres 1 Tingkat,Kuala Lumpur,W.P. Kuala Lumpur,57449,1008,759500,2026-08-13,B1
TX-2026-08-02351,Pangsapuri Kenanga Sari Petaling,F-03-10,Teres 2 Tingkat,Petaling,Selangor,46280,1469,1180000,2026-08-31,B5
TX-2026-08-00907,Kondominium Putra Perdana Petaling,E-20-05,Kondominium,Petaling,Selangor,47643,1230,660000,2026-08-13,B5
TX-2026-08-01992,Desa Bukit Harmoni Petaling,D-10-09,Berkembar 2 Tingkat,Petaling,Selangor,47271,2226,1212000,2026-08-08,B3
TX-2026-08-01522,Residensi Seri Melati Kuala,A-20-10,Kondominium,Kuala Lumpur,W.P. Kuala Lumpur,50362,1306,860500,2026-08-16,B2
TX-2026-08-00587,Desa Anggerik Jaya Sepang,D-19-05,Berkembar 2 Tingkat,Sepang,Selangor,63263,2370,757500,2026-08-09,B2
TX-2026-08-02872,Kondominium Cempaka Wangi Sepang,B-23-06,Kondominium,Sepang,Selangor,63179,789,181000,2026-08-04,B5
TX-2026-08-01024,Bandar Kenanga Sari Kuala,A-01-10,Banglo,Kuala Lumpur,W.P. Kuala Lumpur,57746,3037,1555500,2026-08-10,B2
TX-2026-08-01712,Desa Impian Setia Klang,D-16-13,Pangsapuri,DAERAH KLANG,Selangor,41674,849,302500,2026-08-04,B1
TX-2026-08-01888,Kondominium Damai Indah Petaling,A-01-02,Pangsapuri,Petaling,Selangor,46422,917,425000,2026-08-08,B5
TX-2026-08-02633,Pangsapuri Kenanga Sari Petaling,G-22-10,Banglo,Petaling,Selangor,46578,4338,2340000,2026-08-29,B6
TX-2026-08-02606,Desa Bukit Harmoni Petaling,E-11-18,Kondominium,Petaling,Selangor,47241,1109,576500,2026-08-31,B3
TX-2026-08-00157,Desa Putra Perdana Klang,F-03-14,Berkembar 2 Tingkat,Klang,Selangor,42178,2725,1527000,2026-08-08,B6
TX-2026-08-02545,Bandar Anggerik Jaya Hulu,B-19-01,Berkembar 2 Tingkat,Hulu Langat,Selangor,43025,3093,1208500,2026-08-25,B3
TX-2026-08-01053,Desa Tasik Permai Sepang,A-35-10,Pangsapuri,Sepang,Selangor,71803,847,424500,2026-08-29,B5
TX-2026-08-01808,Kondominium Impian Setia Petaling,D-35-03,Teres 2 Tingkat,Petaling,Selangor,46190,2304,1360000,2026-08-18,B2
TX-2026-08-02273,Residensi Kenanga Sari Sepang,A-28-21,Banglo,DAERAH SEPANG,Selangor,63219,3629,1594500,2026-08-27,B6
TX-2026-08-00806,Pangsapuri Cempaka Wangi Klang,A-36-21,Teres 2 Tingkat,Klang,Selangor,41810,1743,738500,2026-08-25,B4
TX-2026-08-01054,Desa Bukit Harmoni Petaling,B-09-20,Teres 2 Tingkat,DAERAH PETALING,Selangor,46745,2077,1222500,2026-08-02,B6
TX-2026-08-02282,Pangsapuri Kenanga Sari Hulu,F-02-14,Teres 2 Tingkat,Hulu Selangor,Selangor,44160,1793,558500,2026-08-26,B5
TX-2026-08-02178,Taman Bukit Harmoni Klang,D-08-17,Banglo,Klang,Selangor,41173,4787,1376500,2026-08-30,B2
TX-2026-08-00154,Taman Anggerik Jaya Kuala,D-11-24,Berkembar 2 Tingkat,Kuala Lumpur,W.P. Kuala Lumpur,51043,2783,1927500,2026-08-07,B3
TX-2026-08-00391,Kondominium Cempaka Wangi Sepang,A-33-02,Teres 2 Tingkat,Sepang,Selangor,63072,2350,762500,2026-08-30,B2
TX-2026-08-00137,Kondominium Kenanga Sari Sepang,E-09-23,Pangsapuri,Sepang,Selangor,63057,825,322000,2026-08-12,B3
TX-2026-08-02316,Pangsapuri Suria Bayu Kuala,B-33-08,Berkembar 2 Tingkat,DAERAH KUALA LUMPUR,W.P. Kuala Lumpur,54151,3115,1439000,2026-08-16,B4
TX-2026-08-02933,Pangsapuri Suria Bayu Kuala,D-34-10,Berkembar 2 Tingkat,Kuala Lumpur,W.P. Kuala Lumpur,59705,2954,2028500,2026-08-11,B6
TX-2026-08-00195,Desa Impian Setia Klang,B-10-23,Kondominium,DAERAH KLANG,Selangor,42283,889,737000,2026-08-05,B2
TX-2026-08-01918,Bandar Kenanga Sari Kuala,G-18-18,Teres 1 Tingkat,DAERAH KUALA LUMPUR,W.P. Kuala Lumpur,54259,1179,629500,2026-08-01,B4
TX-2026-08-00646,Bandar Kenanga Sari Kuala,B-35-21,Pangsapuri,Kuala Lumpur,W.P. Kuala Lumpur,52814,643,414000,2026-08-09,B5
TX-2026-08-01255,Bandar Anggerik Jaya Petaling,D-17-02,Banglo,Petaling,Selangor,46407,5050,2228500,2026-08-17,B1
TX-2026-08-02384,Bandar Anggerik Jaya Petaling,A-31-15,Teres 2 Tingkat,DAERAH PETALING,Selangor,47552,1408,752500,2026-08-18,B2
TX-2026-08-02634,Bandar Anggerik Jaya Petaling,C-08-09,Berkembar 2 Tingkat,DAERAH PETALING,Selangor,46299,2881,1552500,2026-08-03,B5
TX-2026-08-00608,Bandar Anggerik Jaya Petaling,D-07-16,Teres 1 Tingkat,Petaling,Selangor,47618,1002,435500,2026-08-31,B3
TX-2026-08-01390,Residensi Mutiara Sentosa Kuala,E-25-02,Teres 1 Tingkat,DAERAH KUALA LANGAT,Selangor,42690,1321,261000,2026-08-29,B2
TX-2026-08-01395,Desa Seri Melati Kuala,F-30-16,Banglo,Kuala Lumpur,W.P. Kuala Lumpur,51572,3531,2764500,2026-08-06,B5
TX-2026-08-00591,Taman Tasik Permai Klang,A-11-07,Pangsapuri,DAERAH KLANG,Selangor,41273,815,292500,2026-08-15,B3
TX-2026-08-00153,Taman Putra Perdana Hulu,G-31-22,Banglo,Hulu Selangor,Selangor,44118,3405,1059000,2026-08-01,B3
TX-2026-08-02157,Kondominium Impian Setia Petaling,D-14-24,Banglo,Petaling,Selangor,46766,3279,1385000,2026-08-24,B1
TX-2026-08-01313,Kondominium Mutiara Sentosa Hulu,E-20-21,Kondominium,Hulu Langat,Selangor,43017,781,334000,2026-08-02,B2
TX-2026-08-00207,Kondominium Impian Setia Petaling,A-11-16,Teres 1 Tingkat,Petaling,Selangor,46279,1155,673500,2026-08-15,B3
TX-2026-08-00592,Pangsapuri Suria Bayu Kuala,B-03-12,Banglo,Kuala Lumpur,W.P. Kuala Lumpur,58892,4161,2621500,2026-08-06,B3
TX-2026-08-01042,Bandar Mutiara Sentosa Kuala,F-06-12,Berkembar 2 Tingkat,Kuala Lumpur,W.P. Kuala Lumpur,57090,2552,1116500,2026-08-14,B3
TX-2026-08-01806,Desa Warisan Murni Petaling,E-30-08,Teres 1 Tingkat,Petaling,Selangor,47156,1009,625500,2026-08-20,B5
TX-2026-08-01597,Desa Mutiara Sentosa Klang,G-01-10,Teres 1 Tingkat,Klang,Selangor,41755,1119,732500,2026-08-05,B3
TX-2026-08-02706,Taman Seri Melati Hulu,E-18-16,Pangsapuri,Hulu Langat,Selangor,43315,896,322000,2026-08-09,B1
TX-2026-08-00435,Kondominium Impian Setia Petaling,A-21-24,Berkembar 2 Tingkat,Petaling,Selangor,46501,2505,1022000,2026-08-12,B5
TX-2026-08-02030,Desa Impian Setia Kuala,E-22-03,Kondominium,Kuala Selangor,Selangor,45643,1325,515500,2026-08-15,B5
TX-2026-08-00098,Kondominium Cempaka Wangi Sepang,D-21-02,Kondominium,Sepang,Selangor,63186,860,335500,2026-08-01,B1
TX-2026-08-01748,Desa Mutiara Sentosa Klang,D-14-22,Berkembar 2 Tingkat,Klang,Selangor,41213,2354,1024000,2026-08-13,B4
TX-2026-08-02195,Kondominium Damai Indah Petaling,G-03-18,Teres 1 Tingkat,DAERAH PETALING,Selangor,46245,1332,617500,2026-08-10,B3
TX-2026-08-02595,Taman Kenanga Sari Kuala,E-09-01,Teres 1 Tingkat,Kuala Lumpur,W.P. Kuala Lumpur,52460,919,419000,2026-08-07,B4
TX-2026-08-01726,Taman Bukit Harmoni Klang,C-17-06,Teres 1 Tingkat,Klang,Selangor,41481,1141,332500,2026-08-25,B2
TX-2026-08-00573,Desa Mutiara Sentosa Klang,G-24-06,Teres 1 Tingkat,Klang,Selangor,42261,967,540000,2026-08-17,B6
TX-2026-08-02109,Residensi Kenanga Sari Sepang,B-33-06,Teres 1 Tingkat,Sepang,Selangor,63085,1016,446000,2026-08-21,B3
TX-2026-08-00524,Kondominium Damai Indah Petaling,F-16-23,Teres 1 Tingkat,Petaling,Selangor,46800,1319,743000,2026-08-10,B4
TX-2026-08-01460,Pangsapuri Kenanga Sari Petaling,F-31-07,Teres 1 Tingkat,DAERAH PETALING,Selangor,46592,1309,978500,2026-08-14,B2
TX-2026-08-01885,Kondominium Kenanga Sari Hulu,A-26-05,Teres 1 Tingkat,Hulu Langat,Selangor,43391,1118,420000,2026-08-29,B4
TX-2026-08-01595,Pangsapuri Suria Bayu Kuala,A-27-20,Pangsapuri,DAERAH KUALA LUMPUR,W.P. Kuala Lumpur,58234,830,448000,2026-08-31,B3
TX-2026-08-01842,Kondominium Damai Indah Petaling,B-02-22,Pangsapuri,DAERAH PETALING,Selangor,46424,778,345500,2026-08-11,B3
TX-2026-08-00152,Residensi Kenanga Sari Sepang,B-12-22,Teres 2 Tingkat,Sepang,Selangor,63238,1817,594500,2026-08-05,B3
TX-2026-08-00828,Kondominium Putra Perdana Petaling,D-19-01,Pangsapuri,Petaling,Selangor,47576,678,333500,2026-08-02,B1
TX-2026-08-00276,Bandar Kenanga Sari Kuala,D-33-13,Berkembar 2 Tingkat,DAERAH KUALA LUMPUR,W.P. Kuala Lumpur,59543,2991,1763000,2026-08-28,B1
TX-2026-08-00785,Kondominium Cempaka Wangi Sepang,A-13-04,Teres 1 Tingkat,Sepang,Selangor,63194,1166,337500,2026-08-09,B6
TX-2026-08-02065,Taman Warisan Murni Gombak,C-07-19,Pangsapuri,DAERAH GOMBAK,Selangor,68072,786,388500,2026-08-05,B6
TX-2026-08-00467,Bandar Damai Indah Hulu,F-36-19,Banglo,Hulu Langat,Selangor,43438,3918,1289000,2026-08-12,B3
TX-2026-08-01770,Taman Bukit Harmoni Klang,D-18-18,Pangsapuri,Klang,Selangor,41565,616,194000,2026-08-12,B6
TX-2026-08-01776,Pangsapuri Kenanga Sari Petaling,D-24-17,Pangsapuri,Petaling,Selangor,47497,902,324500,2026-08-29,B5
TX-2026-08-02361,Pangsapuri Suria Bayu Kuala,A-10-12,Kondominium,Kuala Lumpur,W.P. Kuala Lumpur,58305,1216,1297500,2026-08-02,B3
TX-2026-08-02292,Bandar Mutiara Sentosa Kuala,D-06-05,Kondominium,Kuala Lumpur,W.P. Kuala Lumpur,54038,1319,1004500,2026-08-25,B4
TX-2026-08-00841,Taman Suria Bayu Kuala,G-03-03,Teres 2 Tingkat,Kuala Selangor,Selangor,45756,1520,526000,2026-08-12,B2
TX-2026-08-02379,Taman Suria Bayu Kuala,B-11-04,Banglo,Kuala Selangor,Selangor,45747,4401,1710500,2026-08-10,B6
TX-2026-08-00741,Taman Bukit Harmoni Gombak,G-07-07,Berkembar 2 Tingkat,Gombak,Selangor,68021,2282,948000,2026-08-24,B5
TX-2026-08-02334,Taman Bukit Harmoni Gombak,B-25-16,Teres 1 Tingkat,DAERAH GOMBAK,Selangor,68064,1168,541500,2026-08-25,B2
TX-2026-08-00427,Pangsapuri Seri Melati Hulu,B-28-18,Kondominium,DAERAH HULU LANGAT,Selangor,43275,966,363500,2026-08-18,B3
TX-2026-08-01800,Bandar Anggerik Jaya Petaling,D-22-04,Teres 2 Tingkat,Petaling,Selangor,47051,1620,878000,2026-08-07,B3
TX-2026-08-00849,Kondominium Damai Indah Petaling,F-19-17,Teres 1 Tingkat,Petaling,Selangor,46316,1188,758000,2026-08-29,B4
TX-2026-08-00940,Taman Tasik Permai Klang,F-32-21,Teres 1 Tingkat,Klang,Selangor,41950,1168,284500,2026-08-08,B1
TX-2026-08-02657,Residensi Damai Indah Sepang,D-36-08,Kondominium,Sepang,Selangor,63039,865,284500,2026-08-25,B5
TX-2026-08-01901,Kondominium Impian Setia Petaling,A-19-17,Pangsapuri,Petaling,Selangor,47619,739,305000,2026-08-16,B6
TX-2026-08-01449,Desa Putra Perdana Klang,F-26-15,Berkembar 2 Tingkat,Klang,Selangor,41750,2537,606000,2026-08-23,B6
TX-2026-08-02037,Taman Kenanga Sari Kuala,E-24-21,Berkembar 2 Tingkat,Kuala Lumpur,W.P. Kuala Lumpur,56597,3235,2716000,2026-08-17,B3
TX-2026-08-02448,Pangsapuri Kenanga Sari Kuala,A-09-15,Kondominium,Kuala Selangor,Selangor,45610,765,183000,2026-08-04,B5
TX-2026-08-00933,Taman Anggerik Jaya Kuala,F-08-07,Pangsapuri,Kuala Lumpur,W.P. Kuala Lumpur,51043,614,275000,2026-08-31,B1
TX-2026-08-01232,Desa Warisan Murni Petaling,F-12-16,Berkembar 2 Tingkat,Petaling,Selangor,46714,2522,1037000,2026-08-28,B5
TX-2026-08-02789,Residensi Seri Melati Kuala,A-16-12,Kondominium,DAERAH KUALA LUMPUR,W.P. Kuala Lumpur,58237,1561,1626000,2026-08-01,B3
TX-2026-08-02445,Pangsapuri Kenanga Sari Petaling,G-29-07,Pangsapuri,Petaling,Selangor,47802,866,559500,2026-08-11,B5
TX-2026-08-00912,Desa Cempaka Wangi Gombak,F-37-13,Banglo,DAERAH GOMBAK,Selangor,68085,4049,1378000,2026-08-04,B3
TX-2026-08-00386,Bandar Tasik Permai Kuala,G-02-12,Banglo,Kuala Selangor,Selangor,45695,4457,1095500,2026-08-18,B1
TX-2026-08-00266,Desa Seri Melati Kuala,B-38-08,Berkembar 2 Tingkat,Kuala Lumpur,W.P. Kuala Lumpur,58350,2851,2159000,2026-08-07,B4
TX-2026-08-01564,Desa Seri Melati Kuala,C-24-07,Teres 1 Tingkat,Kuala Lumpur,W.P. Kuala Lumpur,51265,1231,972000,2026-08-02,B6
TX-2026-08-00226,Kondominium Putra Perdana Petaling,E-34-05,Banglo,Petaling,Selangor,47499,3926,1889500,2026-08-06,B5
TX-2026-08-01950,Desa Bukit Harmoni Petaling,C-02-19,Banglo,DAERAH PETALING,Selangor,46086,5031,2338500,2026-08-15,B2
TX-2026-08-01713,Taman Tasik Permai Klang,A-10-03,Teres 1 Tingkat,Klang,Selangor,41660,1351,426500,2026-08-06,B3
TX-2026-08-02709,Taman Kenanga Sari Kuala,C-23-22,Kondominium,Kuala Lumpur,W.P. Kuala Lumpur,55022,925,696500,2026-08-30,B5
TX-2026-08-01755,Bandar Anggerik Jaya Hulu,A-20-14,Pangsapuri,Hulu Langat,Selangor,43375,870,292500,2026-08-09,B3
TX-2026-08-02185,Desa Kenanga Sari Hulu,A-35-10,Teres 2 Tingkat,Hulu Langat,Selangor,43128,2080,745500,2026-08-01,B5
TX-2026-08-01781,Pangsapuri Suria Bayu Sepang,G-05-03,Kondominium,Sepang,Selangor,63249,1466,407500,2026-08-06,B5
TX-2026-08-01768,Taman Anggerik Jaya Kuala,E-37-16,Kondominium,DAERAH KUALA LUMPUR,W.P. Kuala Lumpur,50769,1091,803500,2026-08-27,B5
TX-2026-08-01483,Pangsapuri Suria Bayu Sepang,B-02-10,Kondominium,Sepang,Selangor,63155,963,354000,2026-08-12,B4
TX-2026-08-00354,Kondominium Impian Setia Gombak,C-16-13,Kondominium,Gombak,Selangor,68045,1341,420500,2026-08-10,B6
TX-2026-08-01681,Desa Kenanga Sari Kuala,F-05-24,Berkembar 2 Tingkat,DAERAH KUALA LANGAT,Selangor,42673,2510,600000,2026-08-15,B2
TX-2026-08-01938,Kondominium Kenanga Sari Hulu,E-38-10,Berkembar 2 Tingkat,Hulu Langat,Selangor,43012,3154,1221500,2026-08-23,B4
TX-2026-08-00384,Residensi Seri Melati Kuala,D-19-22,Berkembar 2 Tingkat,Kuala Lumpur,W.P. Kuala Lumpur,53452,2289,1520500,2026-08-30,B1
TX-2026-08-02043,Taman Tasik Permai Klang,F-34-20,Pangsapuri,Klang,Selangor,41264,569,270500,2026-08-01,B5
TX-2026-08-00818,Taman Anggerik Jaya Kuala,D-16-12,Teres 2 Tingkat,Kuala Lumpur,W.P. Kuala Lumpur,54758,2070,1746000,2026-08-28,B6
TX-2026-08-00983,Pangsapuri Kenanga Sari Petaling,G-16-06,Banglo,DAERAH PETALING,Selangor,46183,5176,2729500,2026-08-09,B1
TX-2026-08-00428,Residensi Seri Melati Kuala,A-25-03,Teres 1 Tingkat,Kuala Lumpur,W.P. Kuala Lumpur,50879,943,817000,2026-08-20,B5
TX-2026-08-02025,Bandar Damai Indah Hulu,D-27-15,Berkembar 2 Tingkat,Hulu Langat,Selangor,43469,2895,903000,2026-08-12,B2
TX-2026-08-01945,Pangsapuri Seri Melati Hulu,F-11-21,Banglo,Hulu Langat,Selangor,43242,3568,1302500,2026-08-03,B4
TX-2026-08-02159,Taman Suria Bayu Kuala,B-26-21,Pangsapuri,Kuala Selangor,Selangor,45638,936,415500,2026-08-08,B5
TX-2026-08-01416,Bandar Kenanga Sari Kuala,F-20-24,Teres 1 Tingkat,Kuala Lumpur,W.P. Kuala Lumpur,51109,1242,958500,2026-08-31,B5
TX-2026-08-00307,Pangsapuri Tasik Permai Gombak,G-06-09,Berkembar 2 Tingkat,Gombak,Selangor,68050,2419,742500,2026-08-17,B5
TX-2026-08-00501,Taman Warisan Murni Gombak,E-09-20,Berkembar 2 Tingkat,Gombak,Selangor,68094,2747,1390500,2026-08-24,B3
TX-2026-08-02397,Desa Anggerik Jaya Sepang,G-36-16,Berkembar 2 Tingkat,Sepang,Selangor,63129,2755,648500,2026-08-16,B4
TX-2026-08-02588,Bandar Putra Perdana Hulu,D-12-04,Berkembar 2 Tingkat,Hulu Selangor,Selangor,35900,2593,817500,2026-08-25,B1
TX-2026-08-00324,Bandar Kenanga Sari Kuala,C-21-15,Pangsapuri,Kuala Lumpur,W.P. Kuala Lumpur,57605,565,424000,2026-08-28,B6
TX-2026-08-01138,Taman Anggerik Jaya Kuala,B-31-05,Teres 2 Tingkat,Kuala Lumpur,W.P. Kuala Lumpur,55428,2386,1001500,18/08/2026,B1
TX-2026-08-01493,Kondominium Kenanga Sari Hulu,G-29-02,Teres 1 Tingkat,Hulu Langat,Selangor,43297,1325,469500,2026-08-31,B3
TX-2026-08-01603,Desa Kenanga Sari Hulu,A-19-17,Banglo,Hulu Langat,Selangor,43467,4279,1551000,2026-08-30,B2
TX-2026-08-00269,Bandar Anggerik Jaya Petaling,B-01-13,Berkembar 2 Tingkat,Petaling,Selangor,46103,3398,1575500,2026-08-06,B6
TX-2026-08-02034,Bandar Anggerik Jaya Petaling,C-30-17,Teres 2 Tingkat,Petaling,Selangor,47363,1704,701500,2026-08-08,B5
TX-2026-08-01199,Pangsapuri Kenanga Sari Petaling,G-36-11,Teres 2 Tingkat,Petaling,Selangor,46022,2354,2005500,2026-08-13,B4
TX-2026-08-02242,Desa Bukit Harmoni Petaling,E-17-24,Teres 2 Tingkat,DAERAH PETALING,Selangor,46954,1867,927000,2026-08-11,B6
TX-2026-08-02547,Desa Anggerik Jaya Kuala,G-32-06,Teres 2 Tingkat,DAERAH KUALA LANGAT,Selangor,42565,2360,694000,2026-08-25,B3
TX-2026-08-02007,Desa Kenanga Sari Hulu,F-33-13,Teres 2 Tingkat,Hulu Langat,Selangor,43247,1567,559000,2026-08-12,B1
TX-2026-08-00694,Pangsapuri Mutiara Sentosa Kuala,C-06-15,Teres 1 Tingkat,DAERAH KUALA SELANGOR,Selangor,45670,1367,410000,2026-08-07,B3
TX-2026-08-00225,Desa Bukit Harmoni Petaling,E-25-20,Teres 2 Tingkat,DAERAH PETALING,Selangor,46508,1834,1051500,2026-08-15,B1
TX-2026-08-01876,Pangsapuri Suria Bayu Sepang,D-27-13,Kondominium,Sepang,Selangor,63204,821,278500,2026-08-29,B4
TX-2026-08-00023,Kondominium Impian Setia Petaling,E-02-20,Pangsapuri,Petaling,Selangor,46571,853,443500,2026-08-23,B6
TX-2026-08-01628,Kondominium Mutiara Sentosa Gombak,F-19-01,Berkembar 2 Tingkat,Gombak,Selangor,68036,2434,1598500,2026-08-30,B4
TX-2026-08-00649,Bandar Kenanga Sari Kuala,F-15-08,Banglo,Kuala Lumpur,W.P. Kuala Lumpur,56850,3247,1671000,2026-08-19,B4
TX-2026-08-01657,Kondominium Impian Setia Gombak,B-35-16,Kondominium,Gombak,Selangor,68088,810,241500,30/08/2026,B5
TX-2026-08-02528,Pangsapuri Cempaka Wangi Klang,F-20-21,Teres 2 Tingkat,Klang,Selangor,41937,1673,652000,2026-08-10,B3
TX-2026-08-00243,Pangsapuri Tasik Permai Gombak,E-37-13,Teres 1 Tingkat,Gombak,Selangor,68005,1056,345000,2026-08-19,B5
TX-2026-08-00945,Bandar Suria Bayu Kuala,C-37-08,Berkembar 2 Tingkat,Kuala Langat,Selangor,42578,2647,893500,2026-08-29,B2
TX-2026-08-01158,Bandar Suria Bayu Kuala,E-35-07,Teres 1 Tingkat,Kuala Langat,Selangor,42581,933,216000,2026-08-28,B1
TX-2026-08-01470,Pangsapuri Bukit Harmoni Sabak,C-24-23,Teres 2 Tingkat,Sabak Bernam,Selangor,45373,2391,494500,2026-08-10,B3
TX-2026-08-01286,Desa Bukit Harmoni Petaling,C-38-04,Berkembar 2 Tingkat,Petaling,Selangor,46079,2690,1443000,2026-08-19,B6
TX-2026-08-00081,Bandar Damai Indah Hulu,E-19-17,Kondominium,Hulu Langat,Selangor,43465,1492,597000,2026-08-12,B1
TX-2026-08-01641,Pangsapuri Tasik Permai Gombak,E-10-05,Kondominium,Gombak,Selangor,68010,1424,624500,22/08/2026,B2
TX-2026-08-01345,Desa Seri Melati Kuala,B-24-13,Banglo,Kuala Lumpur,W.P. Kuala Lumpur,56376,4792,2762000,2026-08-25,B1
TX-2026-08-01032,Kondominium Kenanga Sari Sepang,A-21-10,Banglo,Sepang,Selangor,63183,4645,1719000,2026-08-31,B4
TX-2026-08-02018,Pangsapuri Kenanga Sari Petaling,F-06-03,Teres 1 Tingkat,Petaling,Selangor,46009,995,655000,2026-08-29,B4
TX-2026-08-02822,Taman Putra Perdana Hulu,F-08-08,Pangsapuri,Hulu Selangor,Selangor,44232,693,198000,2026-08-23,B1
TX-2026-08-02829,Desa Seri Melati Kuala,A-15-05,Teres 1 Tingkat,Kuala Lumpur,W.P. Kuala Lumpur,52839,1142,638000,2026-08-12,B3
TX-2026-08-01280,Pangsapuri Suria Bayu Kuala,B-13-11,Teres 1 Tingkat,DAERAH KUALA LUMPUR,W.P. Kuala Lumpur,50304,1098,767500,2026-08-14,B6
TX-2026-08-00131,Bandar Anggerik Jaya Petaling,C-05-03,Kondominium,Petaling,Selangor,46058,1212,630000,2026-08-17,B6
TX-2026-08-01407,Taman Tasik Permai Klang,G-09-18,Banglo,Klang,Selangor,41860,3119,844500,2026-08-01,B3
TX-2026-08-02470,Residensi Mutiara Sentosa Kuala,G-01-15,Teres 2 Tingkat,Kuala Langat,Selangor,42612,1572,558000,2026-08-18,B4
TX-2026-08-01804,Pangsapuri Seri Melati Hulu,D-28-21,Berkembar 2 Tingkat,Hulu Langat,Selangor,43323,2568,1324000,2026-08-25,B2
TX-2026-08-00823,Taman Kenanga Sari Klang,E-32-03,Berkembar 2 Tingkat,DAERAH KLANG,Selangor,42073,2786,1001500,2026-08-10,B4
TX-2026-08-02417,Desa Warisan Murni Petaling,G-31-19,Banglo,Petaling,Selangor,46380,2866,1625500,2026-08-27,B6
TX-2026-08-02697,Kondominium Putra Perdana Petaling,F-25-10,Berkembar 2 Tingkat,Petaling,Selangor,47325,2716,1342500,2026-08-16,B3
TX-2026-08-02818,Bandar Tasik Permai Kuala,E-05-15,Teres 2 Tingkat,DAERAH KUALA SELANGOR,Selangor,45682,1518,538000,2026-08-05,B6
TX-2026-08-02598,Bandar Mutiara Sentosa Kuala,D-05-19,Teres 2 Tingkat,Kuala Lumpur,W.P. Kuala Lumpur,59553,1921,1635500,2026-08-01,B5
TX-2026-08-02247,Taman Warisan Murni Gombak,A-32-11,Teres 2 Tingkat,Gombak,Selangor,68025,2041,963000,2026-08-10,B4
TX-2026-08-01785,Desa Bukit Harmoni Petaling,B-27-24,Kondominium,Petaling,Selangor,46057,1275,750000,2026-08-01,B6
TX-2026-08-00302,Bandar Mutiara Sentosa Kuala,C-36-13,Banglo,Kuala Lumpur,W.P. Kuala Lumpur,52152,3580,2185500,2026-08-11,B1
TX-2026-08-00522,Bandar Anggerik Jaya Petaling,B-07-06,Teres 1 Tingkat,Petaling,Selangor,47191,935,394000,2026-08-31,B3
TX-2026-08-02095,Taman Kenanga Sari Gombak,B-11-16,Kondominium,Gombak,Selangor,68091,1397,658000,2026-08-18,B4
TX-2026-08-00449,Pangsapuri Tasik Permai Gombak,C-11-01,Kondominium,Gombak,Selangor,68078,860,356000,2026-08-09,B6
TX-2026-08-02794,Desa Kenanga Sari Kuala,G-10-01,Teres 2 Tingkat,DAERAH KUALA LANGAT,Selangor,42551,1776,747500,2026-08-30,B3
TX-2026-08-01241,Pangsapuri Suria Bayu Sepang,G-36-16,Teres 2 Tingkat,Sepang,Selangor,63162,2247,1028500,2026-08-06,B6
TX-2026-08-00076,Desa Seri Melati Kuala,C-34-06,Kondominium,Kuala Lumpur,W.P. Kuala Lumpur,53373,1322,859500,2026-08-05,B5
TX-2026-08-01505,Taman Bukit Harmoni Sabak,G-06-02,Kondominium,Sabak Bernam,Selangor,45242,1526,403500,2026-08-01,B3
TX-2026-08-02726,Pangsapuri Seri Melati Kuala,C-12-15,Teres 1 Tingkat,Kuala Selangor,Selangor,45737,1369,422000,2026-08-28,B3
TX-2026-08-00082,Taman Kenanga Sari Kuala,D-11-09,Kondominium,Kuala Lumpur,W.P. Kuala Lumpur,52150,1199,779500,2026-08-05,B3
TX-2026-08-01551,Kondominium Damai Indah Petaling,G-04-09,Teres 2 Tingkat,Petaling,Selangor,46011,1946,1850500,2026-08-27,B6
TX-2026-08-00942,Desa Impian Setia Kuala,F-04-13,Kondominium,Kuala Selangor,Selangor,45694,777,265000,2026-08-15,B2
TX-2026-08-00866,Kondominium Kenanga Sari Sepang,C-12-17,Teres 2 Tingkat,Sepang,Selangor,63018,1752,576500,2026-08-25,B3
TX-2026-08-01659,Kondominium Kenanga Sari Sepang,F-35-23,Berkembar 2 Tingkat,Sepang,Selangor,63023,2421,1131000,2026-08-02,B3
TX-2026-08-01464,Kondominium Mutiara Sentosa Gombak,E-05-01,Pangsapuri,Gombak,Selangor,68096,618,145500,2026-08-30,B4
TX-2026-08-01766,Desa Mutiara Sentosa Klang,D-24-18,Teres 2 Tingkat,Klang,Selangor,42239,1602,478500,2026-08-30,B6
TX-2026-08-01982,Desa Tasik Permai Sepang,B-17-11,Kondominium,Sepang,Selangor,63234,1037,606000,2026-08-12,B2
TX-2026-08-01443,Taman Kenanga Sari Kuala,F-35-10,Banglo,Kuala Langat,Selangor,42654,3115,661000,2026-08-29,B1
TX-2026-08-00119,Bandar Anggerik Jaya Hulu,B-01-20,Pangsapuri,Hulu Langat,Selangor,43097,889,355500,2026-08-07,B1
TX-2026-08-00455,Taman Kenanga Sari Kuala,D-03-09,Kondominium,Kuala Lumpur,W.P. Kuala Lumpur,57621,1196,651500,2026-08-07,B5
TX-2026-08-00886,Bandar Kenanga Sari Kuala,E-26-14,Teres 1 Tingkat,Kuala Lumpur,W.P. Kuala Lumpur,53733,920,460500,2026-08-22,B6
TX-2026-08-02115,Taman Kenanga Sari Kuala,F-02-24,Teres 1 Tingkat,Kuala Lumpur,W.P. Kuala Lumpur,51301,1003,928000,2026-08-26,B3
TX-2026-08-00610,Desa Impian Setia Klang,C-14-12,Pangsapuri,Klang,Selangor,41922,811,450000,2026-08-04,B5
TX-2026-08-00261,Kondominium Putra Perdana Petaling,E-31-10,Teres 2 Tingkat,Petaling,Selangor,47785,2352,1423000,2026-08-03,B5
TX-2026-08-01426,Taman Kenanga Sari Kuala,F-10-14,Banglo,Kuala Lumpur,W.P. Kuala Lumpur,50594,4759,4791000,2026-08-11,B3
TX-2026-08-01831,Taman Suria Bayu Kuala,D-08-10,Berkembar 2 Tingkat,Kuala Selangor,Selangor,45773,2772,980500,2026-08-26,B1
TX-2026-08-01602,Desa Cempaka Wangi Gombak,A-26-02,Kondominium,Gombak,Selangor,68085,1018,383500,2026-08-01,B5
TX-2026-08-02075,Kondominium Mutiara Sentosa Hulu,E-25-20,Teres 2 Tingkat,Hulu Langat,Selangor,43378,1817,665000,2026-08-13,B2
TX-2026-08-00274,Kondominium Impian Setia Petaling,E-29-24,Banglo,Petaling,Selangor,47403,3756,1450500,2026-08-04,B1
TX-2026-08-00637,Kondominium Putra Perdana Petaling,C-34-12,Pangsapuri,DAERAH PETALING,Selangor,46603,567,260500,2026-08-23,B4
TX-2026-08-00025,Kondominium Cempaka Wangi Sepang,C-11-05,Kondominium,Sepang,Selangor,63111,931,363000,2026-08-15,B4
TX-2026-08-01445,Pangsapuri Suria Bayu Kuala,E-30-08,Pangsapuri,Kuala Lumpur,W.P. Kuala Lumpur,56079,604,257500,2026-08-24,B5
TX-2026-08-01906,Pangsapuri Kenanga Sari Petaling,C-26-13,Berkembar 2 Tingkat,Petaling,Selangor,47282,3090,2044000,2026-08-01,B3
TX-2026-08-01087,Desa Putra Perdana Klang,F-32-13,Kondominium,Klang,Selangor,41766,1200,649000,2026-08-16,B6
TX-2026-08-01210,Bandar Mutiara Sentosa Kuala,G-16-02,Kondominium,Kuala Lumpur,W.P. Kuala Lumpur,54375,1065,944500,2026-08-22,B6
TX-2026-08-01421,Taman Warisan Murni Gombak,G-19-07,Kondominium,Gombak,Selangor,68099,1513,483000,2026-08-15,B6
TX-2026-08-01542,Residensi Seri Melati Kuala,B-22-01,Teres 2 Tingkat,Kuala Lumpur,W.P. Kuala Lumpur,58882,1997,1798000,2026-08-02,B5
TX-2026-08-02522,Desa Kenanga Sari Kuala,C-02-06,Berkembar 2 Tingkat,Kuala Langat,Selangor,42692,3163,1094000,2026-08-22,B6
TX-2026-08-00369,Kondominium Impian Setia Gombak,F-13-24,Teres 2 Tingkat,Gombak,Selangor,68087,2205,923500,2026-08-25,B4
TX-2026-08-00379,Desa Impian Setia Klang,E-09-12,Teres 1 Tingkat,Klang,Selangor,41713,1087,450500,2026-08-27,B6
TX-2026-08-02190,Taman Kenanga Sari Kuala,G-03-07,Pangsapuri,Kuala Lumpur,W.P. Kuala Lumpur,59003,608,331000,2026-08-07,B1
TX-2026-08-02994,Desa Anggerik Jaya Kuala,B-26-18,Kondominium,Kuala Langat,Selangor,42662,1324,444500,2026-08-18,B4
TX-2026-08-02728,Taman Anggerik Jaya Kuala,C-36-19,Teres 1 Tingkat,Kuala Lumpur,W.P. Kuala Lumpur,58226,1021,900500,2026-08-06,B6
TX-2026-08-02303,Kondominium Kenanga Sari Sepang,B-02-08,Berkembar 2 Tingkat,Sepang,Selangor,63205,2229,1161000,2026-08-07,B1
TX-2026-08-00664,Desa Mutiara Sentosa Klang,B-18-08,Teres 2 Tingkat,Klang,Selangor,41030,1723,685000,2026-08-03,B5
TX-2026-08-01991,Bandar Damai Indah Hulu,A-37-24,Banglo,DAERAH HULU LANGAT,Selangor,43106,3549,2350000,2026-08-18,B3
TX-2026-08-01000,Taman Bukit Harmoni Gombak,B-05-16,Berkembar 2 Tingkat,Gombak,Selangor,68078,3039,1521000,2026-08-02,B5
TX-2026-08-02202,Kondominium Mutiara Sentosa Gombak,A-24-04,Pangsapuri,Gombak,Selangor,68092,738,254500,2026-08-21,B6
TX-2026-08-00856,Desa Anggerik Jaya Sepang,D-27-17,Berkembar 2 Tingkat,Sepang,Selangor,63266,2922,1289500,2026-08-30,B2
TX-2026-08-00366,Desa Bukit Harmoni Petaling,F-03-21,Banglo,Petaling,Selangor,47655,4127,2413000,2026-08-10,B5
TX-2026-08-00882,Taman Bukit Harmoni Klang,A-15-08,Berkembar 2 Tingkat,DAERAH KLANG,Selangor,41556,2347,752000,2026-08-06,B6
TX-2026-08-02139,Desa Cempaka Wangi Gombak,G-12-15,Banglo,Gombak,Selangor,68088,4151,1635000,2026-08-30,B3
TX-2026-08-00246,Desa Seri Melati Kuala,A-03-13,Berkembar 2 Tingkat,Kuala Lumpur,W.P. Kuala Lumpur,50112,3205,1985500,2026-08-02,B6
TX-2026-08-00951,Residensi Kenanga Sari Sepang,E-21-24,Kondominium,Sepang,Selangor,63088,764,283000,2026-08-29,B1
TX-2026-08-00030,Desa Seri Melati Kuala,C-04-08,Kondominium,Kuala Lumpur,W.P. Kuala Lumpur,55984,1482,963500,2026-08-09,B6
TX-2026-08-01820,Bandar Kenanga Sari Kuala,E-38-15,Berkembar 2 Tingkat,Kuala Lumpur,W.P. Kuala Lumpur,51258,3151,3415000,2026-08-24,B3
TX-2026-08-02961,Desa Seri Melati Kuala,C-15-05,Banglo,Kuala Lumpur,W.P. Kuala Lumpur,55475,3872,2368500,2026-08-02,B5
TX-2026-08-00962,Desa Impian Setia Klang,A-24-22,Teres 2 Tingkat,DAERAH KLANG,Selangor,41566,2338,890500,2026-08-20,B4
TX-2026-08-00418,Taman Seri Melati Hulu,F-19-17,Banglo,Hulu Langat,Selangor,43461,3542,1592500,2026-08-02,B4
TX-2026-08-02681,Desa Bukit Harmoni Petaling,B-07-09,Pangsapuri,DAERAH PETALING,Selangor,47252,578,258000,2026-08-23,B6
TX-2026-08-01080,Kondominium Damai Indah Petaling,B-37-19,Teres 2 Tingkat,Petaling,Selangor,47314,1960,1104500,2026-08-29,B5
TX-2026-08-00173,Taman Seri Melati Hulu,C-04-12,Berkembar 2 Tingkat,Hulu Langat,Selangor,43025,3042,1095000,2026-08-02,B5
TX-2026-08-01721,Pangsapuri Kenanga Sari Petaling,B-17-19,Kondominium,Petaling,Selangor,46080,1175,512000,2026-08-07,B2
TX-2026-08-02100,Taman Kenanga Sari Kuala,A-18-19,Berkembar 2 Tingkat,Kuala Langat,Selangor,42719,2425,642500,2026-08-26,B1
TX-2026-08-02516,Desa Anggerik Jaya Sepang,A-27-09,Banglo,Sepang,Selangor,63078,3078,1107500,2026-08-31,B6
TX-2026-08-02418,Bandar Kenanga Sari Kuala,E-17-11,Kondominium,Kuala Lumpur,W.P. Kuala Lumpur,52110,978,750000,2026-08-13,B5
TX-2026-08-02217,Residensi Seri Melati Kuala,D-35-19,Banglo,DAERAH KUALA LUMPUR,W.P. Kuala Lumpur,50343,3105,1421500,2026-08-24,B3
TX-2026-08-02539,Bandar Putra Perdana Hulu,A-03-18,Banglo,Hulu Selangor,Selangor,44270,5004,1176500,2026-08-01,B3
TX-2026-08-02399,Desa Seri Melati Kuala,E-31-01,Pangsapuri,DAERAH KUALA LUMPUR,W.P. Kuala Lumpur,54741,856,414500,2026-08-28,B5
TX-2026-08-02919,Pangsapuri Putra Perdana Hulu,C-30-07,Banglo,Hulu Selangor,Selangor,44054,3006,994500,2026-08-29,B5
TX-2026-08-02806,Pangsapuri Seri Melati Hulu,B-21-18,Pangsapuri,Hulu Langat,Selangor,43035,876,329500,2026-08-07,B2
TX-2026-08-01967,Pangsapuri Kenanga Sari Petaling,B-31-21,Berkembar 2 Tingkat,Petaling,Selangor,47261,3387,1594500,2026-08-30,B1
TX-2026-08-00615,Desa Warisan Murni Petaling,C-11-01,Berkembar 2 Tingkat,Petaling,Selangor,46238,3345,1750000,2026-08-20,B3
TX-2026-08-01165,Desa Bukit Harmoni Petaling,A-22-22,Pangsapuri,Petaling,Selangor,46009,949,546500,2026-08-19,B4
TX-2026-08-00648,Kondominium Cempaka Wangi Sepang,F-22-17,Teres 1 Tingkat,Sepang,Selangor,63067,934,430000,2026-08-25,B5
TX-2026-08-02954,Kondominium Kenanga Sari Hulu,E-07-05,Berkembar 2 Tingkat,Hulu Langat,Selangor,43359,2518,847500,2026-08-25,B2
TX-2026-08-02087,Desa Mutiara Sentosa Sabak,D-15-04,Banglo,Sabak Bernam,Selangor,45119,4137,691000,2026-08-15,B5
TX-2026-08-02023,Desa Putra Perdana Klang,E-30-21,Banglo,Klang,Selangor,42146,4562,2538000,06/08/2026,B2
TX-2026-08-02605,Pangsapuri Suria Bayu Kuala,D-20-02,Teres 1 Tingkat,Kuala Lumpur,W.P. Kuala Lumpur,52318,1180,779000,2026-08-15,B2
TX-2026-08-02975,Residensi Seri Melati Kuala,F-03-14,Kondominium,Kuala Lumpur,W.P. Kuala Lumpur,52830,978,568500,2026-08-27,B4
TX-2026-08-00527,Residensi Seri Melati Kuala,G-05-10,Pangsapuri,Kuala Lumpur,W.P. Kuala Lumpur,51746,761,394500,24/08/2026,B3
TX-2026-08-01306,Bandar Anggerik Jaya Hulu,B-28-10,Pangsapuri,Hulu Langat,Selangor,43035,651,359500,2026-08-02,B1
TX-2026-08-02240,Kondominium Mutiara Sentosa Hulu,F-09-07,Teres 1 Tingkat,Hulu Langat,Selangor,43092,1340,477500,2026-08-26,B3
TX-2026-08-01819,Kondominium Putra Perdana Petaling,E-31-17,Teres 2 Tingkat,Petaling,Selangor,46965,1990,1580000,2026-08-07,B2
TX-2026-08-01926,Kondominium Putra Perdana Petaling,E-05-23,Berkembar 2 Tingkat,DAERAH PETALING,Selangor,47645,2668,1122500,2026-08-20,B5
TX-2026-08-01576,Kondominium Impian Setia Petaling,B-02-24,Kondominium,Petaling,Selangor,46187,1447,817500,2026-08-26,B2
TX-2026-08-00825,Kondominium Mutiara Sentosa Gombak,D-08-12,Teres 1 Tingkat,Gombak,Selangor,68036,1084,505000,2026-08-18,B2
TX-2026-08-02754,Desa Warisan Murni Petaling,G-12-19,Berkembar 2 Tingkat,Petaling,Selangor,46139,2957,1664500,2026-08-15,B1
TX-2026-08-02192,Pangsapuri Cempaka Wangi Klang,F-37-15,Pangsapuri,Klang,Selangor,41898,644,177000,2026-08-15,B6
TX-2026-08-01547,Taman Kenanga Sari Gombak,C-08-15,Kondominium,DAERAH GOMBAK,Selangor,68025,1482,566500,2026-08-13,B4
TX-2026-08-02508,Kondominium Damai Indah Petaling,F-33-07,Banglo,DAERAH PETALING,Selangor,47596,4815,2015500,2026-08-02,B6
TX-2026-08-02715,Kondominium Impian Setia Gombak,F-24-15,Pangsapuri,DAERAH GOMBAK,Selangor,68021,604,203500,2026-08-20,B6
TX-2026-08-02029,Kondominium Impian Setia Gombak,C-05-17,Berkembar 2 Tingkat,Gombak,Selangor,68071,2710,977500,2026-08-11,B1
TX-2026-08-02167,Taman Warisan Murni Gombak,F-27-10,Kondominium,Gombak,Selangor,68009,789,329500,2026-08-18,B2
TX-2026-08-02270,Taman Kenanga Sari Kuala,F-01-11,Teres 2 Tingkat,Kuala Lumpur,W.P. Kuala Lumpur,51149,2024,1316000,2026-08-18,B2
TX-2026-08-02320,Kondominium Kenanga Sari Hulu,A-21-02,Banglo,Hulu Langat,Selangor,43255,2824,1869000,2026-08-12,B1
TX-2026-08-01817,Desa Warisan Murni Petaling,E-33-21,Kondominium,Petaling,Selangor,46049,765,305500,2026-08-02,B6
TX-2026-08-01592,Kondominium Damai Indah Petaling,D-26-08,Teres 1 Tingkat,Petaling,Selangor,46895,1033,598500,10/08/2026,B5
TX-2026-08-01064,Taman Tasik Permai Klang,A-16-03,Teres 2 Tingkat,DAERAH KLANG,Selangor,41088,1848,823500,2026-08-24,B6
TX-2026-08-02587,Pangsapuri Seri Melati Hulu,G-23-15,Berkembar 2 Tingkat,Hulu Langat,Selangor,43215,3185,1464500,2026-08-20,B2
TX-2026-08-00171,Kondominium Seri Melati Sabak,C-38-20,Teres 1 Tingkat,Sabak Bernam,Selangor,45157,1279,307500,2026-08-25,B4
TX-2026-08-02656,Pangsapuri Seri Melati Hulu,A-24-24,Teres 1 Tingkat,Hulu Langat,Selangor,43495,1091,403000,2026-08-11,B3
TX-2026-08-01825,Desa Tasik Permai Sepang,F-29-09,Banglo,Sepang,Selangor,63272,2849,1427500,2026-08-21,B2
TX-2026-08-00784,Desa Kenanga Sari Kuala,G-19-14,Berkembar 2 Tingkat,DAERAH KUALA LANGAT,Selangor,42508,2347,745500,2026-08-15,B1
TX-2026-08-00558,Kondominium Impian Setia Petaling,D-13-05,Pangsapuri,Petaling,Selangor,46050,761,450500,2026-08-02,B5
TX-2026-08-02845,Kondominium Damai Indah Petaling,G-22-05,Banglo,Petaling,Selangor,47682,5065,2263500,2026-08-04,B4
TX-2026-08-01317,Taman Seri Melati Hulu,E-01-19,Banglo,Hulu Langat,Selangor,43250,4761,2098000,2026-08-24,B6
TX-2026-08-01799,Kondominium Kenanga Sari Sepang,B-17-03,Teres 1 Tingkat,Sepang,Selangor,63184,1277,480500,2026-08-23,B4
TX-2026-08-01261,Bandar Kenanga Sari Kuala,F-17-14,Teres 1 Tingkat,Kuala Lumpur,W.P. Kuala Lumpur,55118,1305,739000,2026-08-15,B1
TX-2026-08-00783,Desa Kenanga Sari Kuala,C-27-21,Banglo,Kuala Langat,Selangor,42755,3015,948500,2026-08-18,B6
TX-2026-08-02458,Taman Warisan Murni Gombak,G-15-02,Berkembar 2 Tingkat,Gombak,Selangor,68099,2903,962000,2026-08-23,B5
TX-2026-08-02452,Desa Mutiara Sentosa Klang,D-25-11,Banglo,Klang,Selangor,42110,3371,1501000,2026-08-04,B3
TX-2026-08-02529,Pangsapuri Kenanga Sari Petaling,D-20-01,Kondominium,Petaling,Selangor,46686,1474,873500,2026-08-24,B5
TX-2026-08-01922,Kondominium Impian Setia Petaling,F-19-18,Kondominium,Petaling,Selangor,46210,778,378000,2026-08-19,B3
TX-2026-08-00130,Bandar Anggerik Jaya Petaling,E-18-09,Kondominium,Petaling,Selangor,47787,1212,630000,2026-08-17,B3
TX-2026-08-02388,Kondominium Mutiara Sentosa Hulu,D-33-09,Pangsapuri,Hulu Langat,Selangor,43443,563,235000,2026-08-14,B5
TX-2026-08-02304,Taman Kenanga Sari Kuala,F-27-01,Berkembar 2 Tingkat,Kuala Lumpur,W.P. Kuala Lumpur,53954,2432,1036500,2026-08-18,B1
TX-2026-08-00259,Bandar Suria Bayu Kuala,F-27-12,Teres 1 Tingkat,DAERAH KUALA LANGAT,Selangor,42546,1153,348000,2026-08-02,B1
TX-2026-08-01910,Kondominium Kenanga Sari Sepang,E-13-10,Banglo,Sepang,Selangor,63004,3849,1217500,2026-08-01,B6
TX-2026-08-00079,Bandar Damai Indah Hulu,B-36-14,Kondominium,Hulu Langat,Selangor,43269,1492,597000,2026-08-12,B3
TX-2026-08-02045,Bandar Kenanga Sari Kuala,G-15-14,Pangsapuri,DAERAH KUALA LUMPUR,W.P. Kuala Lumpur,59137,720,439500,2026-08-25,B3
TX-2026-08-02995,Kondominium Anggerik Jaya Sabak,A-01-08,Berkembar 2 Tingkat,Sabak Bernam,Selangor,45257,2280,425000,2026-08-05,B5
TX-2026-08-02312,Kondominium Putra Perdana Petaling,C-09-13,Pangsapuri,Petaling,Selangor,47629,724,355500,2026-08-16,B3
TX-2026-08-00679,Pangsapuri Seri Melati Hulu,D-01-02,Pangsapuri,Hulu Langat,Selangor,43174,789,272000,2026-08-17,B5
TX-2026-08-01444,Pangsapuri Kenanga Sari Hulu,E-13-18,Kondominium,Hulu Selangor,Selangor,44195,1118,281000,2026-08-30,B1
TX-2026-08-02686,Pangsapuri Suria Bayu Kuala,G-35-04,Kondominium,Kuala Lumpur,W.P. Kuala Lumpur,55538,1358,1069500,2026-08-27,B4
TX-2026-08-00352,Bandar Kenanga Sari Kuala,E-22-01,Teres 1 Tingkat,Kuala Lumpur,W.P. Kuala Lumpur,54450,1075,848000,2026-08-17,B4
TX-2026-08-02939,Desa Putra Perdana Klang,B-37-18,Pangsapuri,Klang,Selangor,41267,581,192500,2026-08-22,B2
TX-2026-08-01859,Pangsapuri Cempaka Wangi Klang,C-20-01,Banglo,Klang,Selangor,42015,4595,1587000,2026-08-21,B3
TX-2026-08-00929,Kondominium Kenanga Sari Sepang,D-35-20,Pangsapuri,Sepang,Selangor,63285,617,287500,2026-08-14,B2
TX-2026-08-01248,Desa Warisan Murni Petaling,E-03-01,Kondominium,Petaling,Selangor,46986,1452,623000,2026-08-26,B5
TX-2026-08-02560,Pangsapuri Suria Bayu Kuala,D-29-13,Teres 1 Tingkat,Kuala Lumpur,W.P. Kuala Lumpur,50884,930,647500,2026-08-21,B2
TX-2026-08-02620,Pangsapuri Kenanga Sari Kuala,C-38-12,Kondominium,Kuala Selangor,Selangor,45603,1324,528000,2026-08-02,B1
TX-2026-08-00505,Bandar Anggerik Jaya Petaling,C-15-08,Teres 1 Tingkat,Petaling,Selangor,46540,1284,544500,2026-08-02,B4
TX-2026-08-00605,Bandar Anggerik Jaya Petaling,C-06-13,Teres 1 Tingkat,Petaling,Selangor,47329,1380,855000,2026-08-25,B5
TX-2026-08-01124,Bandar Mutiara Sentosa Kuala,B-23-04,Banglo,Kuala Lumpur,W.P. Kuala Lumpur,50127,3561,2092000,2026-08-15,B2
TX-2026-08-00310,Taman Warisan Murni Hulu,B-30-15,Teres 2 Tingkat,Hulu Selangor,Selangor,44091,2044,610500,2026-08-02,B4
TX-2026-08-01146,Bandar Kenanga Sari Kuala,C-31-17,Teres 2 Tingkat,DAERAH KUALA LUMPUR,W.P. Kuala Lumpur,55846,2187,1379000,2026-08-18,B2
TX-2026-08-01458,Residensi Warisan Murni Kuala,B-09-11,Teres 2 Tingkat,Kuala Langat,Selangor,42533,1779,529500,2026-08-28,B5
TX-2026-08-02331,Taman Bukit Harmoni Klang,E-22-02,Banglo,Klang,Selangor,42086,4899,1602500,2026-08-11,B6
TX-2026-08-02182,Kondominium Damai Indah Petaling,G-12-23,Kondominium,DAERAH PETALING,Selangor,46963,1046,531000,2026-08-27,B6
TX-2026-08-00094,Desa Seri Melati Kuala,C-29-20,Pangsapuri,Kuala Lumpur,W.P. Kuala Lumpur,52399,576,374500,2026-08-01,B6
TX-2026-08-00095,Desa Seri Melati Kuala,D-05-17,Pangsapuri,Kuala Lumpur,W.P. Kuala Lumpur,59438,576,374500,2026-08-01,B5
TX-2026-08-02378,Residensi Putra Perdana Hulu,B-13-24,Kondominium,Hulu Selangor,Selangor,44251,1059,401500,2026-08-11,B4
TX-2026-08-01105,Kondominium Damai Indah Petaling,B-10-02,Pangsapuri,Petaling,Selangor,46251,705,392500,2026-08-25,B2
TX-2026-08-01468,Residensi Seri Melati Kuala,A-32-12,Pangsapuri,Kuala Lumpur,W.P. Kuala Lumpur,58975,867,366500,2026-08-17,B5
TX-2026-08-00370,Taman Anggerik Jaya Kuala,G-05-14,Pangsapuri,Kuala Lumpur,W.P. Kuala Lumpur,59370,749,454500,2026-08-07,B6
TX-2026-08-02499,Desa Warisan Murni Petaling,C-22-23,Teres 2 Tingkat,DAERAH PETALING,Selangor,46835,1439,732500,2026-08-01,B6
TX-2026-08-02325,Desa Anggerik Jaya Sepang,C-35-17,Banglo,Sepang,Selangor,63103,4128,1528500,2026-08-25,B5
TX-2026-08-01949,Taman Tasik Permai Klang,F-28-05,Berkembar 2 Tingkat,Klang,Selangor,41363,3090,1275000,2026-08-18,B2
TX-2026-08-00416,Residensi Kenanga Sari Sepang,B-12-18,Teres 1 Tingkat,Sepang,Selangor,63277,1261,392000,2026-08-26,B5
TX-2026-08-01632,Taman Suria Bayu Kuala,F-28-10,Berkembar 2 Tingkat,Kuala Selangor,Selangor,45690,2522,919000,2026-08-16,B3
TX-2026-08-00790,Taman Putra Perdana Hulu,G-05-16,Teres 2 Tingkat,Hulu Selangor,Selangor,44168,2103,658500,2026-08-08,B4
TX-2026-08-01173,Kondominium Damai Indah Petaling,G-19-14,Pangsapuri,Petaling,Selangor,47675,642,442000,2026-08-17,B5
TX-2026-08-01940,Kondominium Putra Perdana Petaling,D-29-13,Kondominium,Petaling,Selangor,46260,1099,528000,2026-08-20,B4
TX-2026-08-01947,Taman Warisan Murni Gombak,B-37-05,Banglo,Gombak,Selangor,68018,4606,1400500,2026-08-14,B5
TX-2026-08-02805,Desa Impian Setia Kuala,B-11-12,Teres 1 Tingkat,Kuala Selangor,Selangor,45697,1305,519000,2026-08-08,B4
TX-2026-08-01114,Taman Tasik Permai Klang,B-25-12,Berkembar 2 Tingkat,Klang,Selangor,41141,3347,966000,2026-08-12,B2
TX-2026-08-00338,Pangsapuri Warisan Murni Kuala,D-37-24,Kondominium,Kuala Langat,Selangor,42575,1478,431500,2026-08-31,B1
TX-2026-08-00272,Desa Mutiara Sentosa Klang,A-12-16,Teres 2 Tingkat,Klang,Selangor,41730,1793,635000,2026-08-09,B6
TX-2026-08-01132,Desa Mutiara Sentosa Klang,F-36-18,Berkembar 2 Tingkat,Klang,Selangor,41966,2423,953500,07/08/2026,B4
TX-2026-08-01045,Desa Anggerik Jaya Sepang,A-05-02,Teres 1 Tingkat,DAERAH SEPANG,Selangor,63061,1129,511000,2026-08-06,B4
TX-2026-08-01791,Desa Bukit Harmoni Petaling,E-26-15,Pangsapuri,Petaling,Selangor,46883,935,602000,2026-08-27,B3
TX-2026-08-02591,Pangsapuri Kenanga Sari Hulu,B-08-15,Pangsapuri,DAERAH HULU SELANGOR,Selangor,44098,772,173500,2026-08-23,B2
TX-2026-08-00602,Desa Seri Melati Kuala,G-16-23,Berkembar 2 Tingkat,DAERAH KUALA LUMPUR,W.P. Kuala Lumpur,50559,2819,2260000,2026-08-27,B2
TX-2026-08-00630,Taman Anggerik Jaya Kuala,A-33-12,Kondominium,Kuala Lumpur,W.P. Kuala Lumpur,51048,830,612500,2026-08-03,B4
TX-2026-08-01059,Desa Mutiara Sentosa Sabak,A-01-20,Banglo,Sabak Bernam,Selangor,45361,3865,1011000,2026-08-24,B2
TX-2026-08-01640,Bandar Bukit Harmoni Hulu,D-31-11,Banglo,Hulu Selangor,Selangor,44107,4284,639000,2026-08-28,B3
TX-2026-08-00251,Pangsapuri Cempaka Wangi Klang,C-17-16,Kondominium,Klang,Selangor,41774,886,390000,2026-08-02,B2
TX-2026-08-00001,Kondominium Damai Indah Petaling,C-03-15,Kondominium,Petaling,Selangor,46948,872,453500,2026-08-31,B3
TX-2026-08-01629,Pangsapuri Suria Bayu Kuala,D-29-06,Banglo,Kuala Lumpur,W.P. Kuala Lumpur,57756,3712,2655500,2026-08-05,B6
TX-2026-08-01009,Pangsapuri Kenanga Sari Kuala,D-29-06,Berkembar 2 Tingkat,DAERAH KUALA SELANGOR,Selangor,45773,2321,658000,2026-08-02,B3
TX-2026-08-02990,Desa Bukit Harmoni Petaling,B-08-05,Kondominium,Petaling,Selangor,47180,858,442000,2026-08-11,B3
TX-2026-08-01742,Desa Seri Melati Kuala,D-38-14,Teres 1 Tingkat,DAERAH KUALA LUMPUR,W.P. Kuala Lumpur,50815,1073,692000,2026-08-05,B3
TX-2026-08-01631,Taman Kenanga Sari Klang,B-12-07,Teres 1 Tingkat,DAERAH KLANG,Selangor,42253,1054,341500,2026-08-13,B5
TX-2026-08-02710,Pangsapuri Seri Melati Hulu,F-31-08,Teres 2 Tingkat,Hulu Langat,Selangor,43224,2141,826500,2026-08-25,B4
TX-2026-08-00656,Bandar Damai Indah Hulu,B-26-14,Teres 1 Tingkat,Hulu Langat,Selangor,43409,1009,445000,2026-08-22,B2
TX-2026-08-01581,Pangsapuri Putra Perdana Kuala,D-02-19,Kondominium,Kuala Selangor,Selangor,45665,962,377500,2026-08-20,B2
TX-2026-08-01038,Kondominium Mutiara Sentosa Gombak,A-25-23,Pangsapuri,Gombak,Selangor,68068,723,264500,2026-08-28,B4
TX-2026-08-00673,Kondominium Putra Perdana Petaling,F-26-16,Kondominium,Petaling,Selangor,46449,963,362000,2026-08-05,B5
TX-2026-08-01701,Residensi Kenanga Sari Sepang,B-34-09,Banglo,Sepang,Selangor,63258,3732,1527000,2026-08-10,B6
TX-2026-08-02019,Residensi Warisan Murni Kuala,C-30-16,Berkembar 2 Tingkat,DAERAH KUALA LANGAT,Selangor,42577,3031,1225000,2026-08-21,B1
TX-2026-08-02824,Kondominium Putra Perdana Petaling,C-05-08,Teres 1 Tingkat,Petaling,Selangor,46923,1124,667500,2026-08-04,B3
TX-2026-08-01109,Taman Bukit Harmoni Klang,D-37-24,Berkembar 2 Tingkat,DAERAH KLANG,Selangor,41304,2964,938500,2026-08-21,B2
TX-2026-08-01392,Pangsapuri Seri Melati Hulu,G-02-18,Berkembar 2 Tingkat,Hulu Langat,Selangor,43159,2375,1116500,2026-08-01,B5
TX-2026-08-02881,Desa Seri Melati Kuala,D-13-20,Kondominium,Kuala Lumpur,W.P. Kuala Lumpur,59053,982,596000,2026-08-12,B5
TX-2026-08-01335,Residensi Seri Melati Kuala,D-25-05,Berkembar 2 Tingkat,Kuala Lumpur,W.P. Kuala Lumpur,57194,3365,2978500,2026-08-27,B2
TX-2026-08-00996,Bandar Damai Indah Hulu,B-02-23,Berkembar 2 Tingkat,Hulu Langat,Selangor,43035,3163,1214500,2026-08-23,B1
TX-2026-08-00517,Pangsapuri Suria Bayu Kuala,D-04-02,Teres 2 Tingkat,Kuala Lumpur,W.P. Kuala Lumpur,58010,1919,1384000,2026-08-23,B4
TX-2026-08-01276,Bandar Anggerik Jaya Petaling,F-28-23,Pangsapuri,Petaling,Selangor,47813,888,407500,2026-08-14,B6
TX-2026-08-01784,Kondominium Mutiara Sentosa Hulu,B-26-05,Banglo,Hulu Langat,Selangor,43369,5071,1585000,2026-08-10,B4
TX-2026-08-02842,Taman Kenanga Sari Gombak,A-33-21,Teres 2 Tingkat,Gombak,Selangor,68037,1922,1024000,2026-08-01,B6
TX-2026-08-01777,Desa Cempaka Wangi Gombak,D-37-03,Teres 1 Tingkat,Gombak,Selangor,68010,1155,422000,2026-08-25,B1
TX-2026-08-00650,Desa Cempaka Wangi Gombak,B-09-13,Teres 2 Tingkat,Gombak,Selangor,68022,1539,809000,2026-08-15,B4
TX-2026-08-00047,Desa Seri Melati Kuala,G-30-06,Kondominium,Kuala Lumpur,W.P. Kuala Lumpur,56343,1480,962000,2026-08-01,B5
TX-2026-08-01467,Bandar Tasik Permai Kuala,F-12-12,Banglo,Kuala Selangor,Selangor,45614,4171,1152000,2026-08-01,B6
TX-2026-08-00321,Desa Impian Setia Klang,B-14-02,Pangsapuri,Klang,Selangor,41281,914,247500,2026-08-16,B4
TX-2026-08-02321,Desa Kenanga Sari Hulu,D-13-11,Teres 2 Tingkat,DAERAH HULU LANGAT,Selangor,43202,2042,857000,2026-08-02,B3
TX-2026-08-01679,Desa Tasik Permai Sepang,E-36-12,Teres 1 Tingkat,Sepang,Selangor,63111,1119,454000,2026-08-03,B6
TX-2026-08-01227,Kondominium Damai Indah Petaling,D-25-21,Berkembar 2 Tingkat,Petaling,Selangor,46036,2533,1375500,2026-08-25,B1
TX-2026-08-02495,Residensi Seri Melati Kuala,F-09-01,Kondominium,Kuala Lumpur,W.P. Kuala Lumpur,55135,861,545500,2026-08-17,B3
TX-2026-08-00368,Kondominium Impian Setia Gombak,A-26-12,Pangsapuri,Gombak,Selangor,68088,894,547000,2026-08-16,B1
TX-2026-08-01428,Pangsapuri Kenanga Sari Petaling,E-13-03,Kondominium,DAERAH PETALING,Selangor,47300,1364,614000,2026-08-21,B3
TX-2026-08-01262,Kondominium Putra Perdana Petaling,A-18-23,Berkembar 2 Tingkat,Petaling,Selangor,47438,2895,1328500,2026-08-17,B1
TX-2026-08-02245,Taman Kenanga Sari Gombak,B-11-04,Teres 1 Tingkat,Gombak,Selangor,68011,1144,455500,2026-08-03,B3
TX-2026-08-00071,Taman Kenanga Sari Kuala,G-02-22,Kondominium,Kuala Lumpur,W.P. Kuala Lumpur,55260,1036,673500,2026-08-15,B6
TX-2026-08-00982,Desa Kenanga Sari Hulu,E-38-09,Teres 2 Tingkat,Hulu Langat,Selangor,43034,1578,638500,2026-08-27,B1
TX-2026-08-01523,Desa Mutiara Sentosa Klang,A-02-06,Pangsapuri,Klang,Selangor,41410,915,563500,2026-08-02,B2
TX-2026-08-00003,Kondominium Damai Indah Petaling,E-17-07,Kondominium,Petaling,Selangor,46971,872,453500,2026-08-31,B6
TX-2026-08-02790,Taman Kenanga Sari Kuala,A-14-14,Teres 2 Tingkat,Kuala Lumpur,W.P. Kuala Lumpur,58728,1681,1170500,2026-08-23,B4
TX-2026-08-02832,Taman Warisan Murni Gombak,D-02-06,Kondominium,Gombak,Selangor,68026,1374,534000,2026-08-14,B5
TX-2026-08-02893,Desa Impian Setia Kuala,B-16-09,Pangsapuri,Kuala Selangor,Selangor,45794,634,138000,2026-08-28,B1
TX-2026-08-01805,Taman Kenanga Sari Kuala,E-38-02,Banglo,Kuala Langat,Selangor,42513,2963,736000,2026-08-30,B5
TX-2026-08-01664,Taman Kenanga Sari Klang,A-01-08,Kondominium,Klang,Selangor,42072,1135,468000,2026-08-24,B3
TX-2026-08-01332,Desa Kenanga Sari Hulu,G-20-10,Banglo,DAERAH HULU LANGAT,Selangor,43376,3377,1396000,2026-08-17,B1
TX-2026-08-02615,Bandar Kenanga Sari Kuala,C-02-12,Teres 2 Tingkat,DAERAH KUALA LUMPUR,W.P. Kuala Lumpur,55971,1844,1636500,2026-08-14,B2
TX-2026-08-01758,Residensi Seri Melati Kuala,B-25-24,Berkembar 2 Tingkat,Kuala Lumpur,W.P. Kuala Lumpur,57172,2643,2396000,2026-08-09,B5
TX-2026-08-01741,Bandar Bukit Harmoni Hulu,A-32-01,Teres 1 Tingkat,Hulu Selangor,Selangor,44052,1217,294500,2026-08-15,B1
TX-2026-08-00186,Kondominium Cempaka Wangi Sepang,F-33-01,Teres 1 Tingkat,Sepang,Selangor,63292,1370,505000,2026-08-08,B1
TX-2026-08-00687,Pangsapuri Kenanga Sari Petaling,C-36-12,Berkembar 2 Tingkat,Petaling,Selangor,47699,3223,1537500,2026-08-28,B2
TX-2026-08-00859,Pangsapuri Putra Perdana Kuala,B-19-09,Banglo,Kuala Selangor,Selangor,45761,4807,1195500,2026-08-31,B5
TX-2026-08-01518,Taman Bukit Harmoni Klang,B-08-17,Kondominium,Klang,Selangor,41255,1030,410500,2026-08-04,B3
TX-2026-08-00434,Desa Seri Melati Kuala,F-35-22,Teres 2 Tingkat,Kuala Lumpur,W.P. Kuala Lumpur,59169,1582,1160500,2026-08-07,B4
TX-2026-08-01484,Pangsapuri Kenanga Sari Petaling,E-11-04,Banglo,Petaling,Selangor,47620,4625,2227000,2026-08-08,B6
TX-2026-08-00747,Pangsapuri Suria Bayu Kuala,F-20-01,Berkembar 2 Tingkat,Kuala Lumpur,W.P. Kuala Lumpur,58760,2480,1197000,2026-08-10,B2
TX-2026-08-00106,Pangsapuri Suria Bayu Sepang,C-12-18,Pangsapuri,Sepang,Selangor,63122,651,254000,2026-08-10,B2
TX-2026-08-01674,Taman Suria Bayu Kuala,G-11-08,Pangsapuri,Kuala Selangor,Selangor,45783,809,185000,2026-08-15,B1
TX-2026-08-00744,Taman Warisan Murni Hulu,C-17-02,Kondominium,Hulu Selangor,Selangor,44246,1509,343500,2026-08-14,B6
TX-2026-08-02118,Pangsapuri Kenanga Sari Petaling,A-03-23,Banglo,Petaling,Selangor,46815,4561,2403500,2026-08-28,B6
TX-2026-08-00706,Taman Bukit Harmoni Klang,F-04-15,Kondominium,Klang,Selangor,41622,1173,233500,2026-08-16,B6
TX-2026-08-00507,Pangsapuri Suria Bayu Kuala,E-07-11,Teres 1 Tingkat,Kuala Lumpur,W.P. Kuala Lumpur,52002,960,811000,2026-08-13,B1
TX-2026-08-01789,Pangsapuri Cempaka Wangi Klang,C-03-04,Teres 2 Tingkat,DAERAH KLANG,Selangor,41921,1696,498500,2026-08-19,B3
TX-2026-08-01052,Kondominium Impian Setia Petaling,D-01-14,Teres 2 Tingkat,DAERAH PETALING,Selangor,47426,1947,1000000,2026-08-28,B4
TX-2026-08-01706,Desa Warisan Murni Petaling,B-05-09,Pangsapuri,Petaling,Selangor,46825,655,428000,2026-08-19,B1
TX-2026-08-00146,Desa Anggerik Jaya Sepang,A-06-20,Kondominium,Sepang,Selangor,63247,1371,534500,2026-08-01,B5
TX-2026-08-00022,Kondominium Impian Setia Petaling,F-23-09,Pangsapuri,Petaling,Selangor,47304,853,443500,2026-08-23,B4
TX-2026-08-00674,Residensi Warisan Murni Kuala,F-20-19,Kondominium,Kuala Langat,Selangor,42601,1590,306000,24/08/2026,B3
TX-2026-08-00563,Kondominium Impian Setia Gombak,F-24-05,Teres 2 Tingkat,Gombak,Selangor,68025,2379,849000,2026-08-19,B4
TX-2026-08-02965,Desa Seri Melati Kuala,D-18-21,Teres 1 Tingkat,Kuala Lumpur,W.P. Kuala Lumpur,54415,1055,587000,2026-08-14,B5
TX-2026-08-02666,Taman Putra Perdana Hulu,D-14-13,Pangsapuri,Hulu Selangor,Selangor,44260,613,165500,2026-08-08,B4
TX-2026-08-00936,Taman Kenanga Sari Gombak,E-35-18,Teres 1 Tingkat,Gombak,Selangor,68013,918,479000,2026-08-01,B3
TX-2026-08-00309,Desa Mutiara Sentosa Sabak,E-05-02,Teres 1 Tingkat,Sabak Bernam,Selangor,45368,1215,261500,2026-08-02,B6
TX-2026-08-00051,Kondominium Cempaka Wangi Sepang,C-24-13,Kondominium,Sepang,Selangor,63181,1267,494000,2026-08-20,B3
TX-2026-08-02226,Taman Seri Melati Hulu,C-08-15,Banglo,Hulu Langat,Selangor,43041,3500,1960500,2026-08-06,B3
TX-2026-08-02426,Desa Anggerik Jaya Sepang,D-06-19,Kondominium,Sepang,Selangor,63009,1053,384500,2026-08-05,B3
TX-2026-08-01122,Desa Impian Setia Kuala,F-23-14,Banglo,Kuala Selangor,Selangor,45766,2858,1072500,2026-08-03,B6
TX-2026-08-01157,Bandar Damai Indah Hulu,B-06-05,Berkembar 2 Tingkat,DAERAH HULU LANGAT,Selangor,43014,2953,1452000,2026-08-04,B5
TX-2026-08-00072,Taman Kenanga Sari Kuala,C-19-12,Kondominium,Kuala Lumpur,W.P. Kuala Lumpur,56929,1036,673500,2026-08-15,B2
TX-2026-08-01729,Pangsapuri Suria Bayu Kuala,G-17-23,Banglo,Kuala Lumpur,W.P. Kuala Lumpur,53656,5140,4474500,2026-08-11,B3
TX-2026-08-02252,Pangsapuri Tasik Permai Gombak,A-03-12,Banglo,DAERAH GOMBAK,Selangor,68015,4029,1344000,2026-08-24,B1
TX-2026-08-02401,Bandar Kenanga Sari Kuala,C-31-02,Kondominium,Kuala Lumpur,W.P. Kuala Lumpur,56725,770,477500,2026-08-28,B4
TX-2026-08-00044,Kondominium Putra Perdana Petaling,F-27-16,Kondominium,Petaling,Selangor,46725,1567,815000,2026-08-16,B6
TX-2026-08-02312,Kondominium Putra Perdana Petaling,C-09-13,Pangsapuri,Petaling,Selangor,47629,724,355500,2026-08-16,B3
TX-2026-08-02918,Desa Bukit Harmoni Petaling,E-01-21,Berkembar 2 Tingkat,DAERAH PETALING,Selangor,47296,2507,1336000,2026-08-11,B6
TX-2026-08-00494,Pangsapuri Tasik Permai Gombak,B-25-02,Teres 2 Tingkat,Gombak,Selangor,68092,1964,643000,2026-08-28,B6
TX-2026-08-02278,Taman Seri Melati Hulu,C-29-15,Kondominium,Hulu Langat,Selangor,43478,1107,297500,2026-08-11,B1
TX-2026-08-01941,Bandar Kenanga Sari Kuala,E-14-23,Kondominium,Kuala Lumpur,W.P. Kuala Lumpur,59919,769,723500,09/08/2026,B5
TX-2026-08-02315,Desa Kenanga Sari Kuala,G-22-04,Teres 1 Tingkat,DAERAH KUALA LANGAT,Selangor,42701,1319,343500,2026-08-24,B5
TX-2026-08-02454,Kondominium Cempaka Wangi Sepang,C-28-11,Teres 1 Tingkat,Sepang,Selangor,63004,1194,530500,2026-08-15,B4
TX-2026-08-01907,Bandar Anggerik Jaya Hulu,A-16-02,Banglo,Hulu Langat,Selangor,43031,4610,1979000,2026-08-17,B2
TX-2026-08-00843,Taman Kenanga Sari Kuala,E-15-07,Pangsapuri,Kuala Lumpur,W.P. Kuala Lumpur,56959,936,542000,2026-08-30,B4
TX-2026-08-01133,Pangsapuri Putra Perdana Kuala,A-38-24,Pangsapuri,Kuala Selangor,Selangor,45772,571,183500,2026-08-04,B2
TX-2026-08-01601,Taman Tasik Permai Klang,B-30-12,Pangsapuri,Klang,Selangor,42142,743,221000,2026-08-28,B4
TX-2026-08-01754,Kondominium Anggerik Jaya Sabak,B-26-12,Banglo,Sabak Bernam,Selangor,45170,4754,843500,2026-08-07,B3
TX-2026-08-00016,Residensi Kenanga Sari Sepang,D-22-16,Kondominium,Sepang,Selangor,63010,1022,398500,2026-08-18,B3
TX-2026-08-02571,Pangsapuri Tasik Permai Gombak,F-19-14,Teres 2 Tingkat,Gombak,Selangor,68097,1627,711500,29/08/2026,B2
TX-2026-08-00404,Desa Kenanga Sari Kuala,B-34-03,Teres 1 Tingkat,DAERAH KUALA LANGAT,Selangor,42761,1011,289000,2026-08-11,B1
TX-2026-08-01832,Pangsapuri Cempaka Wangi Klang,G-34-20,Pangsapuri,Klang,Selangor,41102,674,212000,2026-08-02,B1
TX-2026-08-01699,Taman Kenanga Sari Gombak,C-11-17,Berkembar 2 Tingkat,DAERAH GOMBAK,Selangor,68022,3397,1897000,2026-08-17,B5
TX-2026-08-02132,Kondominium Seri Melati Sabak,C-17-08,Teres 1 Tingkat,Sabak Bernam,Selangor,45106,1244,288000,2026-08-14,B4
TX-2026-08-01651,Taman Kenanga Sari Gombak,A-08-13,Banglo,Gombak,Selangor,68053,4599,2126000,2026-08-13,B6
TX-2026-08-02916,Kondominium Damai Indah Petaling,B-06-21,Teres 2 Tingkat,Petaling,Selangor,47441,1737,1025000,2026-08-02,B4
TX-2026-08-01959,Kondominium Mutiara Sentosa Hulu,B-16-07,Teres 2 Tingkat,Hulu Langat,Selangor,43140,2050,825500,2026-08-26,B1
TX-2026-08-00975,Kondominium Impian Setia Petaling,C-05-21,Teres 1 Tingkat,DAERAH PETALING,Selangor,47679,1219,434000,2026-08-07,B2
TX-2026-08-02400,Bandar Anggerik Jaya Hulu,E-22-05,Teres 1 Tingkat,Hulu Langat,Selangor,43010,1073,433500,2026-08-31,B6
TX-2026-08-01364,Taman Kenanga Sari Gombak,D-26-01,Banglo,Gombak,Selangor,68064,3097,1616000,2026-08-22,B2
TX-2026-08-02983,Kondominium Mutiara Sentosa Hulu,F-11-08,Banglo,Hulu Langat,Selangor,43355,3313,1560000,2026-08-16,B2
TX-2026-08-01736,Pangsapuri Seri Melati Hulu,E-21-10,Banglo,Hulu Langat,Selangor,43163,3615,1627500,2026-08-06,B2
TX-2026-08-01598,Residensi Kenanga Sari Sepang,D-33-11,Teres 1 Tingkat,Sepang,Selangor,63101,1131,684500,2026-08-05,B6
TX-2026-08-02140,Bandar Bukit Harmoni Hulu,D-02-22,Kondominium,Hulu Selangor,Selangor,44207,895,218000,2026-08-17,B6
TX-2026-08-01254,Kondominium Mutiara Sentosa Hulu,F-11-08,Berkembar 2 Tingkat,Hulu Langat,Selangor,43443,3267,1470500,2026-08-22,B6
TX-2026-08-02074,Bandar Mutiara Sentosa Kuala,C-17-07,Teres 1 Tingkat,Kuala Lumpur,W.P. Kuala Lumpur,52992,1252,759000,2026-08-23,B2
TX-2026-08-00444,Desa Mutiara Sentosa Sabak,B-02-16,Teres 1 Tingkat,Sabak Bernam,Selangor,45198,1125,202000,2026-08-06,B4
TX-2026-08-02309,Residensi Seri Melati Kuala,F-21-09,Kondominium,Kuala Lumpur,W.P. Kuala Lumpur,57264,1373,572500,2026-08-13,B3
TX-2026-08-02124,Kondominium Impian Setia Petaling,B-13-03,Teres 2 Tingkat,Petaling,Selangor,47024,1491,804000,2026-08-02,B2
TX-2026-08-01613,Desa Anggerik Jaya Kuala,E-04-14,Teres 2 Tingkat,Kuala Langat,Selangor,42719,1598,606000,2026-08-05,B6
TX-2026-08-01171,Taman Kenanga Sari Kuala,B-09-23,Teres 1 Tingkat,DAERAH KUALA LANGAT,Selangor,42662,1181,352000,2026-08-11,B6
TX-2026-08-00299,Kondominium Putra Perdana Petaling,B-29-15,Banglo,DAERAH PETALING,Selangor,47246,3259,2407500,2026-08-26,B4
TX-2026-08-01762,Desa Anggerik Jaya Sepang,B-28-18,Teres 1 Tingkat,Sepang,Selangor,63203,1113,459500,2026-08-01,B2
TX-2026-08-00374,Desa Putra Perdana Klang,F-06-02,Kondominium,Klang,Selangor,41676,1514,603500,2026-08-26,B1
TX-2026-08-01663,Kondominium Kenanga Sari Hulu,E-28-17,Kondominium,Hulu Langat,Selangor,43350,1226,547000,2026-08-07,B6
TX-2026-08-01745,Bandar Kenanga Sari Kuala,B-01-18,Berkembar 2 Tingkat,Kuala Lumpur,W.P. Kuala Lumpur,54605,3246,2612000,2026-08-16,B2
TX-2026-08-02786,Bandar Tasik Permai Kuala,C-25-06,Kondominium,Kuala Selangor,Selangor,45707,937,380000,2026-08-16,B6
TX-2026-08-01637,Taman Kenanga Sari Klang,F-29-05,Berkembar 2 Tingkat,DAERAH KLANG,Selangor,42132,2956,1882500,2026-08-19,B6
TX-2026-08-01359,Pangsapuri Kenanga Sari Petaling,G-18-17,Kondominium,Petaling,Selangor,47700,1260,414000,2026-08-29,B3
TX-2026-08-02028,Pangsapuri Kenanga Sari Petaling,A-38-08,Teres 1 Tingkat,DAERAH PETALING,Selangor,47275,1284,516000,2026-08-02,B5
TX-2026-08-00617,Residensi Seri Melati Kuala,E-36-03,Teres 2 Tingkat,Kuala Lumpur,W.P. Kuala Lumpur,55104,1736,1955500,2026-08-16,B1
TX-2026-08-02046,Taman Kenanga Sari Gombak,G-33-05,Teres 2 Tingkat,Gombak,Selangor,68061,1845,1112500,2026-08-05,B4
TX-2026-08-01763,Kondominium Putra Perdana Petaling,E-20-04,Berkembar 2 Tingkat,Petaling,Selangor,47790,3126,1558500,2026-08-08,B5
TX-2026-08-00572,Bandar Putra Perdana Hulu,G-13-05,Teres 2 Tingkat,Hulu Selangor,Selangor,35903,2029,459000,2026-08-06,B3
TX-2026-08-00712,Pangsapuri Kenanga Sari Petaling,B-04-06,Teres 1 Tingkat,Petaling,Selangor,46627,1148,624000,2026-08-28,B1
TX-2026-08-01864,Taman Kenanga Sari Gombak,E-12-23,Kondominium,DAERAH GOMBAK,Selangor,68024,1088,470000,2026-08-21,B6
TX-2026-08-00287,Desa Warisan Murni Petaling,B-02-16,Pangsapuri,DAERAH PETALING,Selangor,47193,610,317500,2026-08-22,B4
TX-2026-08-02239,Kondominium Kenanga Sari Hulu,G-01-19,Teres 2 Tingkat,Hulu Langat,Selangor,43073,1614,617000,2026-08-01,B3
TX-2026-08-01425,Kondominium Impian Setia Petaling,C-36-23,Teres 2 Tingkat,Petaling,Selangor,46105,2352,1261500,2026-08-30,B6
TX-2026-08-02269,Taman Bukit Harmoni Gombak,F-24-18,Teres 2 Tingkat,Gombak,Selangor,68066,1455,757500,2026-08-20,B3
TX-2026-08-01145,Kondominium Damai Indah Petaling,B-38-13,Kondominium,DAERAH PETALING,Selangor,46353,981,427500,2026-08-14,B3
TX-2026-08-00700,Pangsapuri Kenanga Sari Petaling,G-35-13,Banglo,DAERAH PETALING,Selangor,46066,3555,1469500,2026-08-29,B6
TX-2026-08-01018,Residensi Damai Indah Sepang,F-10-15,Banglo,Sepang,Selangor,63260,4798,2081500,2026-08-19,B2
TX-2026-08-01525,Bandar Anggerik Jaya Hulu,G-14-24,Kondominium,Hulu Langat,Selangor,43190,946,360000,2026-08-16,B2
TX-2026-08-00801,Bandar Kenanga Sari Kuala,G-11-16,Kondominium,Kuala Lumpur,W.P. Kuala Lumpur,55957,1548,737500,2026-08-16,B2
TX-2026-08-02174,Desa Putra Perdana Klang,D-38-15,Banglo,Klang,Selangor,42215,2975,1192500,2026-08-10,B4
TX-2026-08-00329,Taman Kenanga Sari Kuala,E-32-10,Pangsapuri,Kuala Lumpur,W.P. Kuala Lumpur,56302,738,395000,2026-08-06,B5
TX-2026-08-02051,Desa Bukit Harmoni Petaling,B-31-22,Berkembar 2 Tingkat,Petaling,Selangor,46575,3367,1415000,2026-08-22,B6
TX-2026-08-01297,Residensi Damai Indah Sepang,B-28-06,Kondominium,Sepang,Selangor,63133,1106,568500,2026-08-20,B5
TX-2026-08-01060,Pangsapuri Tasik Permai Gombak,B-32-07,Teres 1 Tingkat,Gombak,Selangor,68073,1203,775000,2026-08-23,B4
TX-2026-08-02853,Taman Kenanga Sari Klang,D-17-09,Berkembar 2 Tingkat,DAERAH KLANG,Selangor,41883,2265,1047000,2026-08-16,B2
TX-2026-08-00799,Desa Cempaka Wangi Gombak,C-28-06,Teres 2 Tingkat,Gombak,Selangor,68066,1404,471500,2026-08-16,B1
TX-2026-08-01095,Kondominium Impian Setia Petaling,E-03-07,Teres 2 Tingkat,DAERAH PETALING,Selangor,46107,2252,1206500,2026-08-04,B5
TX-2026-08-01466,Desa Tasik Permai Sepang,B-06-15,Banglo,Sepang,Selangor,71804,4564,1930000,2026-08-24,B6
TX-2026-08-02694,Desa Cempaka Wangi Gombak,D-08-23,Berkembar 2 Tingkat,Gombak,Selangor,68093,2230,1043000,2026-08-19,B6
TX-2026-08-02653,Kondominium Impian Setia Petaling,F-14-07,Pangsapuri,Petaling,Selangor,46475,732,502500,2026-08-14,B4
TX-2026-08-01159,Desa Impian Setia Klang,E-07-01,Berkembar 2 Tingkat,Klang,Selangor,42088,2316,733500,2026-08-08,B6
TX-2026-08-02583,Residensi Putra Perdana Hulu,A-14-02,Teres 1 Tingkat,Hulu Selangor,Selangor,44237,1089,476000,2026-08-16,B2
TX-2026-08-02788,Bandar Mutiara Sentosa Kuala,E-36-18,Banglo,Kuala Lumpur,W.P. Kuala Lumpur,59721,3928,2009500,2026-08-05,B3
TX-2026-08-02310,Residensi Seri Melati Kuala,G-10-05,Banglo,DAERAH KUALA LUMPUR,W.P. Kuala Lumpur,54510,3342,1636000,2026-08-03,B5
TX-2026-08-01188,Pangsapuri Suria Bayu Kuala,C-13-23,Kondominium,Kuala Lumpur,W.P. Kuala Lumpur,54586,1417,1219000,2026-08-10,B1
TX-2026-08-02350,Pangsapuri Kenanga Sari Petaling,G-20-16,Teres 2 Tingkat,Petaling,Selangor,47162,2267,1262500,2026-08-19,B1
TX-2026-08-01704,Desa Impian Setia Klang,E-15-05,Berkembar 2 Tingkat,DAERAH KLANG,Selangor,41082,3139,1107500,2026-08-24,B2
TX-2026-08-00017,Residensi Kenanga Sari Sepang,B-17-11,Kondominium,Sepang,Selangor,63153,1022,398500,2026-08-18,B2
TX-2026-08-00978,Desa Impian Setia Kuala,D-01-15,Teres 1 Tingkat,Kuala Selangor,Selangor,45694,956,294000,2026-08-23,B4
TX-2026-08-00191,Taman Warisan Murni Gombak,D-10-17,Banglo,DAERAH GOMBAK,Selangor,68039,3363,1736500,2026-08-12,B2
TX-2026-08-02875,Kondominium Kenanga Sari Hulu,C-01-01,Kondominium,Hulu Langat,Selangor,43112,1423,474000,2026-08-27,B5
TX-2026-08-00986,Desa Impian Setia Klang,D-36-05,Teres 2 Tingkat,Klang,Selangor,41851,1677,593000,2026-08-06,B5
TX-2026-08-00465,Desa Kenanga Sari Hulu,D-34-08,Teres 1 Tingkat,Hulu Langat,Selangor,43252,1023,438500,2026-08-15,B5
TX-2026-08-02854,Pangsapuri Suria Bayu Kuala,G-06-03,Banglo,Kuala Lumpur,W.P. Kuala Lumpur,54892,4253,3188000,2026-08-01,B5
TX-2026-08-00773,Taman Putra Perdana Hulu,B-11-03,Teres 1 Tingkat,Hulu Selangor,Selangor,44154,1235,293000,2026-08-17,B4
TX-2026-08-01879,Pangsapuri Suria Bayu Sepang,E-32-17,Banglo,Sepang,Selangor,63207,3452,931500,24/08/2026,B6
TX-2026-08-01587,Desa Warisan Murni Petaling,C-06-05,Teres 2 Tingkat,Petaling,Selangor,46116,2387,1302000,2026-08-02,B6
TX-2026-08-00248,Pangsapuri Tasik Permai Gombak,C-32-02,Kondominium,Gombak,Selangor,68068,1062,369500,2026-08-21,B3
TX-2026-08-00787,Taman Anggerik Jaya Kuala,C-38-03,Teres 2 Tingkat,Kuala Lumpur,W.P. Kuala Lumpur,59169,1503,829500,2026-08-09,B2
TX-2026-08-00073,Taman Anggerik Jaya Kuala,A-14-18,Kondominium,Kuala Lumpur,W.P. Kuala Lumpur,52728,1533,996500,2026-08-20,B3
TX-2026-08-02635,Pangsapuri Seri Melati Hulu,D-29-22,Teres 1 Tingkat,DAERAH HULU LANGAT,Selangor,43087,948,359500,2026-08-14,B4
TX-2026-08-01512,Desa Impian Setia Klang,G-12-22,Berkembar 2 Tingkat,Klang,Selangor,42003,2633,747000,2026-08-16,B2
TX-2026-08-02370,Taman Tasik Permai Klang,A-05-16,Teres 1 Tingkat,Klang,Selangor,41882,1230,397000,2026-08-06,B2
TX-2026-08-00567,Bandar Anggerik Jaya Hulu,A-15-18,Pangsapuri,Hulu Langat,Selangor,43383,783,321500,2026-08-03,B1
TX-2026-08-02177,Desa Seri Melati Kuala,C-38-05,Berkembar 2 Tingkat,Kuala Lumpur,W.P. Kuala Lumpur,56107,2266,2211000,2026-08-25,B6
TX-2026-08-01517,Desa Kenanga Sari Hulu,E-08-12,Teres 2 Tingkat,Hulu Langat,Selangor,43176,2007,989500,2026-08-06,B3
TX-2026-08-01253,Taman Bukit Harmoni Gombak,B-19-01,Teres 2 Tingkat,Gombak,Selangor,68097,2325,1018500,2026-08-31,B3
TX-2026-08-02974,Desa Anggerik Jaya Sepang,A-31-05,Teres 2 Tingkat,Sepang,Selangor,63031,1921,512000,2026-08-21,B5
TX-2026-08-02778,Kondominium Mutiara Sentosa Hulu,G-03-03,Teres 1 Tingkat,DAERAH HULU LANGAT,Selangor,43457,1377,895000,2026-08-09,B2
TX-2026-08-02924,Desa Impian Setia Klang,F-19-10,Teres 2 Tingkat,DAERAH KLANG,Selangor,42146,2184,672500,2026-08-10,B2
TX-2026-08-00396,Bandar Anggerik Jaya Petaling,A-06-19,Pangsapuri,Petaling,Selangor,47437,687,281500,2026-08-08,B4
TX-2026-08-02044,Bandar Anggerik Jaya Petaling,E-36-09,Pangsapuri,Petaling,Selangor,46850,901,458000,2026-08-08,B1
TX-2026-08-01573,Desa Anggerik Jaya Sepang,A-10-05,Banglo,DAERAH SEPANG,Selangor,63024,4281,2055500,2026-08-09,B4
TX-2026-08-02971,Taman Kenanga Sari Klang,B-17-06,Banglo,Klang,Selangor,41308,3661,1244500,2026-08-04,B1
TX-2026-08-02324,Taman Kenanga Sari Gombak,G-31-10,Pangsapuri,Gombak,Selangor,68030,950,445000,2026-08-24,B3
TX-2026-08-00264,Taman Kenanga Sari Kuala,B-34-23,Teres 1 Tingkat,Kuala Lumpur,W.P. Kuala Lumpur,54394,1378,917000,2026-08-26,B5
TX-2026-08-00593,Kondominium Anggerik Jaya Sabak,G-01-21,Teres 2 Tingkat,Sabak Bernam,Selangor,45269,1651,379000,2026-08-13,B1
TX-2026-08-02101,Desa Mutiara Sentosa Klang,C-01-10,Teres 2 Tingkat,Klang,Selangor,41806,1925,717000,2026-08-06,B6
TX-2026-08-01439,Desa Putra Perdana Klang,D-37-24,Pangsapuri,DAERAH KLANG,Selangor,41248,662,219000,2026-08-10,B6
TX-2026-08-00987,Pangsapuri Kenanga Sari Petaling,B-25-15,Teres 1 Tingkat,Petaling,Selangor,46199,949,464500,2026-08-04,B5
TX-2026-08-00214,Kondominium Impian Setia Petaling,E-27-19,Kondominium,Petaling,Selangor,46665,1020,589500,2026-08-12,B1
TX-2026-08-01071,Taman Warisan Murni Gombak,A-28-18,Kondominium,Gombak,Selangor,68074,859,281500,2026-08-04,B2
TX-2026-08-01419,Taman Warisan Murni Gombak,F-33-02,Kondominium,Gombak,Selangor,68033,1413,554500,2026-08-28,B6
TX-2026-08-01452,Pangsapuri Kenanga Sari Petaling,A-30-01,Kondominium,Petaling,Selangor,47506,1318,1065000,2026-08-14,B2
TX-2026-08-02866,Bandar Damai Indah Hulu,C-22-13,Teres 2 Tingkat,Hulu Langat,Selangor,43353,2251,792500,2026-08-22,B4
TX-2026-08-01073,Taman Anggerik Jaya Kuala,E-17-07,Teres 1 Tingkat,Kuala Lumpur,W.P. Kuala Lumpur,52979,1362,885000,2026-08-19,B3
TX-2026-08-02696,Desa Anggerik Jaya Sepang,A-28-15,Teres 2 Tingkat,Sepang,Selangor,63237,1583,786500,2026-08-27,B2
TX-2026-08-02703,Residensi Seri Melati Kuala,A-33-18,Banglo,Kuala Lumpur,W.P. Kuala Lumpur,58211,3087,2629000,2026-08-21,B5
TX-2026-08-02891,Bandar Anggerik Jaya Petaling,C-07-04,Teres 1 Tingkat,Petaling,Selangor,46820,1076,649500,2026-08-09,B4
TX-2026-08-02865,Kondominium Putra Perdana Petaling,A-01-24,Kondominium,Petaling,Selangor,47283,1411,670500,2026-08-21,B4
TX-2026-08-01666,Desa Kenanga Sari Hulu,D-36-03,Pangsapuri,Hulu Langat,Selangor,43472,674,364000,2026-08-29,B2
TX-2026-08-02917,Desa Impian Setia Klang,D-25-03,Pangsapuri,Klang,Selangor,41441,683,200500,2026-08-20,B6
TX-2026-08-00201,Pangsapuri Kenanga Sari Petaling,G-24-10,Teres 2 Tingkat,DAERAH PETALING,Selangor,46225,1594,872000,2026-08-04,B3
TX-2026-08-01115,Pangsapuri Cempaka Wangi Klang,C-31-19,Berkembar 2 Tingkat,Klang,Selangor,41215,3398,1073500,2026-08-25,B6
TX-2026-08-00498,Taman Bukit Harmoni Sabak,B-22-21,Berkembar 2 Tingkat,Sabak Bernam,Selangor,45161,3255,793000,2026-08-09,B3
TX-2026-08-02127,Desa Mutiara Sentosa Klang,E-24-10,Berkembar 2 Tingkat,DAERAH KLANG,Selangor,42154,2790,1787000,2026-08-10,B3
TX-2026-08-00671,Bandar Damai Indah Hulu,F-10-07,Banglo,Hulu Langat,Selangor,43000,4655,1575500,2026-08-09,B5
TX-2026-08-02512,Pangsapuri Kenanga Sari Petaling,B-26-19,Teres 2 Tingkat,Petaling,Selangor,46994,1627,656500,2026-08-26,B1
TX-2026-08-00335,Desa Anggerik Jaya Kuala,C-01-17,Teres 1 Tingkat,Kuala Langat,Selangor,42600,1164,276500,2026-08-22,B2
TX-2026-08-00681,Pangsapuri Bukit Harmoni Sabak,G-22-21,Berkembar 2 Tingkat,Sabak Bernam,Selangor,45280,2387,630500,2026-08-06,B4
TX-2026-08-02221,Kondominium Mutiara Sentosa Hulu,F-06-01,Berkembar 2 Tingkat,Hulu Langat,Selangor,43265,2810,1206000,2026-08-12,B4
TX-2026-08-02618,Kondominium Mutiara Sentosa Hulu,B-12-22,Berkembar 2 Tingkat,Hulu Langat,Selangor,43377,2682,1057500,2026-08-12,B1
TX-2026-08-01435,Bandar Kenanga Sari Kuala,C-10-06,Teres 2 Tingkat,Kuala Lumpur,W.P. Kuala Lumpur,57048,1550,901500,2026-08-12,B2
TX-2026-08-00779,Pangsapuri Cempaka Wangi Klang,G-37-01,Teres 1 Tingkat,Klang,Selangor,41735,955,351500,2026-08-11,B6
TX-2026-08-00623,Taman Kenanga Sari Klang,A-01-11,Kondominium,DAERAH KLANG,Selangor,41519,908,279500,2026-08-17,B1
TX-2026-08-01803,Bandar Suria Bayu Kuala,G-07-19,Berkembar 2 Tingkat,Kuala Langat,Selangor,42760,3131,548500,04/08/2026,B1
TX-2026-08-00417,Pangsapuri Suria Bayu Kuala,E-26-05,Kondominium,Kuala Lumpur,W.P. Kuala Lumpur,57001,1143,547000,2026-08-16,B3
TX-2026-08-00093,Kondominium Putra Perdana Petaling,F-03-03,Pangsapuri,Petaling,Selangor,47638,585,304000,2026-08-24,B5
TX-2026-08-00405,Taman Kenanga Sari Klang,G-14-09,Teres 2 Tingkat,Klang,Selangor,42144,2036,922000,2026-08-12,B6
TX-2026-08-01730,Desa Warisan Murni Petaling,F-31-19,Teres 1 Tingkat,DAERAH PETALING,Selangor,46804,902,379000,2026-08-22,B4
TX-2026-08-01101,Desa Warisan Murni Petaling,B-29-03,Kondominium,Petaling,Selangor,46737,1197,725500,2026-08-23,B3
TX-2026-08-02356,Desa Putra Perdana Klang,B-09-23,Pangsapuri,Klang,Selangor,41416,821,267000,2026-08-28,B4
TX-2026-08-01046,Desa Warisan Murni Petaling,D-26-21,Teres 2 Tingkat,Petaling,Selangor,46951,2330,1241000,2026-08-26,B4
TX-2026-08-01202,Residensi Mutiara Sentosa Kuala,E-07-01,Teres 1 Tingkat,DAERAH KUALA LANGAT,Selangor,42511,1126,310000,2026-08-12,B1
TX-2026-08-02991,Pangsapuri Tasik Permai Gombak,A-08-05,Kondominium,Gombak,Selangor,68003,1106,513000,2026-08-17,B3
TX-2026-08-01079,Desa Impian Setia Klang,F-32-18,Teres 2 Tingkat,Klang,Selangor,41233,1680,838000,2026-08-29,B6
TX-2026-08-00440,Desa Bukit Harmoni Petaling,A-06-11,Pangsapuri,Petaling,Selangor,47600,585,345500,2026-08-10,B1
TX-2026-08-00238,Pangsapuri Suria Bayu Sepang,B-18-23,Teres 2 Tingkat,Sepang,Selangor,63139,1844,809500,2026-08-16,B6
TX-2026-08-02943,Taman Seri Melati Hulu,A-37-15,Banglo,Hulu Langat,Selangor,43027,4397,1666500,2026-08-21,B6
TX-2026-08-02751,Taman Kenanga Sari Gombak,A-22-14,Teres 2 Tingkat,Gombak,Selangor,68026,2397,1261500,2026-08-01,B6
TX-2026-08-02779,Bandar Anggerik Jaya Petaling,E-16-08,Pangsapuri,DAERAH PETALING,Selangor,46426,735,345500,2026-08-13,B4
TX-2026-08-02397,Desa Anggerik Jaya Sepang,G-36-16,Berkembar 2 Tingkat,Sepang,Selangor,63129,2755,648500,2026-08-16,B4
TX-2026-08-00821,Kondominium Impian Setia Petaling,B-03-03,Berkembar 2 Tingkat,Petaling,Selangor,46135,3246,1503500,2026-08-24,B5
TX-2026-08-01734,Kondominium Impian Setia Gombak,G-09-03,Kondominium,Gombak,Selangor,68075,1076,453500,2026-08-16,B3
TX-2026-08-01575,Taman Kenanga Sari Klang,D-22-08,Berkembar 2 Tingkat,Klang,Selangor,42160,3165,901500,2026-08-10,B2
TX-2026-08-00542,Desa Bukit Harmoni Petaling,E-10-14,Kondominium,DAERAH PETALING,Selangor,46998,1410,704500,2026-08-25,B6
TX-2026-08-01668,Desa Bukit Harmoni Petaling,E-08-06,Teres 2 Tingkat,Petaling,Selangor,46131,1699,917500,2026-08-18,B4
TX-2026-08-02745,Residensi Mutiara Sentosa Kuala,C-27-17,Pangsapuri,Kuala Langat,Selangor,42531,694,132500,2026-08-31,B6
TX-2026-08-00215,Kondominium Mutiara Sentosa Hulu,E-27-11,Banglo,DAERAH HULU LANGAT,Selangor,43334,4818,1286500,2026-08-26,B6
TX-2026-08-00311,Kondominium Mutiara Sentosa Gombak,B-22-18,Teres 2 Tingkat,Gombak,Selangor,68088,1462,771500,2026-08-29,B3
TX-2026-08-02363,Residensi Seri Melati Kuala,A-01-11,Berkembar 2 Tingkat,Kuala Lumpur,W.P. Kuala Lumpur,52473,2477,1506500,2026-08-29,B6
TX-2026-08-02477,Residensi Seri Melati Kuala,A-09-04,Teres 1 Tingkat,Kuala Lumpur,W.P. Kuala Lumpur,51355,1069,632500,2026-08-27,B6
TX-2026-08-01980,Pangsapuri Cempaka Wangi Klang,D-38-14,Banglo,Klang,Selangor,41408,3376,1109500,2026-08-07,B4
TX-2026-08-01887,Desa Putra Perdana Klang,G-12-14,Berkembar 2 Tingkat,Klang,Selangor,41370,2967,1331000,2026-08-30,B6
TX-2026-08-02902,Kondominium Mutiara Sentosa Gombak,F-13-03,Teres 1 Tingkat,Gombak,Selangor,68005,1377,466000,2026-08-06,B6
TX-2026-08-02383,Residensi Putra Perdana Hulu,E-29-12,Teres 1 Tingkat,Hulu Selangor,Selangor,35909,1217,325500,2026-08-19,B4
TX-2026-08-00551,Taman Kenanga Sari Gombak,B-27-14,Berkembar 2 Tingkat,Gombak,Selangor,68008,2721,1035000,2026-08-04,B1
TX-2026-08-00895,Desa Mutiara Sentosa Klang,C-13-22,Berkembar 2 Tingkat,Klang,Selangor,42083,2998,1139500,2026-08-07,B2
TX-2026-08-01809,Bandar Anggerik Jaya Petaling,A-12-16,Kondominium,Petaling,Selangor,47155,1304,551000,2026-08-08,B2
TX-2026-08-00220,Pangsapuri Tasik Permai Gombak,A-31-24,Pangsapuri,Gombak,Selangor,68010,590,225000,2026-08-12,B4
TX-2026-08-02219,Residensi Seri Melati Kuala,C-24-14,Kondominium,Kuala Lumpur,W.P. Kuala Lumpur,52866,1532,1582500,2026-08-11,B5
TX-2026-08-01401,Desa Putra Perdana Klang,C-25-01,Teres 2 Tingkat,Klang,Selangor,41781,2400,911500,2026-08-25,B5
TX-2026-08-01302,Kondominium Cempaka Wangi Sepang,A-08-17,Berkembar 2 Tingkat,Sepang,Selangor,63141,3215,1256000,2026-08-10,B6
TX-2026-08-02348,Taman Kenanga Sari Klang,B-36-03,Kondominium,Klang,Selangor,42105,1059,478500,2026-08-07,B5
TX-2026-08-00802,Pangsapuri Suria Bayu Kuala,D-20-15,Teres 1 Tingkat,Kuala Lumpur,W.P. Kuala Lumpur,52964,1383,728000,2026-08-15,B1
TX-2026-08-00833,Desa Mutiara Sentosa Sabak,E-23-01,Pangsapuri,Sabak Bernam,Selangor,45305,587,94,2026-08-10,B2
TX-2026-08-02353,Kondominium Damai Indah Petaling,G-21-13,Kondominium,DAERAH PETALING,Selangor,46810,852,501500,2026-08-19,B1
TX-2026-08-01760,Taman Kenanga Sari Kuala,D-15-05,Kondominium,Kuala Langat,Selangor,42709,922,191500,2026-08-29,B2
TX-2026-08-00753,Bandar Mutiara Sentosa Kuala,A-24-13,Kondominium,Kuala Lumpur,W.P. Kuala Lumpur,54016,927,620000,2026-08-31,B4
TX-2026-08-00532,Pangsapuri Kenanga Sari Petaling,E-37-08,Teres 2 Tingkat,Petaling,Selangor,47366,1653,697000,2026-08-13,B4
TX-2026-08-01123,Bandar Putra Perdana Hulu,E-33-13,Berkembar 2 Tingkat,Hulu Selangor,Selangor,35904,2555,442500,2026-08-18,B5
TX-2026-08-02420,Kondominium Mutiara Sentosa Gombak,D-11-12,Pangsapuri,Gombak,Selangor,68033,614,356500,2026-08-31,B2
TX-2026-08-00561,Bandar Damai Indah Hulu,B-04-14,Berkembar 2 Tingkat,Hulu Langat,Selangor,43149,2442,860500,2026-08-16,B3
TX-2026-08-01955,Bandar Anggerik Jaya Hulu,F-21-21,Teres 2 Tingkat,Hulu Langat,Selangor,43140,1482,526000,2026-08-06,B5
TX-2026-08-02604,Taman Kenanga Sari Kuala,B-12-14,Teres 1 Tingkat,Kuala Langat,Selangor,42503,1033,302500,2026-08-04,B6
TX-2026-08-01093,Residensi Seri Melati Kuala,C-31-10,Berkembar 2 Tingkat,Kuala Lumpur,W.P. Kuala Lumpur,59350,3281,2083000,2026-08-19,B3
TX-2026-08-00659,Residensi Seri Melati Kuala,A-03-12,Teres 2 Tingkat,Kuala Lumpur,W.P. Kuala Lumpur,56898,2235,2183000,2026-08-27,B2
TX-2026-08-02938,Pangsapuri Warisan Murni Kuala,A-32-22,Pangsapuri,Kuala Langat,Selangor,42537,738,287500,2026-08-09,B4
TX-2026-08-00304,Kondominium Kenanga Sari Sepang,D-10-06,Teres 2 Tingkat,Sepang,Selangor,63164,1971,845500,2026-08-01,B5
TX-2026-08-00535,Taman Kenanga Sari Klang,D-05-09,Kondominium,Klang,Selangor,41320,828,248000,2026-08-14,B1
TX-2026-08-02981,Kondominium Impian Setia Petaling,C-36-21,Banglo,Petaling,Selangor,47187,3956,1954500,2026-08-08,B6
TX-2026-08-00177,Pangsapuri Suria Bayu Kuala,B-34-21,Pangsapuri,Kuala Lumpur,W.P. Kuala Lumpur,50403,826,783000,2026-08-24,B1
TX-2026-08-01062,Desa Mutiara Sentosa Klang,E-08-19,Kondominium,Klang,Selangor,41662,1276,333000,2026-08-17,B4
TX-2026-08-02579,Bandar Anggerik Jaya Petaling,F-34-02,Berkembar 2 Tingkat,Petaling,Selangor,47633,2303,1135000,2026-08-19,B2
TX-2026-08-00378,Taman Anggerik Jaya Kuala,D-08-16,Teres 1 Tingkat,Kuala Lumpur,W.P. Kuala Lumpur,56968,1072,862000,2026-08-26,B6
TX-2026-08-00487,Kondominium Putra Perdana Petaling,A-35-06,Banglo,Petaling,Selangor,46342,3944,3351000,2026-08-26,B1
TX-2026-08-02785,Kondominium Mutiara Sentosa Hulu,D-38-15,Banglo,Hulu Langat,Selangor,43363,3641,1358000,2026-08-03,B2
TX-2026-08-01633,Desa Kenanga Sari Hulu,G-28-06,Teres 2 Tingkat,Hulu Langat,Selangor,43212,1829,1043500,2026-08-21,B6
TX-2026-08-01406,Taman Warisan Murni Gombak,B-15-13,Teres 1 Tingkat,Gombak,Selangor,68031,1096,437000,2026-08-26,B6
TX-2026-08-00430,Taman Warisan Murni Gombak,D-23-12,Pangsapuri,Gombak,Selangor,68021,597,300500,2026-08-06,B2
TX-2026-08-01230,Kondominium Putra Perdana Petaling,A-16-24,Berkembar 2 Tingkat,Petaling,Selangor,46395,2579,1121500,2026-08-12,B3
TX-2026-08-01961,Bandar Anggerik Jaya Hulu,E-03-22,Teres 2 Tingkat,Hulu Langat,Selangor,43461,2007,660000,2026-08-27,B5
TX-2026-08-02729,Kondominium Impian Setia Gombak,E-19-05,Teres 1 Tingkat,Gombak,Selangor,68067,1010,356500,2026-08-08,B3
TX-2026-08-00271,Kondominium Damai Indah Petaling,D-31-14,Pangsapuri,Petaling,Selangor,46150,745,439500,2026-08-14,B6
TX-2026-08-01117,Residensi Kenanga Sari Sepang,D-03-07,Teres 2 Tingkat,Sepang,Selangor,63164,2018,738000,2026-08-31,B1
TX-2026-08-00970,Bandar Mutiara Sentosa Kuala,A-19-21,Teres 1 Tingkat,Kuala Lumpur,W.P. Kuala Lumpur,52465,944,615000,2026-08-14,B1
TX-2026-08-02771,Taman Suria Bayu Kuala,A-18-17,Banglo,Kuala Selangor,Selangor,45776,4061,1691500,07/08/2026,B6
TX-2026-08-02317,Taman Tasik Permai Klang,F-08-21,Banglo,Klang,Selangor,41564,4303,1170500,2026-08-08,B4
TX-2026-08-00864,Desa Kenanga Sari Hulu,B-12-03,Teres 1 Tingkat,DAERAH HULU LANGAT,Selangor,43279,1240,403500,2026-08-27,B1
TX-2026-08-02210,Kondominium Damai Indah Petaling,D-02-11,Teres 2 Tingkat,Petaling,Selangor,46052,2300,1257000,2026-08-16,B3
TX-2026-08-02861,Bandar Anggerik Jaya Petaling,F-36-11,Pangsapuri,Petaling,Selangor,46226,877,567000,2026-08-22,B1
TX-2026-08-01675,Residensi Seri Melati Kuala,G-26-14,Pangsapuri,DAERAH KUALA LUMPUR,W.P. Kuala Lumpur,51025,668,640500,2026-08-04,B3
TX-2026-08-02186,Desa Warisan Murni Petaling,D-27-14,Teres 2 Tingkat,Petaling,Selangor,46130,2320,950000,2026-08-31,B1
TX-2026-08-00064,Pangsapuri Suria Bayu Kuala,C-34-19,Pangsapuri,Kuala Lumpur,W.P. Kuala Lumpur,59256,631,410000,2026-08-25,B2
TX-2026-08-02113,Kondominium Mutiara Sentosa Gombak,D-21-15,Teres 2 Tingkat,DAERAH GOMBAK,Selangor,68099,1444,484000,2026-08-11,B3
TX-2026-08-02191,Residensi Damai Indah Sepang,F-25-17,Teres 1 Tingkat,Sepang,Selangor,63233,1006,267000,2026-08-24,B4
TX-2026-08-00211,Pangsapuri Suria Bayu Sepang,C-16-13,Teres 1 Tingkat,Sepang,Selangor,71800,1349,541000,2026-08-12,B6
TX-2026-08-01534,Bandar Bukit Harmoni Hulu,G-21-24,Kondominium,Hulu Selangor,Selangor,44229,1497,744500,2026-08-16,B6
TX-2026-08-01692,Desa Seri Melati Kuala,D-31-07,Pangsapuri,Kuala Lumpur,W.P. Kuala Lumpur,50465,553,405000,2026-08-20,B6
TX-2026-08-01086,Pangsapuri Suria Bayu Sepang,F-11-06,Banglo,DAERAH SEPANG,Selangor,63256,3730,1672000,2026-08-28,B4
TX-2026-08-01326,Pangsapuri Suria Bayu Sepang,C-18-21,Teres 2 Tingkat,Sepang,Selangor,63240,1886,1026000,2026-08-30,B2
TX-2026-08-01541,Bandar Anggerik Jaya Petaling,F-21-02,Teres 2 Tingkat,DAERAH PETALING,Selangor,47349,1459,958000,2026-08-21,B4
TX-2026-08-00021,Kondominium Mutiara Sentosa Hulu,C-03-12,Pangsapuri,Hulu Langat,Selangor,43031,701,280500,2026-08-31,B1
TX-2026-08-02900,Residensi Damai Indah Sepang,D-28-14,Pangsapuri,DAERAH SEPANG,Selangor,63116,746,289000,2026-08-14,B1
TX-2026-08-01935,Desa Bukit Harmoni Petaling,G-18-15,Berkembar 2 Tingkat,Petaling,Selangor,46951,2212,1590500,2026-08-22,B1
TX-2026-08-02586,Desa Warisan Murni Petaling,B-31-20,Berkembar 2 Tingkat,Petaling,Selangor,46496,2806,1595500,2026-08-19,B1
TX-2026-08-01872,Desa Bukit Harmoni Petaling,F-09-18,Banglo,Petaling,Selangor,46038,5095,3255000,2026-08-04,B2
TX-2026-08-00318,Taman Tasik Permai Klang,C-17-24,Teres 1 Tingkat,Klang,Selangor,41744,1049,539000,2026-08-02,B4
TX-2026-08-01771,Desa Cempaka Wangi Gombak,F-09-22,Pangsapuri,Gombak,Selangor,68031,617,281000,2026-08-23,B4
TX-2026-08-02173,Pangsapuri Warisan Murni Kuala,C-21-21,Teres 2 Tingkat,Kuala Langat,Selangor,42513,2398,655000,2026-08-01,B1
TX-2026-08-01920,Desa Warisan Murni Petaling,G-36-21,Banglo,Petaling,Selangor,47218,4433,2266500,27/08/2026,B6
TX-2026-08-01565,Desa Kenanga Sari Hulu,A-38-20,Teres 1 Tingkat,Hulu Langat,Selangor,43227,1222,399000,2026-08-17,B4
TX-2026-08-01397,Kondominium Damai Indah Petaling,A-32-14,Banglo,DAERAH PETALING,Selangor,46845,2901,1889000,2026-08-10,B4
TX-2026-08-00992,Residensi Warisan Murni Kuala,E-20-15,Teres 1 Tingkat,Kuala Langat,Selangor,42600,1251,416000,2026-08-01,B5
TX-2026-08-02288,Bandar Mutiara Sentosa Kuala,F-25-06,Teres 2 Tingkat,Kuala Lumpur,W.P. Kuala Lumpur,57256,1530,647000,2026-08-22,B1
TX-2026-08-01185,Desa Seri Melati Kuala,B-11-21,Pangsapuri,Kuala Lumpur,W.P. Kuala Lumpur,59560,676,424500,2026-08-24,B2
TX-2026-08-00922,Pangsapuri Bukit Harmoni Sabak,D-05-02,Kondominium,Sabak Bernam,Selangor,45285,1543,292500,2026-08-11,B5
TX-2026-08-00964,Pangsapuri Seri Melati Kuala,A-33-07,Kondominium,Kuala Selangor,Selangor,45758,1200,267000,2026-08-03,B2
TX-2026-08-01396,Kondominium Mutiara Sentosa Hulu,C-10-02,Teres 2 Tingkat,Hulu Langat,Selangor,43064,2389,600500,2026-08-19,B2
TX-2026-08-01848,Desa Bukit Harmoni Petaling,D-38-20,Berkembar 2 Tingkat,Petaling,Selangor,46911,3184,2257000,2026-08-27,B1
TX-2026-08-02272,Pangsapuri Suria Bayu Kuala,F-09-02,Banglo,Kuala Lumpur,W.P. Kuala Lumpur,59555,4391,2073500,2026-08-06,B4
TX-2026-08-01125,Pangsapuri Kenanga Sari Kuala,D-37-20,Pangsapuri,Kuala Selangor,Selangor,45768,701,228500,2026-08-12,B3
TX-2026-08-01717,Taman Putra Perdana Hulu,E-20-13,Teres 1 Tingkat,Hulu Selangor,Selangor,44248,1099,375500,2026-08-07,B1
TX-2026-08-02205,Bandar Anggerik Jaya Hulu,C-22-04,Berkembar 2 Tingkat,Hulu Langat,Selangor,43196,2291,1024500,2026-08-18,B1
TX-2026-08-00293,Taman Anggerik Jaya Kuala,C-25-05,Berkembar 2 Tingkat,Kuala Lumpur,W.P. Kuala Lumpur,59070,2533,1379500,2026-08-27,B3
TX-2026-08-00575,Desa Seri Melati Kuala,E-33-07,Banglo,DAERAH KUALA LUMPUR,W.P. Kuala Lumpur,54148,3370,2870500,2026-08-29,B2
TX-2026-08-02948,Bandar Kenanga Sari Kuala,C-12-22,Teres 1 Tingkat,DAERAH KUALA LUMPUR,W.P. Kuala Lumpur,52250,1375,1123500,2026-08-29,B4
TX-2026-08-02775,Kondominium Mutiara Sentosa Hulu,F-03-11,Teres 1 Tingkat,DAERAH HULU LANGAT,Selangor,43458,1302,531000,2026-08-27,B4
TX-2026-08-00934,Bandar Anggerik Jaya Petaling,B-07-11,Kondominium,Petaling,Selangor,46746,896,347000,2026-08-26,B1
TX-2026-08-01556,Pangsapuri Cempaka Wangi Klang,G-38-11,Pangsapuri,Klang,Selangor,41579,845,453500,2026-08-31,B3
TX-2026-08-01019,Desa Cempaka Wangi Gombak,G-17-20,Kondominium,Gombak,Selangor,68041,1103,545000,2026-08-24,B5
TX-2026-08-02033,Kondominium Kenanga Sari Sepang,F-35-24,Berkembar 2 Tingkat,Sepang,Selangor,63137,2899,1073500,2026-08-10,B6
TX-2026-08-00006,Residensi Kenanga Sari Sepang,E-02-12,Kondominium,Sepang,Selangor,63144,1108,432000,2026-08-25,B5
TX-2026-08-00403,Pangsapuri Seri Melati Hulu,B-19-12,Teres 2 Tingkat,DAERAH HULU LANGAT,Selangor,43106,1411,545000,2026-08-19,B6
TX-2026-08-00731,Pangsapuri Putra Perdana Kuala,F-08-11,Kondominium,Kuala Selangor,Selangor,45788,1347,407000,2026-08-08,B3
TX-2026-08-00395,Kondominium Kenanga Sari Hulu,F-07-03,Teres 2 Tingkat,Hulu Langat,Selangor,43357,2242,1201000,2026-08-17,B5
TX-2026-08-02027,Bandar Anggerik Jaya Petaling,C-29-11,Kondominium,Petaling,Selangor,46087,1596,523500,2026-08-29,B1
TX-2026-08-02999,Residensi Mutiara Sentosa Kuala,F-26-18,Pangsapuri,Kuala Langat,Selangor,42670,878,322000,2026-08-22,B4
TX-2026-08-02502,Bandar Kenanga Sari Kuala,G-35-06,Teres 2 Tingkat,DAERAH KUALA LUMPUR,W.P. Kuala Lumpur,59376,2259,1130000,2026-08-27,B2
TX-2026-08-00475,Residensi Putra Perdana Hulu,D-26-18,Teres 2 Tingkat,Hulu Selangor,Selangor,44131,1803,765500,2026-08-20,B3
TX-2026-08-00733,Kondominium Damai Indah Petaling,B-14-23,Banglo,Petaling,Selangor,47492,4828,1972500,2026-08-19,B4
TX-2026-08-01233,Desa Seri Melati Kuala,C-08-18,Kondominium,DAERAH KUALA LUMPUR,W.P. Kuala Lumpur,52387,1478,781000,2026-08-24,B6
TX-2026-08-02428,Residensi Mutiara Sentosa Kuala,A-04-08,Kondominium,Kuala Langat,Selangor,42622,1233,362000,2026-08-04,B4
TX-2026-08-01788,Desa Seri Melati Kuala,D-07-19,Teres 2 Tingkat,Kuala Lumpur,W.P. Kuala Lumpur,52170,1991,1090000,2026-08-27,B5
TX-2026-08-00083,Taman Kenanga Sari Kuala,G-06-19,Kondominium,Kuala Lumpur,W.P. Kuala Lumpur,57682,1199,779500,2026-08-05,B2
TX-2026-08-01320,Taman Seri Melati Hulu,B-19-11,Teres 1 Tingkat,Hulu Langat,Selangor,43143,1131,471500,2026-08-03,B6
TX-2026-08-01526,Bandar Anggerik Jaya Hulu,D-29-16,Banglo,Hulu Langat,Selangor,43483,3117,762000,2026-08-24,B6
TX-2026-08-00619,Kondominium Impian Setia Petaling,D-23-23,Teres 1 Tingkat,Petaling,Selangor,47240,1151,612000,2026-08-02,B3
TX-2026-08-00279,Taman Bukit Harmoni Klang,C-05-21,Teres 2 Tingkat,DAERAH KLANG,Selangor,41618,1649,551000,2026-08-23,B6
TX-2026-08-02061,Bandar Damai Indah Hulu,G-11-22,Kondominium,Hulu Langat,Selangor,43135,879,268000,2026-08-13,B4
TX-2026-08-00543,Desa Tasik Permai Sepang,A-06-09,Banglo,Sepang,Selangor,63146,5058,1849500,2026-08-17,B5
TX-2026-08-00904,Taman Tasik Permai Klang,B-10-10,Teres 2 Tingkat,Klang,Selangor,41640,1937,601500,2026-08-13,B6
TX-2026-08-01890,Pangsapuri Tasik Permai Gombak,D-02-11,Pangsapuri,Gombak,Selangor,68046,871,305500,2026-08-17,B1
TX-2026-08-01667,Kondominium Damai Indah Petaling,A-18-24,Pangsapuri,Petaling,Selangor,46651,949,454000,2026-08-01,B5
TX-2026-08-01628,Kondominium Mutiara Sentosa Gombak,F-19-01,Berkembar 2 Tingkat,Gombak,Selangor,68036,2434,1598500,2026-08-30,B4
TX-2026-08-02228,Taman Warisan Murni Gombak,D-05-08,Kondominium,Gombak,Selangor,68046,1331,616000,2026-08-23,B6
TX-2026-08-02218,Pangsapuri Tasik Permai Gombak,F-34-10,Teres 2 Tingkat,Gombak,Selangor,68083,1654,756500,2026-08-08,B1
TX-2026-08-01128,Desa Tasik Permai Sepang,E-33-20,Teres 1 Tingkat,Sepang,Selangor,63162,1371,728000,2026-08-29,B6
TX-2026-08-01530,Pangsapuri Suria Bayu Kuala,G-13-16,Banglo,Kuala Lumpur,W.P. Kuala Lumpur,59798,3795,2861500,2026-08-16,B2
TX-2026-08-00355,Kondominium Mutiara Sentosa Hulu,E-17-02,Teres 1 Tingkat,DAERAH HULU LANGAT,Selangor,43366,983,454500,2026-08-21,B1
TX-2026-08-00419,Pangsapuri Warisan Murni Kuala,D-12-07,Kondominium,Kuala Langat,Selangor,42627,922,295500,2026-08-21,B3
TX-2026-08-02665,Kondominium Kenanga Sari Sepang,F-33-02,Teres 2 Tingkat,Sepang,Selangor,63292,1696,717000,2026-08-15,B4
TX-2026-08-00722,Kondominium Putra Perdana Petaling,D-10-12,Teres 2 Tingkat,Petaling,Selangor,46418,1501,549500,2026-08-01,B4
TX-2026-08-00292,Taman Warisan Murni Hulu,F-09-11,Banglo,Hulu Selangor,Selangor,44108,4812,1049000,2026-08-10,B6
TX-2026-08-01942,Desa Impian Setia Klang,A-30-15,Kondominium,Klang,Selangor,41262,1592,533000,2026-08-26,B2
TX-2026-08-01948,Desa Mutiara Sentosa Klang,D-04-16,Kondominium,Klang,Selangor,41887,1098,295500,2026-08-20,B4
TX-2026-08-01135,Taman Anggerik Jaya Kuala,E-35-13,Teres 1 Tingkat,Kuala Lumpur,W.P. Kuala Lumpur,58887,978,661500,2026-08-18,B6
TX-2026-08-02136,Pangsapuri Kenanga Sari Kuala,G-30-17,Banglo,Kuala Selangor,Selangor,45744,4929,1803500,2026-08-01,B1
TX-2026-08-00300,Residensi Seri Melati Kuala,D-23-21,Pangsapuri,Kuala Lumpur,W.P. Kuala Lumpur,58726,850,603500,2026-08-13,B4
TX-2026-08-01937,Taman Kenanga Sari Klang,B-20-19,Teres 2 Tingkat,Klang,Selangor,41100,1798,788000,2026-08-26,B1
TX-2026-08-01246,Residensi Putra Perdana Hulu,G-28-21,Berkembar 2 Tingkat,Hulu Selangor,Selangor,44150,3213,732000,2026-08-09,B6
TX-2026-08-01215,Pangsapuri Cempaka Wangi Klang,A-01-21,Banglo,Klang,Selangor,41556,3324,1689000,2026-08-27,B2
TX-2026-08-00685,Desa Impian Setia Kuala,C-11-17,Kondominium,Kuala Selangor,Selangor,45779,1061,250000,13/08/2026,B1
TX-2026-08-01094,Pangsapuri Seri Melati Hulu,D-37-21,Teres 1 Tingkat,Hulu Langat,Selangor,43275,1300,805000,2026-08-15,B4
TX-2026-08-00796,Kondominium Damai Indah Petaling,G-09-12,Pangsapuri,Petaling,Selangor,47693,584,438000,2026-08-25,B4
TX-2026-08-00654,Bandar Mutiara Sentosa Kuala,A-18-10,Teres 1 Tingkat,Kuala Lumpur,W.P. Kuala Lumpur,56666,1181,813000,2026-08-29,B5
TX-2026-08-00234,Pangsapuri Kenanga Sari Kuala,A-08-17,Teres 2 Tingkat,DAERAH KUALA SELANGOR,Selangor,45795,2310,643500,2026-08-11,B6
TX-2026-08-01057,Bandar Suria Bayu Kuala,C-37-24,Pangsapuri,DAERAH KUALA LANGAT,Selangor,42579,604,149500,2026-08-13,B6
TX-2026-08-02925,Pangsapuri Cempaka Wangi Klang,A-35-11,Teres 1 Tingkat,Klang,Selangor,42245,1304,598500,2026-08-27,B2
TX-2026-08-02880,Bandar Mutiara Sentosa Kuala,G-08-03,Teres 1 Tingkat,Kuala Lumpur,W.P. Kuala Lumpur,59258,1173,718000,2026-08-25,B2
TX-2026-08-00194,Pangsapuri Putra Perdana Kuala,D-21-18,Teres 2 Tingkat,Kuala Selangor,Selangor,45613,2346,651500,2026-08-08,B4
TX-2026-08-00422,Pangsapuri Tasik Permai Gombak,E-38-18,Berkembar 2 Tingkat,Gombak,Selangor,68028,3336,1463000,2026-08-12,B2
TX-2026-08-02258,Bandar Anggerik Jaya Petaling,D-05-04,Banglo,Petaling,Selangor,47669,2833,1003500,2026-08-28,B2
TX-2026-08-01316,Kondominium Mutiara Sentosa Hulu,B-26-24,Teres 2 Tingkat,Hulu Langat,Selangor,43298,2382,1189500,2026-08-18,B3
TX-2026-08-01035,Bandar Anggerik Jaya Petaling,D-04-06,Berkembar 2 Tingkat,Petaling,Selangor,46282,2276,1133000,2026-08-12,B2
TX-2026-08-01880,Desa Putra Perdana Klang,C-26-18,Berkembar 2 Tingkat,DAERAH KLANG,Selangor,42102,2262,783000,2026-08-12,B3
TX-2026-08-02263,Taman Bukit Harmoni Klang,G-38-16,Berkembar 2 Tingkat,Klang,Selangor,41597,3001,928000,2026-08-07,B6
TX-2026-08-00669,Taman Seri Melati Hulu,F-03-11,Teres 1 Tingkat,Hulu Langat,Selangor,43089,1254,445000,2026-08-22,B5
TX-2026-08-01217,Desa Seri Melati Kuala,G-34-14,Berkembar 2 Tingkat,Kuala Lumpur,W.P. Kuala Lumpur,57266,2831,2277000,2026-08-04,B3
TX-2026-08-01615,Kondominium Damai Indah Petaling,G-23-15,Banglo,Petaling,Selangor,47354,3056,1810500,2026-08-28,B6
TX-2026-08-02942,Taman Bukit Harmoni Klang,C-31-19,Banglo,Klang,Selangor,41598,3702,1509500,2026-08-07,B4
TX-2026-08-00346,Taman Seri Melati Hulu,D-25-19,Berkembar 2 Tingkat,Hulu Langat,Selangor,43091,2222,1078000,2026-08-30,B1
TX-2026-08-02644,Desa Bukit Harmoni Petaling,F-35-09,Teres 1 Tingkat,Petaling,Selangor,46830,1009,289000,2026-08-04,B2
TX-2026-08-01068,Kondominium Kenanga Sari Hulu,B-17-01,Pangsapuri,Hulu Langat,Selangor,43410,849,466500,2026-08-11,B5
TX-2026-08-01654,Kondominium Kenanga Sari Hulu,G-30-14,Berkembar 2 Tingkat,Hulu Langat,Selangor,43302,2418,824000,2026-08-28,B3
TX-2026-08-01895,Pangsapuri Kenanga Sari Petaling,G-20-21,Teres 1 Tingkat,Petaling,Selangor,47622,920,722000,2026-08-21,B1
TX-2026-08-02611,Pangsapuri Tasik Permai Gombak,G-26-06,Berkembar 2 Tingkat,Gombak,Selangor,68052,2987,1463000,2026-08-31,B4
TX-2026-08-00519,Kondominium Damai Indah Petaling,E-31-24,Pangsapuri,DAERAH PETALING,Selangor,47574,585,243500,2026-08-02,B3
TX-2026-08-01040,Taman Warisan Murni Gombak,A-19-21,Pangsapuri,Gombak,Selangor,68029,755,501000,2026-08-02,B6
TX-2026-08-02926,Desa Bukit Harmoni Petaling,E-28-04,Teres 1 Tingkat,Petaling,Selangor,46261,1329,923000,2026-08-09,B3
TX-2026-08-02807,Residensi Seri Melati Kuala,E-26-16,Teres 1 Tingkat,Kuala Lumpur,W.P. Kuala Lumpur,59535,1168,718500,2026-08-05,B1
TX-2026-08-02057,Kondominium Impian Setia Petaling,F-15-10,Banglo,DAERAH PETALING,Selangor,46409,4578,1756000,2026-08-22,B6
TX-2026-08-02175,Kondominium Putra Perdana Petaling,D-29-23,Kondominium,Petaling,Selangor,47392,1030,344000,2026-08-08,B6
TX-2026-08-02533,Desa Kenanga Sari Hulu,D-19-19,Pangsapuri,Hulu Langat,Selangor,43030,775,308000,2026-08-21,B6
TX-2026-08-01211,Taman Anggerik Jaya Kuala,C-34-07,Pangsapuri,Kuala Lumpur,W.P. Kuala Lumpur,59996,571,300000,2026-08-18,B3
TX-2026-08-00074,Taman Anggerik Jaya Kuala,F-07-01,Kondominium,Kuala Lumpur,W.P. Kuala Lumpur,56943,1533,996500,2026-08-20,B2
TX-2026-08-00132,Bandar Anggerik Jaya Petaling,D-21-20,Kondominium,Petaling,Selangor,46418,1212,630000,2026-08-17,B2
TX-2026-08-00928,Desa Bukit Harmoni Petaling,D-11-07,Kondominium,DAERAH PETALING,Selangor,46035,1138,748000,2026-08-15,B1
TX-2026-08-01161,Taman Kenanga Sari Gombak,E-34-24,Banglo,Gombak,Selangor,68065,5036,3538500,2026-08-08,B3
TX-2026-08-00380,Residensi Seri Melati Kuala,E-06-24,Berkembar 2 Tingkat,Kuala Lumpur,W.P. Kuala Lumpur,56549,2265,2088000,2026-08-31,B2
TX-2026-08-00339,Residensi Warisan Murni Kuala,E-35-21,Teres 1 Tingkat,Kuala Langat,Selangor,42774,1309,345000,2026-08-02,B1
TX-2026-08-02010,Residensi Putra Perdana Hulu,B-07-15,Banglo,Hulu Selangor,Selangor,44215,4776,1536500,2026-08-19,B1
TX-2026-08-00297,Pangsapuri Seri Melati Hulu,C-09-10,Kondominium,Hulu Langat,Selangor,43004,1427,826500,2026-08-14,B4
TX-2026-08-01285,Bandar Tasik Permai Kuala,A-12-09,Teres 1 Tingkat,Kuala Selangor,Selangor,45730,1036,374000,11/08/2026,B3
TX-2026-08-01716,Residensi Damai Indah Sepang,C-19-21,Kondominium,Sepang,Selangor,63053,1376,506500,2026-08-17,B5
TX-2026-08-00110,Kondominium Impian Setia Petaling,F-28-16,Kondominium,Petaling,Selangor,46934,1432,744500,2026-08-22,B4
TX-2026-08-00715,Taman Bukit Harmoni Klang,G-30-23,Pangsapuri,Klang,Selangor,41127,769,421000,2026-08-20,B6
TX-2026-08-02672,Bandar Damai Indah Hulu,B-21-05,Berkembar 2 Tingkat,Hulu Langat,Selangor,43055,2291,948500,2026-08-10,B5
TX-2026-08-02253,Kondominium Mutiara Sentosa Hulu,A-24-15,Berkembar 2 Tingkat,DAERAH HULU LANGAT,Selangor,43153,3243,1008000,2026-08-07,B5
TX-2026-08-02955,Kondominium Kenanga Sari Hulu,G-08-03,Berkembar 2 Tingkat,Hulu Langat,Selangor,43042,2792,1631000,2026-08-07,B1
TX-2026-08-00984,Bandar Anggerik Jaya Hulu,B-37-17,Teres 1 Tingkat,Hulu Langat,Selangor,43471,902,259000,2026-08-15,B4
TX-2026-08-02978,Desa Mutiara Sentosa Klang,C-28-02,Teres 1 Tingkat,Klang,Selangor,41858,1223,400000,2026-08-29,B1
TX-2026-08-02155,Bandar Anggerik Jaya Petaling,B-23-23,Kondominium,Petaling,Selangor,47251,1129,632000,2026-08-28,B2
TX-2026-08-00545,Desa Putra Perdana Klang,G-09-13,Banglo,Klang,Selangor,41525,3142,1273000,2026-08-22,B1
TX-2026-08-00714,Kondominium Impian Setia Gombak,C-07-11,Teres 2 Tingkat,DAERAH GOMBAK,Selangor,68039,2028,964500,2026-08-12,B1
TX-2026-08-02267,Kondominium Mutiara Sentosa Hulu,A-23-06,Berkembar 2 Tingkat,Hulu Langat,Selangor,43089,2350,1221500,2026-08-14,B5
TX-2026-08-00775,Pangsapuri Kenanga Sari Hulu,D-09-16,Pangsapuri,Hulu Selangor,Selangor,44227,693,185500,2026-08-17,B3
TX-2026-08-02997,Pangsapuri Cempaka Wangi Klang,A-08-23,Teres 1 Tingkat,Klang,Selangor,41936,1363,488000,2026-08-26,B3
TX-2026-08-00005,Residensi Kenanga Sari Sepang,F-10-14,Kondominium,Sepang,Selangor,63016,1108,432000,2026-08-25,B5
TX-2026-08-01862,Pangsapuri Kenanga Sari Petaling,D-01-08,Banglo,Petaling,Selangor,46445,4102,2337000,2026-08-21,B6
TX-2026-08-02079,Residensi Seri Melati Kuala,F-34-11,Teres 1 Tingkat,Kuala Lumpur,W.P. Kuala Lumpur,53692,914,298000,2026-08-29,B1
TX-2026-08-02459,Desa Impian Setia Klang,C-37-14,Berkembar 2 Tingkat,Klang,Selangor,41180,3236,1969000,2026-08-21,B5
TX-2026-08-02739,Pangsapuri Mutiara Sentosa Kuala,D-16-13,Pangsapuri,Kuala Selangor,Selangor,45673,923,246500,2026-08-16,B2
TX-2026-08-00210,Taman Kenanga Sari Kuala,F-10-01,Pangsapuri,Kuala Lumpur,W.P. Kuala Lumpur,55011,887,598500,2026-08-13,B2
TX-2026-08-02753,Taman Anggerik Jaya Kuala,A-32-23,Kondominium,DAERAH KUALA LUMPUR,W.P. Kuala Lumpur,52780,1487,1228500,2026-08-30,B3
TX-2026-08-03000,Taman Warisan Murni Gombak,G-24-06,Kondominium,DAERAH GOMBAK,Selangor,68098,1318,571500,2026-08-08,B3
TX-2026-08-00102,Kondominium Kenanga Sari Sepang,A-11-07,Pangsapuri,Sepang,Selangor,63000,874,341000,2026-08-22,B4
TX-2026-08-00168,Pangsapuri Putra Perdana Hulu,F-22-22,Pangsapuri,Hulu Selangor,Selangor,44106,594,112500,2026-08-06,B4
TX-2026-08-02148,Residensi Damai Indah Sepang,D-14-04,Berkembar 2 Tingkat,Sepang,Selangor,63026,2546,830000,2026-08-11,B2
TX-2026-08-01974,Bandar Kenanga Sari Kuala,F-38-09,Pangsapuri,Kuala Lumpur,W.P. Kuala Lumpur,51884,740,564000,2026-08-15,B6
TX-2026-08-02855,Taman Seri Melati Hulu,B-21-19,Pangsapuri,Hulu Langat,Selangor,43216,654,261500,2026-08-06,B2
TX-2026-08-02388,Kondominium Mutiara Sentosa Hulu,D-33-09,Pangsapuri,Hulu Langat,Selangor,43443,563,235000,2026-08-14,B5
TX-2026-08-00917,Bandar Anggerik Jaya Petaling,A-02-24,Berkembar 2 Tingkat,Petaling,Selangor,46864,2492,883500,2026-08-29,B4
TX-2026-08-02821,Bandar Mutiara Sentosa Kuala,A-06-18,Pangsapuri,Kuala Lumpur,W.P. Kuala Lumpur,50475,634,513000,09/08/2026,B1
TX-2026-08-00652,Desa Tasik Permai Sepang,D-01-18,Berkembar 2 Tingkat,DAERAH SEPANG,Selangor,63284,2734,1050500,2026-08-09,B1
TX-2026-08-01077,Desa Kenanga Sari Hulu,G-19-09,Berkembar 2 Tingkat,Hulu Langat,Selangor,43070,2230,717000,2026-08-27,B3
TX-2026-08-02940,Kondominium Impian Setia Petaling,G-04-14,Teres 2 Tingkat,Petaling,Selangor,46572,2383,1345000,2026-08-25,B2
TX-2026-08-02487,Desa Seri Melati Kuala,B-21-24,Teres 1 Tingkat,Kuala Lumpur,W.P. Kuala Lumpur,54767,908,467000,2026-08-22,B5
TX-2026-08-00208,Taman Bukit Harmoni Klang,F-36-10,Banglo,Klang,Selangor,41850,3019,1298500,2026-08-16,B3
TX-2026-08-02032,Desa Cempaka Wangi Gombak,B-27-12,Berkembar 2 Tingkat,Gombak,Selangor,68041,2471,736000,2026-08-18,B2
TX-2026-08-00109,Kondominium Impian Setia Petaling,A-19-07,Kondominium,Petaling,Selangor,46078,1432,744500,2026-08-22,B4
TX-2026-08-01498,Taman Bukit Harmoni Klang,G-29-07,Pangsapuri,Klang,Selangor,41520,623,255000,2026-08-14,B6
TX-2026-08-01546,Pangsapuri Warisan Murni Kuala,G-31-09,Berkembar 2 Tingkat,Kuala Langat,Selangor,42709,2467,837500,2026-08-03,B3
TX-2026-08-01151,Desa Anggerik Jaya Sepang,B-25-11,Teres 1 Tingkat,Sepang,Selangor,63242,1344,702500,2026-08-17,B2
TX-2026-08-00209,Pangsapuri Seri Melati Kuala,D-33-17,Berkembar 2 Tingkat,DAERAH KUALA SELANGOR,Selangor,45755,3052,1013500,2026-08-24,B2
TX-2026-08-01224,Kondominium Damai Indah Petaling,C-16-06,Kondominium,Petaling,Selangor,46121,1216,762500,2026-08-07,B4
TX-2026-08-01119,Residensi Seri Melati Kuala,G-24-05,Pangsapuri,Kuala Lumpur,W.P. Kuala Lumpur,59042,940,725000,2026-08-17,B5
TX-2026-08-02198,Kondominium Impian Setia Petaling,E-20-13,Berkembar 2 Tingkat,Petaling,Selangor,46593,3219,1794000,2026-08-27,B1
TX-2026-08-00139,Desa Warisan Murni Petaling,A-16-19,Pangsapuri,Petaling,Selangor,47365,563,293000,2026-08-07,B2
TX-2026-08-01405,Desa Seri Melati Kuala,D-36-05,Berkembar 2 Tingkat,DAERAH KUALA LUMPUR,W.P. Kuala Lumpur,53204,2668,1924000,2026-08-22,B4
TX-2026-08-01274,Kondominium Impian Setia Petaling,D-24-12,Banglo,Petaling,Selangor,47341,4795,2504000,2026-08-01,B6
TX-2026-08-02558,Desa Bukit Harmoni Petaling,B-32-19,Teres 1 Tingkat,Petaling,Selangor,47684,1023,629000,2026-08-21,B1
TX-2026-08-00166,Pangsapuri Seri Melati Kuala,A-32-21,Teres 1 Tingkat,Kuala Selangor,Selangor,45786,1090,254000,2026-08-01,B4
TX-2026-08-00609,Kondominium Mutiara Sentosa Gombak,F-31-13,Teres 1 Tingkat,DAERAH GOMBAK,Selangor,68045,1161,437000,2026-08-03,B6
TX-2026-08-02640,Desa Warisan Murni Petaling,F-18-09,Kondominium,Petaling,Selangor,46489,1066,413000,2026-08-25,B3
TX-2026-08-02542,Residensi Warisan Murni Kuala,A-07-17,Pangsapuri,DAERAH KUALA LANGAT,Selangor,42587,914,332500,2026-08-21,B6
TX-2026-08-00625,Bandar Mutiara Sentosa Kuala,E-23-18,Kondominium,DAERAH KUALA LUMPUR,W.P. Kuala Lumpur,56631,1064,650500,2026-08-02,B2
TX-2026-08-00752,Desa Seri Melati Kuala,D-08-20,Pangsapuri,Kuala Lumpur,W.P. Kuala Lumpur,56280,648,496000,2026-08-07,B4
TX-2026-08-02724,Residensi Seri Melati Kuala,B-34-11,Kondominium,Kuala Lumpur,W.P. Kuala Lumpur,51146,825,541500,2026-08-12,B6
TX-2026-08-02783,Bandar Suria Bayu Kuala,A-25-04,Banglo,Kuala Langat,Selangor,42551,3395,1288500,2026-08-05,B3
TX-2026-08-00236,Pangsapuri Suria Bayu Sepang,B-06-02,Berkembar 2 Tingkat,DAERAH SEPANG,Selangor,63054,2910,1155500,2026-08-03,B4
TX-2026-08-02849,Desa Kenanga Sari Hulu,A-21-12,Kondominium,Hulu Langat,Selangor,43440,1554,664000,2026-08-26,B3
TX-2026-08-00245,Residensi Damai Indah Sepang,E-25-10,Berkembar 2 Tingkat,DAERAH SEPANG,Selangor,63284,2404,1149500,2026-08-04,B2
TX-2026-08-02430,Pangsapuri Kenanga Sari Kuala,D-08-22,Pangsapuri,DAERAH KUALA SELANGOR,Selangor,45718,916,334000,2026-08-03,B3
TX-2026-08-01115,Pangsapuri Cempaka Wangi Klang,C-31-19,Berkembar 2 Tingkat,Klang,Selangor,41215,3398,1073500,2026-08-25,B6
TX-2026-08-01193,Taman Kenanga Sari Kuala,C-22-15,Teres 1 Tingkat,Kuala Lumpur,W.P. Kuala Lumpur,59352,1116,602000,2026-08-10,B4
TX-2026-08-01834,Pangsapuri Cempaka Wangi Klang,C-14-15,Teres 2 Tingkat,DAERAH KLANG,Selangor,41502,2297,800500,2026-08-28,B2
TX-2026-08-01384,Kondominium Impian Setia Gombak,C-37-05,Kondominium,Gombak,Selangor,68065,1108,515500,2026-08-13,B4
TX-2026-08-01570,Desa Warisan Murni Petaling,G-07-21,Teres 2 Tingkat,Petaling,Selangor,46160,1997,781500,2026-08-13,B2
TX-2026-08-02825,Kondominium Putra Perdana Petaling,D-03-24,Kondominium,DAERAH PETALING,Selangor,46610,971,364500,2026-08-27,B2
TX-2026-08-01279,Kondominium Mutiara Sentosa Gombak,A-31-02,Kondominium,Gombak,Selangor,68028,876,353500,2026-08-10,B3
TX-2026-08-00077,Desa Seri Melati Kuala,G-01-11,Kondominium,Kuala Lumpur,W.P. Kuala Lumpur,59223,1322,859500,2026-08-05,B6
TX-2026-08-01557,Pangsapuri Seri Melati Hulu,F-15-15,Kondominium,Hulu Langat,Selangor,43289,1186,371000,26/08/2026,B2
TX-2026-08-02254,Desa Kenanga Sari Hulu,G-23-02,Teres 2 Tingkat,DAERAH HULU LANGAT,Selangor,43478,2313,1129000,2026-08-15,B5
TX-2026-08-01137,Desa Warisan Murni Petaling,A-32-12,Teres 1 Tingkat,DAERAH PETALING,Selangor,46643,1239,633000,2026-08-18,B2
TX-2026-08-01830,Kondominium Impian Setia Gombak,F-33-03,Pangsapuri,DAERAH GOMBAK,Selangor,68035,827,384000,2026-08-13,B1
TX-2026-08-00275,Kondominium Damai Indah Petaling,G-22-02,Teres 2 Tingkat,Petaling,Selangor,46658,1623,766500,2026-08-25,B1
TX-2026-08-00696,Taman Kenanga Sari Klang,G-35-13,Berkembar 2 Tingkat,Klang,Selangor,41245,2319,1123500,2026-08-02,B3
TX-2026-08-02573,Desa Anggerik Jaya Kuala,F-18-20,Kondominium,Kuala Langat,Selangor,42789,980,344000,2026-08-26,B4
TX-2026-08-00420,Kondominium Kenanga Sari Sepang,D-25-13,Berkembar 2 Tingkat,Sepang,Selangor,63233,2259,997000,2026-08-14,B3
TX-2026-08-02548,Desa Anggerik Jaya Kuala,G-24-04,Pangsapuri,Kuala Langat,Selangor,42580,631,238500,2026-08-16,B6
TX-2026-08-00918,Kondominium Impian Setia Petaling,G-04-16,Banglo,Petaling,Selangor,46513,4577,3307500,2026-08-08,B3
TX-2026-08-00560,Taman Kenanga Sari Klang,E-05-01,Teres 2 Tingkat,Klang,Selangor,42110,1828,777000,2026-08-06,B5
TX-2026-08-01108,Desa Tasik Permai Sepang,B-28-12,Banglo,Sepang,Selangor,63163,4254,1451000,2026-08-25,B4
TX-2026-08-02476,Desa Kenanga Sari Hulu,C-10-15,Teres 2 Tingkat,DAERAH HULU LANGAT,Selangor,43312,2083,978500,2026-08-17,B5
TX-2026-08-00456,Bandar Anggerik Jaya Petaling,F-37-17,Teres 1 Tingkat,Petaling,Selangor,46976,960,484500,2026-08-01,B6
TX-2026-08-02357,Taman Anggerik Jaya Kuala,D-31-17,Banglo,Kuala Lumpur,W.P. Kuala Lumpur,52897,4946,3126000,2026-08-08,B2
TX-2026-08-02944,Taman Suria Bayu Kuala,E-05-07,Teres 2 Tingkat,Kuala Selangor,Selangor,45797,2062,628500,2026-08-10,B1
TX-2026-08-02892,Taman Bukit Harmoni Klang,B-16-01,Kondominium,Klang,Selangor,41207,1414,575500,2026-08-19,B2
TX-2026-08-02691,Bandar Damai Indah Hulu,D-05-20,Pangsapuri,Hulu Langat,Selangor,43426,923,463500,2026-08-11,B3
TX-2026-08-02141,Kondominium Putra Perdana Petaling,E-02-13,Teres 2 Tingkat,Petaling,Selangor,46967,1704,1121000,2026-08-19,B1
TX-2026-08-02265,Pangsapuri Kenanga Sari Petaling,G-12-20,Berkembar 2 Tingkat,Petaling,Selangor,46393,2532,1922000,2026-08-16,B3
TX-2026-08-01154,Kondominium Mutiara Sentosa Hulu,B-16-07,Banglo,Hulu Langat,Selangor,43452,3571,1649000,2026-08-06,B4
TX-2026-08-01855,Taman Bukit Harmoni Klang,D-38-19,Teres 1 Tingkat,Klang,Selangor,41212,1313,370500,2026-08-24,B4
TX-2026-08-02287,Taman Kenanga Sari Klang,A-16-21,Teres 2 Tingkat,Klang,Selangor,41784,1544,653500,2026-08-18,B5
TX-2026-08-02776,Bandar Damai Indah Hulu,C-33-02,Kondominium,Hulu Langat,Selangor,43178,1101,358500,2026-08-07,B1
TX-2026-08-00726,Desa Putra Perdana Klang,C-29-21,Teres 2 Tingkat,DAERAH KLANG,Selangor,41976,1825,795000,2026-08-11,B1
TX-2026-08-00954,Taman Kenanga Sari Gombak,E-32-21,Banglo,Gombak,Selangor,68081,3268,2822500,2026-08-08,B3
TX-2026-08-01106,Pangsapuri Suria Bayu Kuala,D-14-11,Kondominium,Kuala Lumpur,W.P. Kuala Lumpur,51798,1592,1139500,2026-08-27,B1
TX-2026-08-01927,Taman Kenanga Sari Gombak,D-23-17,Banglo,Gombak,Selangor,68052,3859,1486000,2026-08-16,B2
TX-2026-08-01794,Pangsapuri Suria Bayu Kuala,E-28-04,Berkembar 2 Tingkat,DAERAH KUALA LUMPUR,W.P. Kuala Lumpur,57648,3095,2842000,2026-08-17,B2
TX-2026-08-00944,Kondominium Putra Perdana Petaling,G-08-01,Kondominium,Petaling,Selangor,47624,1335,473000,2026-08-24,B1
TX-2026-08-01850,Residensi Damai Indah Sepang,A-10-11,Banglo,Sepang,Selangor,63194,3604,2145500,2026-08-15,B5
TX-2026-08-00770,Pangsapuri Suria Bayu Sepang,C-24-04,Teres 2 Tingkat,Sepang,Selangor,63177,1650,606500,2026-08-05,B1
TX-2026-08-00108,Pangsapuri Suria Bayu Sepang,G-22-11,Pangsapuri,Sepang,Selangor,63133,651,254000,2026-08-10,B2
TX-2026-08-02514,Pangsapuri Suria Bayu Kuala,E-20-07,Kondominium,Kuala Lumpur,W.P. Kuala Lumpur,56607,1247,1004000,2026-08-17,B1
TX-2026-08-00228,Taman Kenanga Sari Klang,F-24-11,Teres 2 Tingkat,Klang,Selangor,41375,2178,659500,2026-08-18,B3
TX-2026-08-02062,Taman Anggerik Jaya Kuala,A-01-05,Kondominium,Kuala Lumpur,W.P. Kuala Lumpur,54351,976,475500,2026-08-28,B2
TX-2026-08-01875,Kondominium Kenanga Sari Sepang,G-21-02,Pangsapuri,Sepang,Selangor,71806,896,407000,2026-08-31,B1
TX-2026-08-00947,Bandar Anggerik Jaya Petaling,G-15-02,Berkembar 2 Tingkat,Petaling,Selangor,47546,2614,1410000,2026-08-19,B6
TX-2026-08-00050,Kondominium Cempaka Wangi Sepang,F-38-21,Kondominium,Sepang,Selangor,63049,1267,494000,2026-08-20,B5
TX-2026-08-01756,Desa Putra Perdana Klang,D-01-19,Banglo,Klang,Selangor,41027,4329,1810000,2026-08-21,B2
TX-2026-08-01015,Residensi Mutiara Sentosa Kuala,F-03-02,Banglo,DAERAH KUALA LANGAT,Selangor,42518,3722,1567500,2026-08-21,B1
TX-2026-08-01619,Desa Seri Melati Kuala,G-14-08,Berkembar 2 Tingkat,Kuala Lumpur,W.P. Kuala Lumpur,51797,3333,2219500,2026-08-16,B3
TX-2026-08-00751,Taman Bukit Harmoni Gombak,F-09-06,Teres 1 Tingkat,Gombak,Selangor,68030,973,467500,2026-08-10,B3
TX-2026-08-02268,Desa Bukit Harmoni Petaling,F-12-03,Banglo,Petaling,Selangor,47389,3888,1797000,2026-08-20,B5
TX-2026-08-02873,Bandar Mutiara Sentosa Kuala,A-24-16,Kondominium,Kuala Lumpur,W.P. Kuala Lumpur,55545,753,435000,26/08/2026,B4
TX-2026-08-01347,Taman Tasik Permai Klang,B-33-23,Teres 2 Tingkat,Klang,Selangor,42145,2131,1064000,2026-08-03,B3
TX-2026-08-00927,Desa Seri Melati Kuala,E-12-10,Pangsapuri,Kuala Lumpur,W.P. Kuala Lumpur,58211,789,484500,2026-08-13,B3
TX-2026-08-00981,Kondominium Damai Indah Petaling,A-36-03,Kondominium,DAERAH PETALING,Selangor,46082,1144,410500,2026-08-24,B6
TX-2026-08-01340,Pangsapuri Kenanga Sari Petaling,B-07-10,Kondominium,Petaling,Selangor,47131,1230,470500,2026-08-10,B2
TX-2026-08-00203,Desa Kenanga Sari Kuala,D-38-22,Kondominium,DAERAH KUALA LANGAT,Selangor,42707,1024,315500,2026-08-27,B1
TX-2026-08-00441,Pangsapuri Kenanga Sari Petaling,E-38-08,Pangsapuri,Petaling,Selangor,47714,890,391000,2026-08-26,B5
TX-2026-08-01624,Bandar Mutiara Sentosa Kuala,C-33-10,Teres 2 Tingkat,Kuala Lumpur,W.P. Kuala Lumpur,56651,1935,1205000,2026-08-28,B3
TX-2026-08-00334,Pangsapuri Seri Melati Hulu,F-21-03,Banglo,Hulu Langat,Selangor,43173,3956,982000,2026-08-27,B6
TX-2026-08-00915,Bandar Anggerik Jaya Hulu,E-16-14,Teres 2 Tingkat,Hulu Langat,Selangor,43460,1684,690500,2026-08-01,B2
TX-2026-08-01220,Bandar Damai Indah Hulu,C-14-21,Banglo,DAERAH HULU LANGAT,Selangor,43341,3507,1578500,2026-08-29,B1
TX-2026-08-01263,Bandar Anggerik Jaya Petaling,G-20-03,Kondominium,Petaling,Selangor,46275,1187,576500,2026-08-06,B6
TX-2026-08-02238,Pangsapuri Suria Bayu Kuala,F-09-18,Berkembar 2 Tingkat,Kuala Lumpur,W.P. Kuala Lumpur,56798,3196,2116500,2026-08-03,B4
TX-2026-08-00104,Residensi Seri Melati Kuala,D-23-06,Pangsapuri,Kuala Lumpur,W.P. Kuala Lumpur,54419,714,464000,2026-08-23,B6
TX-2026-08-00868,Pangsapuri Suria Bayu Kuala,F-25-05,Teres 2 Tingkat,Kuala Lumpur,W.P. Kuala Lumpur,59541,1988,1068000,2026-08-14,B3
TX-2026-08-02083,Taman Putra Perdana Hulu,C-37-01,Pangsapuri,Hulu Selangor,Selangor,44009,835,165000,2026-08-01,B4
TX-2026-08-01163,Desa Putra Perdana Klang,A-37-09,Teres 1 Tingkat,Klang,Selangor,41685,1022,407000,2026-08-29,B4
TX-2026-08-00921,Desa Seri Melati Kuala,C-21-07,Berkembar 2 Tingkat,Kuala Lumpur,W.P. Kuala Lumpur,57652,2796,1817000,2026-08-07,B1
TX-2026-08-01620,Pangsapuri Seri Melati Hulu,G-18-14,Berkembar 2 Tingkat,Hulu Langat,Selangor,43232,2212,642000,2026-08-26,B4
TX-2026-08-00540,Kondominium Impian Setia Petaling,G-12-15,Banglo,Petaling,Selangor,46327,3257,1771500,2026-08-05,B2
TX-2026-08-00691,Kondominium Mutiara Sentosa Gombak,F-20-19,Pangsapuri,Gombak,Selangor,68085,577,280500,2026-08-15,B2
TX-2026-08-01989,Kondominium Kenanga Sari Hulu,G-28-04,Banglo,Hulu Langat,Selangor,43012,4184,1848500,2026-08-07,B5
TX-2026-08-01815,Taman Anggerik Jaya Kuala,C-16-16,Pangsapuri,Kuala Lumpur,W.P. Kuala Lumpur,56035,699,412000,2026-08-10,B3
TX-2026-08-02002,Desa Kenanga Sari Kuala,F-35-10,Banglo,Kuala Langat,Selangor,42557,2916,647500,2026-08-06,B6
TX-2026-08-01865,Pangsapuri Suria Bayu Kuala,D-10-22,Banglo,DAERAH KUALA LUMPUR,W.P. Kuala Lumpur,53172,4396,2029000,2026-08-27,B4
TX-2026-08-00761,Taman Suria Bayu Kuala,B-02-22,Teres 1 Tingkat,Kuala Selangor,Selangor,45631,1288,433500,2026-08-03,B2
TX-2026-08-00221,Bandar Mutiara Sentosa Kuala,F-17-20,Pangsapuri,DAERAH KUALA LUMPUR,W.P. Kuala Lumpur,57104,709,444500,2026-08-15,B4
TX-2026-08-00086,Desa Kenanga Sari Hulu,G-34-22,Pangsapuri,Hulu Langat,Selangor,43268,739,295500,2026-08-02,B6
TX-2026-08-00233,Desa Putra Perdana Klang,G-36-06,Pangsapuri,Klang,Selangor,41918,556,208500,2026-08-14,B4
TX-2026-08-02831,Kondominium Putra Perdana Petaling,A-36-17,Pangsapuri,Petaling,Selangor,46121,941,443500,2026-08-13,B4
TX-2026-08-00871,Desa Bukit Harmoni Petaling,A-29-05,Banglo,DAERAH PETALING,Selangor,47191,3945,1708500,2026-08-21,B3
TX-2026-08-01787,Kondominium Impian Setia Petaling,A-25-11,Teres 2 Tingkat,Petaling,Selangor,47146,2230,689000,2026-08-25,B4
TX-2026-08-01878,Kondominium Mutiara Sentosa Gombak,A-18-24,Pangsapuri,Gombak,Selangor,68072,692,314000,2026-08-19,B6
TX-2026-08-01607,Bandar Mutiara Sentosa Kuala,C-02-05,Teres 2 Tingkat,Kuala Lumpur,W.P. Kuala Lumpur,50193,2159,1501500,2026-08-01,B1
TX-2026-08-02116,Kondominium Kenanga Sari Sepang,G-20-13,Kondominium,Sepang,Selangor,63236,939,343000,2026-08-04,B2
TX-2026-08-01506,Pangsapuri Seri Melati Hulu,G-26-16,Banglo,DAERAH HULU LANGAT,Selangor,43059,3306,942000,2026-08-23,B5
TX-2026-08-01504,Taman Kenanga Sari Kuala,B-30-17,Teres 2 Tingkat,Kuala Lumpur,W.P. Kuala Lumpur,52146,1513,1163500,2026-08-10,B1
TX-2026-08-01113,Pangsapuri Suria Bayu Kuala,B-28-19,Teres 1 Tingkat,Kuala Lumpur,W.P. Kuala Lumpur,51539,981,806000,2026-08-09,B4
TX-2026-08-01431,Pangsapuri Tasik Permai Gombak,D-23-16,Teres 2 Tingkat,Gombak,Selangor,68055,1460,463500,2026-08-12,B4
TX-2026-08-02246,Pangsapuri Kenanga Sari Petaling,B-09-14,Berkembar 2 Tingkat,Petaling,Selangor,47288,2269,915000,2026-08-08,B3
TX-2026-08-01685,Bandar Anggerik Jaya Petaling,A-28-15,Banglo,Petaling,Selangor,46180,2898,1742500,2026-08-19,B6
TX-2026-08-02060,Kondominium Putra Perdana Petaling,D-12-17,Teres 2 Tingkat,DAERAH PETALING,Selangor,47302,1843,1198500,2026-08-11,B4
TX-2026-08-01178,Desa Anggerik Jaya Kuala,F-15-05,Pangsapuri,DAERAH KUALA LANGAT,Selangor,42510,728,215000,2026-08-09,B3
TX-2026-08-00516,Desa Seri Melati Kuala,E-35-19,Teres 2 Tingkat,Kuala Lumpur,W.P. Kuala Lumpur,55365,2341,1652500,15/08/2026,B5
TX-2026-08-02731,Kondominium Kenanga Sari Hulu,D-08-17,Teres 2 Tingkat,Hulu Langat,Selangor,43489,1402,585500,2026-08-10,B2
TX-2026-08-00902,Bandar Damai Indah Hulu,B-16-02,Teres 2 Tingkat,Hulu Langat,Selangor,43141,2374,928500,2026-08-19,B2
TX-2026-08-02760,Bandar Kenanga Sari Kuala,G-16-11,Berkembar 2 Tingkat,DAERAH KUALA LUMPUR,W.P. Kuala Lumpur,59872,2825,1566500,2026-08-28,B6
TX-2026-08-00974,Desa Anggerik Jaya Sepang,B-31-05,Teres 2 Tingkat,Sepang,Selangor,63123,1498,791000,2026-08-04,B6
TX-2026-08-02203,Desa Bukit Harmoni Petaling,D-36-05,Berkembar 2 Tingkat,Petaling,Selangor,47602,2354,1229000,2026-08-15,B2
TX-2026-08-02844,Residensi Kenanga Sari Sepang,D-29-04,Kondominium,Sepang,Selangor,63124,1306,573500,2026-08-20,B4
TX-2026-08-01610,Bandar Putra Perdana Hulu,B-38-23,Berkembar 2 Tingkat,Hulu Selangor,Selangor,44111,3325,612500,2026-08-17,B6
TX-2026-08-01120,Desa Mutiara Sentosa Klang,B-15-12,Banglo,DAERAH KLANG,Selangor,41796,4475,1915500,2026-08-15,B3
TX-2026-08-00880,Desa Bukit Harmoni Petaling,E-28-19,Teres 1 Tingkat,DAERAH PETALING,Selangor,47771,925,379500,2026-08-15,B6
TX-2026-08-02931,Desa Anggerik Jaya Sepang,A-26-07,Teres 2 Tingkat,Sepang,Selangor,63079,1913,764500,2026-08-27,B5
TX-2026-08-00075,Taman Anggerik Jaya Kuala,D-01-22,Kondominium,Kuala Lumpur,W.P. Kuala Lumpur,50481,1533,996500,2026-08-20,B5
TX-2026-08-00584,Bandar Anggerik Jaya Petaling,B-26-17,Kondominium,Petaling,Selangor,46605,809,475000,2026-08-12,B3
TX-2026-08-02114,Bandar Kenanga Sari Kuala,D-29-20,Kondominium,Kuala Lumpur,W.P. Kuala Lumpur,57892,1071,850500,2026-08-29,B6
TX-2026-08-01627,Kondominium Kenanga Sari Hulu,B-22-23,Pangsapuri,Hulu Langat,Selangor,43336,582,229500,2026-08-10,B4
TX-2026-08-02550,Desa Cempaka Wangi Gombak,E-01-04,Berkembar 2 Tingkat,Gombak,Selangor,68078,2224,1012000,2026-08-21,B2
TX-2026-08-02456,Taman Warisan Murni Hulu,A-04-14,Pangsapuri,DAERAH HULU SELANGOR,Selangor,44023,834,215000,2026-08-01,B6
TX-2026-08-01705,Desa Bukit Harmoni Petaling,G-25-12,Kondominium,Petaling,Selangor,46708,1185,694000,2026-08-11,B5
TX-2026-08-01337,Desa Anggerik Jaya Sepang,G-07-16,Kondominium,Sepang,Selangor,63193,1026,274000,2026-08-16,B3
TX-2026-08-01873,Desa Cempaka Wangi Gombak,C-38-13,Teres 1 Tingkat,DAERAH GOMBAK,Selangor,68085,1272,513500,2026-08-22,B3
TX-2026-08-02827,Kondominium Impian Setia Gombak,G-04-24,Kondominium,Gombak,Selangor,68051,912,397000,2026-08-18,B3
TX-2026-08-00392,Bandar Anggerik Jaya Petaling,F-32-09,Pangsapuri,Petaling,Selangor,46073,747,348000,2026-08-10,B4
TX-2026-08-00597,Pangsapuri Seri Melati Kuala,A-15-16,Teres 1 Tingkat,Kuala Selangor,Selangor,45666,1244,465500,2026-08-03,B2
TX-2026-08-00606,Desa Kenanga Sari Hulu,G-23-24,Kondominium,Hulu Langat,Selangor,43313,1196,619000,2026-08-08,B3
TX-2026-08-00450,Desa Anggerik Jaya Kuala,D-36-02,Kondominium,Kuala Langat,Selangor,42764,866,391500,2026-08-28,B3
TX-2026-08-00718,Taman Bukit Harmoni Klang,C-05-19,Teres 2 Tingkat,Klang,Selangor,41640,1728,596500,2026-08-02,B1
TX-2026-08-00398,Taman Warisan Murni Gombak,B-34-01,Kondominium,Gombak,Selangor,68029,1594,635500,2026-08-06,B4
TX-2026-08-01822,Desa Anggerik Jaya Kuala,D-31-01,Teres 1 Tingkat,Kuala Langat,Selangor,42523,1277,384000,2026-08-02,B5
TX-2026-08-00959,Bandar Putra Perdana Hulu,C-25-16,Teres 2 Tingkat,Hulu Selangor,Selangor,44238,2065,537500,2026-08-30,B6
TX-2026-08-02333,Kondominium Impian Setia Petaling,A-08-13,Berkembar 2 Tingkat,Petaling,Selangor,46104,2887,3123000,2026-08-16,B3
TX-2026-08-00537,Desa Tasik Permai Sepang,C-37-05,Berkembar 2 Tingkat,Sepang,Selangor,63018,3208,999000,2026-08-05,B2
TX-2026-08-01860,Desa Warisan Murni Petaling,G-23-12,Berkembar 2 Tingkat,Petaling,Selangor,46878,3388,2026000,2026-08-27,B1
TX-2026-08-00262,Taman Bukit Harmoni Gombak,D-18-23,Kondominium,DAERAH GOMBAK,Selangor,68019,1056,463000,2026-08-28,B6
TX-2026-08-02691,Bandar Damai Indah Hulu,D-05-20,Pangsapuri,Hulu Langat,Selangor,43426,923,463500,2026-08-11,B3
TX-2026-08-02133,Desa Tasik Permai Sepang,A-03-03,Kondominium,Sepang,Selangor,63231,1229,692000,2026-08-11,B5
TX-2026-08-02888,Desa Seri Melati Kuala,F-06-15,Banglo,Kuala Lumpur,W.P. Kuala Lumpur,53848,4660,3445000,2026-08-27,B5
TX-2026-08-01536,Residensi Warisan Murni Kuala,G-11-01,Teres 2 Tingkat,Kuala Langat,Selangor,42628,1658,520500,2026-08-11,B5
TX-2026-08-02039,Desa Bukit Harmoni Petaling,E-29-07,Teres 2 Tingkat,Petaling,Selangor,47442,1605,873000,2026-08-31,B5
TX-2026-08-02562,Pangsapuri Seri Melati Hulu,E-19-17,Berkembar 2 Tingkat,Hulu Langat,Selangor,43188,3078,1239500,2026-08-09,B6
TX-2026-08-02912,Bandar Tasik Permai Kuala,G-34-11,Teres 1 Tingkat,Kuala Selangor,Selangor,45611,1161,292000,2026-08-12,B3
TX-2026-08-00896,Bandar Anggerik Jaya Petaling,B-27-18,Pangsapuri,Petaling,Selangor,46528,862,583500,2026-08-10,B6
TX-2026-08-00452,Bandar Anggerik Jaya Petaling,D-15-05,Banglo,Petaling,Selangor,46898,4922,1962000,2026-08-24,B5
TX-2026-08-00097,Kondominium Cempaka Wangi Sepang,F-14-20,Kondominium,Sepang,Selangor,63264,860,335500,2026-08-01,B4
TX-2026-08-00156,Taman Bukit Harmoni Klang,D-18-19,Pangsapuri,Klang,Selangor,41910,663,290000,2026-08-06,B2
TX-2026-08-00295,Pangsapuri Cempaka Wangi Klang,B-09-23,Pangsapuri,Klang,Selangor,41352,883,316000,2026-08-28,B3
TX-2026-08-02619,Desa Kenanga Sari Hulu,A-11-22,Banglo,Hulu Langat,Selangor,43087,4952,1736000,2026-08-01,B5
TX-2026-08-01152,Kondominium Impian Setia Gombak,E-19-05,Berkembar 2 Tingkat,Gombak,Selangor,68062,2597,1211000,2026-08-02,B6
TX-2026-08-02646,Pangsapuri Kenanga Sari Petaling,F-36-18,Kondominium,Petaling,Selangor,46062,1522,891000,2026-08-03,B3
TX-2026-08-01645,Kondominium Mutiara Sentosa Hulu,F-30-16,Pangsapuri,Hulu Langat,Selangor,43104,866,326000,2026-08-03,B5
TX-2026-08-02840,Bandar Anggerik Jaya Hulu,F-13-23,Teres 2 Tingkat,Hulu Langat,Selangor,43081,1840,814000,2026-08-06,B5
TX-2026-08-02181,Desa Seri Melati Kuala,G-28-11,Banglo,Kuala Lumpur,W.P. Kuala Lumpur,59310,2931,2716000,2026-08-11,B3
TX-2026-08-02389,Desa Warisan Murni Petaling,G-13-10,Kondominium,Petaling,Selangor,46074,1100,403000,2026-08-30,B1
TX-2026-08-01469,Kondominium Putra Perdana Petaling,G-11-06,Pangsapuri,Petaling,Selangor,47656,873,478000,2026-08-10,B6
TX-2026-08-02162,Residensi Mutiara Sentosa Kuala,E-32-20,Kondominium,DAERAH KUALA LANGAT,Selangor,42517,1095,400500,2026-08-01,B2
TX-2026-08-01385,Bandar Suria Bayu Kuala,E-36-01,Pangsapuri,Kuala Langat,Selangor,42565,762,252500,2026-08-14,B1
TX-2026-08-00155,Bandar Putra Perdana Hulu,E-04-22,Teres 1 Tingkat,Hulu Selangor,Selangor,44154,1240,435000,2026-08-25,B2
TX-2026-08-02056,Pangsapuri Tasik Permai Gombak,C-12-04,Teres 2 Tingkat,DAERAH GOMBAK,Selangor,68077,1425,860000,2026-08-25,B3
TX-2026-08-00891,Taman Seri Melati Hulu,G-08-13,Berkembar 2 Tingkat,DAERAH HULU LANGAT,Selangor,43242,2731,1422500,2026-08-23,B6
TX-2026-08-01266,Taman Kenanga Sari Klang,F-04-02,Pangsapuri,Klang,Selangor,42099,872,257000,2026-08-04,B2
TX-2026-08-00550,Pangsapuri Bukit Harmoni Sabak,A-16-12,Berkembar 2 Tingkat,Sabak Bernam,Selangor,45180,2912,624000,2026-08-16,B5
TX-2026-08-02216,Desa Warisan Murni Petaling,F-27-19,Teres 1 Tingkat,DAERAH PETALING,Selangor,47695,1230,712000,2026-08-01,B5
TX-2026-08-01722,Desa Cempaka Wangi Gombak,B-18-01,Banglo,Gombak,Selangor,68010,4062,1905500,2026-08-22,B6
TX-2026-08-02340,Pangsapuri Kenanga Sari Petaling,E-07-04,Teres 2 Tingkat,Petaling,Selangor,47060,1404,857000,2026-08-30,B5
TX-2026-08-00820,Pangsapuri Seri Melati Kuala,E-22-16,Pangsapuri,Kuala Selangor,Selangor,45698,673,237000,2026-08-21,B2
TX-2026-08-00296,Desa Kenanga Sari Kuala,G-37-13,Kondominium,DAERAH KUALA LANGAT,Selangor,42612,1373,427500,2026-08-06,B3
TX-2026-08-02058,Pangsapuri Suria Bayu Kuala,C-21-11,Berkembar 2 Tingkat,Kuala Lumpur,W.P. Kuala Lumpur,51064,2243,1624000,2026-08-26,B4
TX-2026-08-01250,Desa Putra Perdana Klang,C-30-11,Banglo,DAERAH KLANG,Selangor,42031,3238,1084000,2026-08-27,B3
TX-2026-08-01047,Pangsapuri Tasik Permai Gombak,D-25-11,Kondominium,DAERAH GOMBAK,Selangor,68051,1080,514000,2026-08-15,B1
TX-2026-08-01003,Kondominium Impian Setia Petaling,E-29-14,Teres 1 Tingkat,Petaling,Selangor,47623,1309,592500,2026-08-22,B2
TX-2026-08-02555,Taman Kenanga Sari Klang,E-08-19,Teres 2 Tingkat,Klang,Selangor,41488,2270,1000500,2026-08-09,B5
TX-2026-08-00837,Kondominium Impian Setia Petaling,A-01-22,Teres 1 Tingkat,Petaling,Selangor,46483,999,482000,2026-08-13,B5
TX-2026-08-00436,Desa Bukit Harmoni Petaling,C-21-05,Teres 1 Tingkat,Petaling,Selangor,46447,1355,612000,2026-08-01,B6
TX-2026-08-01852,Taman Putra Perdana Hulu,E-09-13,Pangsapuri,Hulu Selangor,Selangor,44234,552,156000,2026-08-24,B6
TX-2026-08-01678,Taman Kenanga Sari Klang,A-18-17,Teres 2 Tingkat,Klang,Selangor,41194,2283,983500,2026-08-11,B4
TX-2026-08-00066,Pangsapuri Suria Bayu Kuala,E-26-23,Pangsapuri,Kuala Lumpur,W.P. Kuala Lumpur,50320,631,410000,2026-08-25,B1
TX-2026-08-00478,Taman Anggerik Jaya Kuala,A-37-14,Banglo,Kuala Lumpur,W.P. Kuala Lumpur,50926,4819,2896000,2026-08-30,B1
TX-2026-08-00613,Kondominium Kenanga Sari Hulu,A-10-18,Teres 1 Tingkat,Hulu Langat,Selangor,43450,1372,517500,2026-08-25,B3
TX-2026-08-00861,Desa Bukit Harmoni Petaling,D-11-06,Teres 2 Tingkat,Petaling,Selangor,47796,2119,1304500,2026-08-21,B6
TX-2026-08-01334,Taman Kenanga Sari Kuala,F-29-16,Pangsapuri,Kuala Lumpur,W.P. Kuala Lumpur,54711,674,533500,2026-08-31,B4
TX-2026-08-00879,Pangsapuri Warisan Murni Kuala,D-12-03,Berkembar 2 Tingkat,Kuala Langat,Selangor,42581,3370,1085500,30/08/2026,B5
TX-2026-08-01836,Pangsapuri Kenanga Sari Petaling,A-38-22,Teres 2 Tingkat,Petaling,Selangor,46768,2066,997000,2026-08-13,B4
TX-2026-08-02094,Desa Warisan Murni Petaling,G-21-03,Berkembar 2 Tingkat,DAERAH PETALING,Selangor,47210,3031,2157500,2026-08-17,B1
TX-2026-08-01339,Taman Bukit Harmoni Gombak,A-33-15,Teres 2 Tingkat,DAERAH GOMBAK,Selangor,68030,1998,715000,2026-08-07,B1
TX-2026-08-01130,Desa Anggerik Jaya Sepang,B-03-15,Teres 2 Tingkat,Sepang,Selangor,63212,1745,733500,2026-08-29,B5
TX-2026-08-00916,Taman Suria Bayu Kuala,D-11-14,Teres 2 Tingkat,Kuala Selangor,Selangor,45716,1691,493000,2026-08-07,B4
TX-2026-08-02408,Pangsapuri Seri Melati Hulu,D-24-14,Teres 2 Tingkat,Hulu Langat,Selangor,43334,2252,1038000,2026-08-28,B4
TX-2026-08-02616,Kondominium Damai Indah Petaling,E-28-10,Pangsapuri,Petaling,Selangor,47054,622,295500,2026-08-31,B2
TX-2026-08-02894,Bandar Damai Indah Hulu,E-20-09,Banglo,Hulu Langat,Selangor,43033,2825,1174500,2026-08-12,B4
TX-2026-08-02298,Taman Kenanga Sari Kuala,D-38-07,Teres 1 Tingkat,Kuala Lumpur,W.P. Kuala Lumpur,58969,1260,1154000,2026-08-10,B1
TX-2026-08-00860,Pangsapuri Seri Melati Hulu,F-30-20,Teres 1 Tingkat,DAERAH HULU LANGAT,Selangor,43273,1340,403000,2026-08-22,B3
TX-2026-08-00554,Desa Cempaka Wangi Gombak,G-29-13,Kondominium,DAERAH GOMBAK,Selangor,68065,1443,618000,2026-08-13,B4
TX-2026-08-01462,Pangsapuri Seri Melati Hulu,C-15-05,Teres 1 Tingkat,DAERAH HULU LANGAT,Selangor,43021,1231,546000,2026-08-28,B5
TX-2026-08-02812,Desa Bukit Harmoni Petaling,B-14-23,Teres 2 Tingkat,Petaling,Selangor,47190,1819,1043000,2026-08-01,B3
TX-2026-08-00903,Taman Kenanga Sari Klang,C-36-09,Berkembar 2 Tingkat,Klang,Selangor,41746,2928,1035500,2026-08-18,B6
TX-2026-08-01487,Residensi Kenanga Sari Sepang,E-20-18,Kondominium,Sepang,Selangor,63056,946,450500,2026-08-28,B5
TX-2026-08-01577,Pangsapuri Suria Bayu Kuala,C-35-16,Berkembar 2 Tingkat,Kuala Lumpur,W.P. Kuala Lumpur,50379,2805,3192500,2026-08-25,B3
TX-2026-08-02089,Pangsapuri Warisan Murni Kuala,E-04-19,Pangsapuri,Kuala Langat,Selangor,42716,856,351000,2026-08-04,B6
TX-2026-08-02596,Bandar Mutiara Sentosa Kuala,E-14-17,Pangsapuri,Kuala Lumpur,W.P. Kuala Lumpur,52100,579,212000,2026-08-09,B2
TX-2026-08-00829,Taman Kenanga Sari Kuala,F-10-16,Pangsapuri,DAERAH KUALA LUMPUR,W.P. Kuala Lumpur,53941,591,430500,2026-08-06,B2
TX-2026-08-00253,Desa Warisan Murni Petaling,B-16-14,Teres 1 Tingkat,Petaling,Selangor,46967,962,602500,2026-08-03,B6
TX-2026-08-02411,Pangsapuri Putra Perdana Hulu,E-32-07,Teres 2 Tingkat,Hulu Selangor,Selangor,44064,1693,476500,2026-08-09,B6
TX-2026-08-02443,Bandar Damai Indah Hulu,C-23-07,Pangsapuri,DAERAH HULU LANGAT,Selangor,43194,643,322500,2026-08-17,B3
TX-2026-08-01414,Pangsapuri Putra Perdana Kuala,B-11-04,Berkembar 2 Tingkat,Kuala Selangor,Selangor,45725,3227,956000,2026-08-01,B2
TX-2026-08-00798,Bandar Mutiara Sentosa Kuala,D-07-02,Teres 2 Tingkat,Kuala Lumpur,W.P. Kuala Lumpur,55829,2075,1239500,2026-08-01,B6
TX-2026-08-02410,Pangsapuri Tasik Permai Gombak,D-29-04,Pangsapuri,Gombak,Selangor,68098,677,276500,2026-08-08,B2
TX-2026-08-00479,Kondominium Mutiara Sentosa Hulu,G-18-10,Kondominium,Hulu Langat,Selangor,43402,924,397500,2026-08-09,B4
TX-2026-08-02761,Bandar Bukit Harmoni Hulu,A-05-20,Teres 2 Tingkat,Hulu Selangor,Selangor,44155,2149,652000,2026-08-12,B4
TX-2026-08-01029,Desa Bukit Harmoni Petaling,A-37-12,Berkembar 2 Tingkat,Petaling,Selangor,47139,2730,1030500,2026-08-20,B3
TX-2026-08-00414,Desa Anggerik Jaya Sepang,C-38-03,Pangsapuri,Sepang,Selangor,63188,784,350500,2026-08-07,B1
TX-2026-08-02475,Bandar Mutiara Sentosa Kuala,C-31-16,Teres 2 Tingkat,Kuala Lumpur,W.P. Kuala Lumpur,55222,1914,1202500,2026-08-05,B6
TX-2026-08-01859,Pangsapuri Cempaka Wangi Klang,C-20-01,Banglo,Klang,Selangor,42015,4595,1587000,2026-08-21,B3
TX-2026-08-00991,Taman Warisan Murni Gombak,C-22-14,Berkembar 2 Tingkat,Gombak,Selangor,68038,2598,934000,2026-08-03,B6
TX-2026-08-01446,Desa Mutiara Sentosa Klang,F-16-20,Banglo,Klang,Selangor,41428,4436,2299000,2026-08-27,B2
TX-2026-08-02327,Taman Kenanga Sari Klang,C-30-02,Banglo,Klang,Selangor,42055,4259,1079000,2026-08-18,B1
TX-2026-08-01636,Desa Mutiara Sentosa Klang,D-36-17,Pangsapuri,Klang,Selangor,41073,895,448000,2026-08-18,B2
TX-2026-08-00702,Pangsapuri Suria Bayu Sepang,B-23-13,Banglo,Sepang,Selangor,63101,4916,2092500,2026-08-29,B4
TX-2026-08-01516,Desa Mutiara Sentosa Klang,C-05-15,Pangsapuri,DAERAH KLANG,Selangor,41115,581,187000,2026-08-15,B6
TX-2026-08-02988,Bandar Anggerik Jaya Hulu,G-22-03,Kondominium,DAERAH HULU LANGAT,Selangor,43326,1297,436000,2026-08-18,B4
TX-2026-08-02145,Kondominium Mutiara Sentosa Hulu,D-37-14,Teres 1 Tingkat,Hulu Langat,Selangor,43236,1121,394500,15/08/2026,B2
TX-2026-08-02450,Pangsapuri Seri Melati Hulu,F-26-15,Pangsapuri,Hulu Langat,Selangor,43036,745,306000,2026-08-17,B3
TX-2026-08-01902,Kondominium Cempaka Wangi Sepang,D-16-20,Teres 1 Tingkat,DAERAH SEPANG,Selangor,63140,1009,485500,2026-08-17,B5
TX-2026-08-01976,Taman Kenanga Sari Kuala,B-37-09,Berkembar 2 Tingkat,Kuala Lumpur,W.P. Kuala Lumpur,57401,3058,1535500,2026-08-01,B3
TX-2026-08-00777,Bandar Mutiara Sentosa Kuala,D-12-06,Berkembar 2 Tingkat,Kuala Lumpur,W.P. Kuala Lumpur,51551,3265,2232000,2026-08-29,B4
TX-2026-08-00407,Pangsapuri Bukit Harmoni Sabak,F-13-22,Pangsapuri,Sabak Bernam,Selangor,45156,698,114500,2026-08-19,B5
TX-2026-08-00174,Bandar Mutiara Sentosa Kuala,E-33-18,Banglo,Kuala Lumpur,W.P. Kuala Lumpur,54074,3618,2585000,2026-08-08,B3
TX-2026-08-02577,Bandar Damai Indah Hulu,F-30-23,Berkembar 2 Tingkat,Hulu Langat,Selangor,43319,2688,1455500,2026-08-24,B5
TX-2026-08-02359,Residensi Damai Indah Sepang,B-12-02,Pangsapuri,Sepang,Selangor,63265,886,521500,2026-08-30,B4
TX-2026-08-01012,Desa Seri Melati Kuala,D-27-06,Teres 1 Tingkat,Kuala Lumpur,W.P. Kuala Lumpur,57179,1174,804000,2026-08-04,B4
TX-2026-08-00133,Pangsapuri Suria Bayu Kuala,D-13-17,Kondominium,Kuala Lumpur,W.P. Kuala Lumpur,56650,1280,832000,2026-08-20,B2
TX-2026-08-02648,Pangsapuri Tasik Permai Gombak,D-32-12,Berkembar 2 Tingkat,Gombak,Selangor,68028,3192,1058000,2026-08-20,B6
TX-2026-08-00185,Pangsapuri Kenanga Sari Petaling,C-11-11,Kondominium,Petaling,Selangor,46308,1156,489000,2026-08-19,B2
TX-2026-08-02554,Kondominium Damai Indah Petaling,E-06-02,Kondominium,Petaling,Selangor,47795,767,535500,2026-08-19,B5
TX-2026-08-00780,Kondominium Damai Indah Petaling,C-37-13,Kondominium,Petaling,Selangor,46936,1079,567000,2026-08-29,B6
TX-2026-08-01764,Desa Kenanga Sari Hulu,A-36-15,Teres 1 Tingkat,Hulu Langat,Selangor,43056,902,280000,2026-08-09,B3
TX-2026-08-00223,Desa Impian Setia Klang,B-17-17,Banglo,DAERAH KLANG,Selangor,42142,4272,1971500,2026-08-17,B6
TX-2026-08-02271,Pangsapuri Suria Bayu Sepang,B-29-14,Teres 1 Tingkat,Sepang,Selangor,63229,1328,745500,2026-08-20,B5
TX-2026-08-01669,Kondominium Damai Indah Petaling,E-11-11,Banglo,Petaling,Selangor,46321,3251,1863500,2026-08-28,B1
TX-2026-08-01305,Pangsapuri Kenanga Sari Petaling,C-03-21,Kondominium,Petaling,Selangor,47467,1053,453000,2026-08-28,B3
TX-2026-08-00010,Kondominium Kenanga Sari Hulu,F-08-13,Kondominium,Hulu Langat,Selangor,43109,1053,421000,2026-08-14,B5
TX-2026-08-01929,Taman Kenanga Sari Kuala,G-01-04,Banglo,Kuala Lumpur,W.P. Kuala Lumpur,50877,2871,2112500,2026-08-16,B4
TX-2026-08-00908,Bandar Anggerik Jaya Hulu,E-34-11,Berkembar 2 Tingkat,DAERAH HULU LANGAT,Selangor,43147,2911,1382000,2026-08-13,B6
TX-2026-08-00884,Desa Mutiara Sentosa Klang,E-12-21,Teres 1 Tingkat,Klang,Selangor,42170,942,572000,2026-08-06,B6
TX-2026-08-01986,Taman Kenanga Sari Kuala,F-09-16,Pangsapuri,Kuala Lumpur,W.P. Kuala Lumpur,55063,688,411000,2026-08-06,B2
TX-2026-08-01167,Taman Suria Bayu Kuala,F-31-12,Teres 1 Tingkat,Kuala Selangor,Selangor,45686,1217,348500,2026-08-28,B6
TX-2026-08-01235,Residensi Seri Melati Kuala,F-18-21,Teres 1 Tingkat,Kuala Lumpur,W.P. Kuala Lumpur,57138,1095,613000,2026-08-04,B5
TX-2026-08-01642,Pangsapuri Putra Perdana Kuala,A-13-15,Berkembar 2 Tingkat,Kuala Selangor,Selangor,45644,2226,817500,2026-08-22,B3
TX-2026-08-00065,Pangsapuri Suria Bayu Kuala,B-14-24,Pangsapuri,Kuala Lumpur,W.P. Kuala Lumpur,57621,631,410000,2026-08-25,B4
TX-2026-08-02375,Taman Anggerik Jaya Kuala,E-10-13,Pangsapuri,DAERAH KUALA LUMPUR,W.P. Kuala Lumpur,50495,615,540500,2026-08-20,B4
TX-2026-08-02687,Desa Kenanga Sari Hulu,G-16-23,Berkembar 2 Tingkat,DAERAH HULU LANGAT,Selangor,43009,2491,1480000,2026-08-07,B5
TX-2026-08-01103,Desa Seri Melati Kuala,A-13-10,Banglo,Kuala Lumpur,W.P. Kuala Lumpur,55887,3830,1648500,2026-08-15,B5
TX-2026-08-02864,Pangsapuri Seri Melati Hulu,D-12-17,Berkembar 2 Tingkat,Hulu Langat,Selangor,43430,3076,1368000,2026-08-31,B5
TX-2026-08-00212,Taman Kenanga Sari Gombak,A-24-21,Pangsapuri,Gombak,Selangor,68057,689,260000,2026-08-02,B5
TX-2026-08-02041,Pangsapuri Suria Bayu Kuala,C-21-16,Berkembar 2 Tingkat,Kuala Lumpur,W.P. Kuala Lumpur,59195,2704,1204000,2026-08-01,B3
TX-2026-08-02332,Pangsapuri Putra Perdana Kuala,B-32-19,Teres 1 Tingkat,Kuala Selangor,Selangor,45736,1078,319500,2026-08-30,B4
TX-2026-08-00719,Kondominium Impian Setia Petaling,E-20-01,Pangsapuri,Petaling,Selangor,47239,562,277500,2026-08-07,B5
TX-2026-08-00658,Kondominium Damai Indah Petaling,C-34-10,Kondominium,Petaling,Selangor,46464,1378,975000,2026-08-06,B3
TX-2026-08-01981,Pangsapuri Seri Melati Kuala,A-25-06,Teres 2 Tingkat,Kuala Selangor,Selangor,45636,1675,438000,2026-08-20,B1
TX-2026-08-01184,Taman Kenanga Sari Klang,G-16-24,Berkembar 2 Tingkat,Klang,Selangor,41556,2230,724500,2026-08-02,B2
TX-2026-08-00993,Desa Bukit Harmoni Petaling,E-04-21,Pangsapuri,DAERAH PETALING,Selangor,46848,587,354000,2026-08-24,B3
TX-2026-08-02008,Desa Putra Perdana Klang,E-01-01,Teres 2 Tingkat,Klang,Selangor,41736,1523,709000,2026-08-06,B2
TX-2026-08-01779,Bandar Damai Indah Hulu,A-02-07,Teres 2 Tingkat,Hulu Langat,Selangor,43494,2060,1020000,2026-08-06,B6
TX-2026-08-02232,Kondominium Mutiara Sentosa Gombak,E-27-15,Kondominium,Gombak,Selangor,68095,1217,591000,2026-08-15,B6
TX-2026-08-02852,Pangsapuri Kenanga Sari Kuala,C-03-02,Berkembar 2 Tingkat,Kuala Selangor,Selangor,45761,3087,943500,2026-08-29,B3
TX-2026-08-00990,Taman Kenanga Sari Klang,B-25-16,Teres 1 Tingkat,Klang,Selangor,42090,1107,433000,2026-08-09,B3
TX-2026-08-02403,Pangsapuri Kenanga Sari Kuala,F-04-24,Pangsapuri,Kuala Selangor,Selangor,45746,675,293500,2026-08-12,B1
TX-2026-08-02631,Pangsapuri Cempaka Wangi Klang,G-31-18,Teres 2 Tingkat,Klang,Selangor,41435,2345,709000,2026-08-21,B6
TX-2026-08-00400,Residensi Damai Indah Sepang,C-09-07,Kondominium,DAERAH SEPANG,Selangor,63288,919,259000,2026-08-26,B6
TX-2026-08-02233,Desa Seri Melati Kuala,E-03-12,Banglo,Kuala Lumpur,W.P. Kuala Lumpur,52566,3880,1829500,2026-08-29,B4
TX-2026-08-00257,Desa Impian Setia Klang,F-36-12,Teres 1 Tingkat,Klang,Selangor,41393,1293,456000,2026-08-22,B3
TX-2026-08-00851,Pangsapuri Suria Bayu Sepang,E-18-04,Teres 2 Tingkat,Sepang,Selangor,63061,1868,885500,2026-08-02,B4
TX-2026-08-01127,Kondominium Kenanga Sari Hulu,E-16-17,Kondominium,DAERAH HULU LANGAT,Selangor,43436,1065,392500,2026-08-24,B1
TX-2026-08-01861,Residensi Mutiara Sentosa Kuala,G-36-09,Teres 2 Tingkat,Kuala Langat,Selangor,42682,1910,569500,2026-08-02,B5
TX-2026-08-02835,Taman Anggerik Jaya Kuala,E-31-11,Berkembar 2 Tingkat,Kuala Lumpur,W.P. Kuala Lumpur,58714,3156,1748500,2026-08-16,B3
TX-2026-08-02067,Bandar Anggerik Jaya Petaling,F-13-20,Pangsapuri,DAERAH PETALING,Selangor,47063,601,402000,2026-08-21,B1
TX-2026-08-01715,Kondominium Putra Perdana Petaling,D-23-21,Berkembar 2 Tingkat,Petaling,Selangor,46423,3158,1399500,2026-08-03,B2
TX-2026-08-01594,Desa Impian Setia Klang,C-36-23,Kondominium,Klang,Selangor,41019,1085,296500,2026-08-25,B5
TX-2026-08-02527,Taman Tasik Permai Klang,D-18-15,Teres 2 Tingkat,Klang,Selangor,41179,1652,653000,2026-08-23,B3
TX-2026-08-00034,Desa Bukit Harmoni Petaling,G-28-01,Pangsapuri,Petaling,Selangor,47732,813,423000,2026-08-07,B1
TX-2026-08-02461,Residensi Mutiara Sentosa Kuala,G-06-03,Kondominium,DAERAH KUALA LANGAT,Selangor,42780,1314,447500,2026-08-05,B4
TX-2026-08-00113,Pangsapuri Suria Bayu Kuala,E-34-23,Kondominium,Kuala Lumpur,W.P. Kuala Lumpur,56528,892,580000,2026-08-14,B6
TX-2026-08-00960,Desa Cempaka Wangi Gombak,G-38-22,Pangsapuri,Gombak,Selangor,68100,945,318500,2026-08-24,B6
TX-2026-08-00771,Desa Kenanga Sari Hulu,C-04-14,Teres 1 Tingkat,Hulu Langat,Selangor,43342,1316,727500,2026-08-22,B1
TX-2026-08-00159,Taman Anggerik Jaya Kuala,C-37-09,Banglo,Kuala Lumpur,W.P. Kuala Lumpur,52923,4260,2267500,2026-08-10,B1
TX-2026-08-02563,Bandar Kenanga Sari Kuala,A-24-04,Teres 1 Tingkat,DAERAH KUALA LUMPUR,W.P. Kuala Lumpur,54750,1330,671000,2026-08-07,B2
TX-2026-08-00651,Kondominium Putra Perdana Petaling,B-05-15,Berkembar 2 Tingkat,Petaling,Selangor,46071,2219,963000,2026-08-25,B1
TX-2026-08-02151,Desa Bukit Harmoni Petaling,D-37-04,Teres 2 Tingkat,Petaling,Selangor,46151,1811,954500,2026-08-06,B1
TX-2026-08-01738,Taman Kenanga Sari Gombak,F-20-22,Teres 2 Tingkat,Gombak,Selangor,68085,1844,880000,2026-08-31,B1
TX-2026-08-00553,Taman Warisan Murni Gombak,G-14-02,Berkembar 2 Tingkat,Gombak,Selangor,68092,2398,941500,2026-08-03,B2
TX-2026-08-00847,Bandar Anggerik Jaya Hulu,E-20-14,Teres 1 Tingkat,Hulu Langat,Selangor,43446,1204,456500,2026-08-22,B3
TX-2026-08-02682,Desa Anggerik Jaya Kuala,A-14-09,Teres 1 Tingkat,Kuala Langat,Selangor,42673,1362,371500,2026-08-19,B5
TX-2026-08-00092,Kondominium Putra Perdana Petaling,E-31-18,Pangsapuri,Petaling,Selangor,46610,585,304000,2026-08-24,B6
TX-2026-08-00216,Bandar Damai Indah Hulu,A-10-09,Berkembar 2 Tingkat,Hulu Langat,Selangor,43118,3047,1163000,2026-08-09,B1
TX-2026-08-02250,Desa Warisan Murni Petaling,B-05-22,Banglo,DAERAH PETALING,Selangor,46640,4241,1585000,2026-08-08,B2
TX-2026-08-01900,Residensi Seri Melati Kuala,E-01-11,Berkembar 2 Tingkat,Kuala Lumpur,W.P. Kuala Lumpur,56429,2203,1511500,2026-08-09,B1
TX-2026-08-01616,Desa Bukit Harmoni Petaling,F-24-06,Banglo,Petaling,Selangor,46595,3919,2653500,2026-08-13,B5
TX-2026-08-02066,Bandar Mutiara Sentosa Kuala,B-05-14,Banglo,Kuala Lumpur,W.P. Kuala Lumpur,53564,5183,3277000,2026-08-11,B4
TX-2026-08-01284,Desa Impian Setia Klang,F-15-24,Berkembar 2 Tingkat,DAERAH KLANG,Selangor,41180,2373,893000,2026-08-31,B1
TX-2026-08-00607,Pangsapuri Tasik Permai Gombak,E-21-10,Pangsapuri,Gombak,Selangor,68080,842,327500,2026-08-23,B1
TX-2026-08-02695,Pangsapuri Cempaka Wangi Klang,F-06-06,Teres 2 Tingkat,Klang,Selangor,41027,1436,482000,2026-08-17,B1
TX-2026-08-01656,Taman Kenanga Sari Kuala,B-09-19,Teres 1 Tingkat,Kuala Lumpur,W.P. Kuala Lumpur,52320,989,614000,2026-08-01,B4
TX-2026-08-01295,Bandar Anggerik Jaya Petaling,E-23-15,Teres 2 Tingkat,Petaling,Selangor,47327,1569,748500,2026-08-29,B6
TX-2026-08-01309,Desa Mutiara Sentosa Klang,G-32-21,Teres 1 Tingkat,Klang,Selangor,41562,1150,506500,2026-08-04,B4
TX-2026-08-02396,Desa Warisan Murni Petaling,A-34-20,Teres 1 Tingkat,Petaling,Selangor,46419,1003,446500,2026-08-31,B6
TX-2026-08-00518,Taman Kenanga Sari Klang,C-31-08,Teres 2 Tingkat,Klang,Selangor,41495,2062,437000,2026-08-11,B3
TX-2026-08-00876,Taman Anggerik Jaya Kuala,E-03-06,Kondominium,Kuala Lumpur,W.P. Kuala Lumpur,57930,1546,890500,2026-08-01,B3
TX-2026-08-00830,Kondominium Putra Perdana Petaling,A-13-13,Kondominium,Petaling,Selangor,46811,1465,1184500,2026-08-22,B3
TX-2026-08-00363,Kondominium Putra Perdana Petaling,E-07-22,Teres 2 Tingkat,Petaling,Selangor,46494,1611,576500,2026-08-07,B2
TX-2026-08-00538,Pangsapuri Seri Melati Kuala,C-04-05,Berkembar 2 Tingkat,Kuala Selangor,Selangor,45797,3212,1076000,2026-08-31,B1
TX-2026-08-01191,Taman Kenanga Sari Kuala,B-25-22,Pangsapuri,Kuala Lumpur,W.P. Kuala Lumpur,51037,566,518500,2026-08-10,B2
TX-2026-08-02386,Desa Impian Setia Klang,A-24-08,Berkembar 2 Tingkat,Klang,Selangor,41009,2379,828000,2026-08-04,B5
TX-2026-08-01580,Taman Kenanga Sari Gombak,B-23-22,Teres 1 Tingkat,DAERAH GOMBAK,Selangor,68032,1337,576000,2026-08-30,B5
TX-2026-08-02742,Bandar Bukit Harmoni Hulu,E-10-22,Banglo,Hulu Selangor,Selangor,44011,3757,849500,2026-08-11,B4
TX-2026-08-01121,Pangsapuri Seri Melati Hulu,D-37-09,Teres 1 Tingkat,Hulu Langat,Selangor,43442,1215,477000,2026-08-26,B1
TX-2026-08-00941,Desa Kenanga Sari Hulu,G-24-08,Teres 1 Tingkat,DAERAH HULU LANGAT,Selangor,43285,1145,589000,2026-08-25,B2
TX-2026-08-02784,Taman Anggerik Jaya Kuala,B-30-23,Teres 2 Tingkat,Kuala Lumpur,W.P. Kuala Lumpur,56523,2044,1264000,2026-08-16,B3
TX-2026-08-00840,Pangsapuri Seri Melati Kuala,D-13-19,Berkembar 2 Tingkat,Kuala Selangor,Selangor,45673,2366,514500,2026-08-25,B2
TX-2026-08-02594,Pangsapuri Suria Bayu Kuala,A-38-02,Teres 1 Tingkat,Kuala Lumpur,W.P. Kuala Lumpur,57396,916,565000,2026-08-20,B1
TX-2026-08-00506,Taman Seri Melati Hulu,E-06-18,Teres 2 Tingkat,Hulu Langat,Selangor,43096,2228,885500,2026-08-03,B1
TX-2026-08-01558,Kondominium Seri Melati Sabak,D-34-20,Pangsapuri,Sabak Bernam,Selangor,45333,618,116000,2026-08-12,B6
TX-2026-08-00618,Desa Seri Melati Kuala,E-22-01,Berkembar 2 Tingkat,Kuala Lumpur,W.P. Kuala Lumpur,55291,2389,1579000,2026-08-25,B1
TX-2026-08-00863,Residensi Seri Melati Kuala,D-36-22,Teres 1 Tingkat,Kuala Lumpur,W.P. Kuala Lumpur,53588,1134,815000,2026-08-30,B6
TX-2026-08-00764,Desa Bukit Harmoni Petaling,D-06-23,Teres 2 Tingkat,Petaling,Selangor,47499,1406,959500,2026-08-16,B2
TX-2026-08-00421,Pangsapuri Warisan Murni Kuala,B-07-16,Berkembar 2 Tingkat,DAERAH KUALA LANGAT,Selangor,42654,2496,630500,2026-08-02,B3
TX-2026-08-00985,Desa Anggerik Jaya Kuala,D-10-23,Teres 2 Tingkat,Kuala Langat,Selangor,42594,2302,785000,2026-08-04,B2
TX-2026-08-01697,Kondominium Impian Setia Petaling,F-17-12,Berkembar 2 Tingkat,Petaling,Selangor,47288,3305,1416500,2026-08-08,B2
TX-2026-08-02675,Pangsapuri Seri Melati Hulu,C-11-09,Banglo,Hulu Langat,Selangor,43478,3609,1659500,2026-08-04,B2
TX-2026-08-02964,Kondominium Impian Setia Petaling,D-26-04,Berkembar 2 Tingkat,Petaling,Selangor,47326,3125,1385500,2026-08-26,B6
TX-2026-08-01399,Kondominium Kenanga Sari Hulu,C-23-11,Pangsapuri,Hulu Langat,Selangor,43485,776,409500,2026-08-20,B3
TX-2026-08-02194,Desa Seri Melati Kuala,D-13-15,Banglo,Kuala Lumpur,W.P. Kuala Lumpur,50781,4463,3408000,2026-08-27,B6
TX-2026-08-00333,Pangsapuri Cempaka Wangi Klang,A-11-05,Kondominium,DAERAH KLANG,Selangor,41123,1390,630000,2026-08-12,B1
TX-2026-08-02131,Pangsapuri Putra Perdana Kuala,B-20-02,Pangsapuri,Kuala Selangor,Selangor,45686,603,161500,2026-08-11,B2
TX-2026-08-02014,Bandar Anggerik Jaya Petaling,D-34-19,Teres 1 Tingkat,DAERAH PETALING,Selangor,47474,942,414500,2026-08-18,B3
TX-2026-08-00968,Bandar Anggerik Jaya Hulu,F-12-12,Teres 1 Tingkat,DAERAH HULU LANGAT,Selangor,43439,1360,560000,2026-08-26,B4
TX-2026-08-02862,Desa Bukit Harmoni Petaling,E-24-11,Berkembar 2 Tingkat,DAERAH PETALING,Selangor,46840,2418,1144000,2026-08-18,B4
TX-2026-08-00768,Desa Warisan Murni Petaling,A-04-06,Teres 1 Tingkat,Petaling,Selangor,47297,1223,725500,2026-08-05,B3
TX-2026-08-00490,Taman Anggerik Jaya Kuala,C-24-08,Pangsapuri,Kuala Lumpur,W.P. Kuala Lumpur,59837,760,452500,2026-08-30,B3
TX-2026-08-00888,Taman Seri Melati Hulu,C-18-02,Teres 2 Tingkat,Hulu Langat,Selangor,43416,2328,1140000,2026-08-23,B1
TX-2026-08-00862,Pangsapuri Cempaka Wangi Klang,E-32-12,Teres 2 Tingkat,Klang,Selangor,42211,2321,810000,2026-08-27,B1
TX-2026-08-00576,Bandar Kenanga Sari Kuala,C-13-17,Teres 2 Tingkat,Kuala Lumpur,W.P. Kuala Lumpur,59199,2356,1499500,2026-08-09,B3
TX-2026-08-01044,Pangsapuri Seri Melati Kuala,D-07-22,Teres 2 Tingkat,DAERAH KUALA SELANGOR,Selangor,45676,2148,342000,2026-08-27,B6
TX-2026-08-01020,Residensi Damai Indah Sepang,E-36-06,Banglo,Sepang,Selangor,63116,4876,1945000,2026-08-22,B1
TX-2026-08-02713,Pangsapuri Suria Bayu Kuala,B-19-17,Pangsapuri,Kuala Lumpur,W.P. Kuala Lumpur,59863,556,497500,2026-08-13,B3
TX-2026-08-01883,Pangsapuri Bukit Harmoni Sabak,C-27-18,Berkembar 2 Tingkat,Sabak Bernam,Selangor,45292,3151,670500,2026-08-03,B2
TX-2026-08-01579,Bandar Mutiara Sentosa Kuala,D-25-09,Banglo,DAERAH KUALA LUMPUR,W.P. Kuala Lumpur,55211,3909,2570000,2026-08-31,B2
TX-2026-08-02582,Desa Impian Setia Klang,C-15-07,Teres 1 Tingkat,Klang,Selangor,41094,1189,533500,2026-08-18,B4
TX-2026-08-01480,Bandar Mutiara Sentosa Kuala,C-13-19,Berkembar 2 Tingkat,Kuala Lumpur,W.P. Kuala Lumpur,56932,2677,1581500,2026-08-08,B6
TX-2026-08-00872,Pangsapuri Kenanga Sari Hulu,A-27-12,Teres 2 Tingkat,Hulu Selangor,Selangor,44125,2107,571500,2026-08-31,B2
TX-2026-08-00167,Taman Bukit Harmoni Gombak,G-12-23,Teres 2 Tingkat,DAERAH GOMBAK,Selangor,68043,1617,541000,2026-08-04,B3
TX-2026-08-01097,Desa Anggerik Jaya Sepang,G-33-17,Berkembar 2 Tingkat,Sepang,Selangor,63230,2319,834000,2026-08-10,B4
TX-2026-08-01643,Bandar Damai Indah Hulu,E-12-17,Pangsapuri,Hulu Langat,Selangor,43103,692,332000,03/08/2026,B1
TX-2026-08-01271,Taman Bukit Harmoni Klang,G-21-09,Teres 1 Tingkat,Klang,Selangor,41158,1394,480000,2026-08-03,B3
TX-2026-08-00145,Desa Anggerik Jaya Sepang,E-13-17,Kondominium,Sepang,Selangor,63231,1371,534500,2026-08-01,B2
TX-2026-08-01973,Kondominium Impian Setia Petaling,G-13-17,Banglo,Petaling,Selangor,46538,3485,1552000,2026-08-26,B3
TX-2026-08-02013,Bandar Anggerik Jaya Petaling,E-11-01,Teres 1 Tingkat,Petaling,Selangor,47611,1086,483000,2026-08-25,B2
TX-2026-08-01432,Kondominium Damai Indah Petaling,A-24-05,Teres 2 Tingkat,Petaling,Selangor,46389,1668,937000,2026-08-30,B1
TX-2026-08-01600,Bandar Kenanga Sari Kuala,D-37-03,Pangsapuri,Kuala Lumpur,W.P. Kuala Lumpur,50363,766,457000,2026-08-25,B1
TX-2026-08-00224,Residensi Putra Perdana Hulu,B-27-08,Berkembar 2 Tingkat,Hulu Selangor,Selangor,44230,3116,764000,2026-08-07,B3
TX-2026-08-01251,Bandar Tasik Permai Kuala,F-26-06,Kondominium,Kuala Selangor,Selangor,45739,1296,490500,2026-08-12,B6
TX-2026-08-02581,Kondominium Seri Melati Sabak,C-17-14,Banglo,Sabak Bernam,Selangor,45397,3134,649000,2026-08-30,B1
TX-2026-08-02491,Kondominium Cempaka Wangi Sepang,C-10-17,Pangsapuri,Sepang,Selangor,63070,825,416000,2026-08-04,B5
TX-2026-08-01622,Bandar Anggerik Jaya Petaling,F-24-04,Kondominium,Petaling,Selangor,46397,951,536500,2026-08-04,B4
TX-2026-08-00708,Pangsapuri Kenanga Sari Petaling,B-22-02,Kondominium,DAERAH PETALING,Selangor,46768,1134,643500,2026-08-10,B1
TX-2026-08-00235,Bandar Kenanga Sari Kuala,B-24-14,Pangsapuri,Kuala Lumpur,W.P. Kuala Lumpur,50905,936,503500,2026-08-03,B4
TX-2026-08-02453,Taman Anggerik Jaya Kuala,D-15-05,Berkembar 2 Tingkat,Kuala Lumpur,W.P. Kuala Lumpur,55840,2615,1903000,2026-08-28,B3
TX-2026-08-00577,Taman Anggerik Jaya Kuala,G-30-13,Pangsapuri,Kuala Lumpur,W.P. Kuala Lumpur,58142,628,381000,2026-08-02,B5
TX-2026-08-01884,Desa Seri Melati Kuala,A-09-02,Kondominium,Kuala Lumpur,W.P. Kuala Lumpur,52653,825,662500,2026-08-19,B5
TX-2026-08-01672,Pangsapuri Kenanga Sari Petaling,G-37-04,Teres 1 Tingkat,Petaling,Selangor,46183,1366,422000,2026-08-11,B1
TX-2026-08-01477,Taman Warisan Murni Gombak,G-03-21,Banglo,Gombak,Selangor,68049,3382,1287500,2026-08-30,B2
TX-2026-08-02884,Taman Warisan Murni Gombak,A-08-15,Berkembar 2 Tingkat,Gombak,Selangor,68064,2501,767000,2026-08-08,B3
TX-2026-08-01365,Desa Impian Setia Klang,D-01-13,Teres 2 Tingkat,Klang,Selangor,41639,2282,678000,2026-08-26,B2
TX-2026-08-02568,Kondominium Putra Perdana Petaling,D-05-19,Teres 2 Tingkat,Petaling,Selangor,47306,1451,1120000,2026-08-07,B4
TX-2026-08-01626,Taman Seri Melati Hulu,G-13-14,Kondominium,Hulu Langat,Selangor,43493,836,368500,2026-08-04,B6
TX-2026-08-02813,Residensi Kenanga Sari Sepang,D-11-04,Teres 1 Tingkat,Sepang,Selangor,71802,1134,578000,2026-08-02,B4
TX-2026-08-02414,Kondominium Impian Setia Petaling,G-30-22,Banglo,DAERAH PETALING,Selangor,46957,3884,2288000,2026-08-21,B1
TX-2026-08-01354,Desa Tasik Permai Sepang,B-33-07,Pangsapuri,Sepang,Selangor,63112,620,266000,2026-08-10,B5
TX-2026-08-02366,Desa Impian Setia Klang,B-07-22,Kondominium,Klang,Selangor,41365,1442,610500,2026-08-15,B5
TX-2026-08-01757,Desa Impian Setia Klang,D-04-16,Banglo,Klang,Selangor,42228,4619,2018500,2026-08-12,B4
TX-2026-08-01341,Desa Bukit Harmoni Petaling,F-12-12,Banglo,Petaling,Selangor,47109,3543,2175000,2026-08-02,B3
TX-2026-08-00716,Pangsapuri Suria Bayu Kuala,C-28-21,Berkembar 2 Tingkat,DAERAH KUALA LUMPUR,W.P. Kuala Lumpur,52609,3005,2434000,2026-08-05,B3
TX-2026-08-02815,Bandar Kenanga Sari Kuala,E-23-04,Kondominium,Kuala Lumpur,W.P. Kuala Lumpur,54944,1355,957000,2026-08-03,B1
TX-2026-08-00254,Desa Impian Setia Kuala,A-37-19,Teres 1 Tingkat,Kuala Selangor,Selangor,45690,917,393000,2026-08-14,B2
TX-2026-08-02857,Pangsapuri Cempaka Wangi Klang,C-16-17,Teres 1 Tingkat,Klang,Selangor,41472,1369,784500,2026-08-12,B5
TX-2026-08-00644,Desa Bukit Harmoni Petaling,F-02-10,Kondominium,Petaling,Selangor,47507,1474,893000,2026-08-03,B5
TX-2026-08-01004,Desa Seri Melati Kuala,F-16-07,Kondominium,Kuala Lumpur,W.P. Kuala Lumpur,53014,1462,1243000,2026-08-08,B5
TX-2026-08-02796,Taman Bukit Harmoni Gombak,F-12-05,Berkembar 2 Tingkat,Gombak,Selangor,68014,3400,1617000,2026-08-15,B2
TX-2026-08-02153,Taman Bukit Harmoni Klang,C-24-11,Berkembar 2 Tingkat,Klang,Selangor,41022,3276,792000,2026-08-28,B1
TX-2026-08-01214,Pangsapuri Kenanga Sari Petaling,B-19-18,Teres 1 Tingkat,Petaling,Selangor,46952,1343,588000,2026-08-28,B3
TX-2026-08-02213,Pangsapuri Cempaka Wangi Klang,A-15-17,Kondominium,Klang,Selangor,41838,1252,571000,2026-08-07,B1
TX-2026-08-01481,Pangsapuri Kenanga Sari Petaling,G-19-21,Pangsapuri,DAERAH PETALING,Selangor,47799,907,561000,2026-08-28,B3
TX-2026-08-02626,Bandar Damai Indah Hulu,E-34-21,Berkembar 2 Tingkat,Hulu Langat,Selangor,43305,2370,728000,2026-08-25,B3
TX-2026-08-00892,Taman Warisan Murni Gombak,F-32-19,Kondominium,Gombak,Selangor,68016,945,354000,2026-08-19,B2
TX-2026-08-02419,Pangsapuri Suria Bayu Kuala,E-22-15,Teres 1 Tingkat,Kuala Lumpur,W.P. Kuala Lumpur,56504,1285,839000,2026-08-01,B1
TX-2026-08-02180,Desa Warisan Murni Petaling,G-37-04,Kondominium,Petaling,Selangor,47799,1436,632500,2026-08-26,B3
TX-2026-08-00855,Taman Putra Perdana Hulu,C-31-22,Pangsapuri,Hulu Selangor,Selangor,44212,585,115000,2026-08-08,B4
TX-2026-08-00503,Kondominium Putra Perdana Petaling,E-07-19,Kondominium,Petaling,Selangor,46017,891,667500,2026-08-01,B3
TX-2026-08-02050,Desa Warisan Murni Petaling,B-35-22,Teres 2 Tingkat,Petaling,Selangor,46389,1589,826500,2026-08-04,B4
TX-2026-08-01311,Pangsapuri Tasik Permai Gombak,G-12-09,Berkembar 2 Tingkat,Gombak,Selangor,68082,3091,1797500,2026-08-31,B2
TX-2026-08-00382,Desa Bukit Harmoni Petaling,G-18-18,Kondominium,Petaling,Selangor,47056,1520,908000,2026-08-13,B1
TX-2026-08-01747,Desa Bukit Harmoni Petaling,B-35-08,Banglo,DAERAH PETALING,Selangor,47077,3844,2571000,2026-08-25,B3
TX-2026-08-02727,Residensi Seri Melati Kuala,C-20-02,Banglo,Kuala Lumpur,W.P. Kuala Lumpur,55218,4857,4306500,2026-08-15,B5
TX-2026-08-00160,Pangsapuri Cempaka Wangi Klang,D-13-07,Pangsapuri,Klang,Selangor,41692,760,385000,2026-08-16,B3
TX-2026-08-00611,Residensi Mutiara Sentosa Kuala,B-13-20,Pangsapuri,Kuala Langat,Selangor,42698,838,381000,2026-08-16,B1
TX-2026-08-00124,Kondominium Putra Perdana Petaling,C-15-13,Kondominium,Petaling,Selangor,47244,944,491000,2026-08-13,B2
TX-2026-08-01429,Desa Warisan Murni Petaling,A-12-08,Kondominium,Petaling,Selangor,46709,1513,847500,2026-08-29,B3
TX-2026-08-00193,Desa Warisan Murni Petaling,B-34-10,Kondominium,Petaling,Selangor,46381,1124,565500,2026-08-09,B3
TX-2026-08-01195,Taman Bukit Harmoni Klang,A-11-19,Teres 2 Tingkat,Klang,Selangor,41712,2209,1041500,2026-08-07,B2
TX-2026-08-02860,Residensi Seri Melati Kuala,A-24-23,Pangsapuri,Kuala Lumpur,W.P. Kuala Lumpur,52577,771,466000,2026-08-25,B1
TX-2026-08-01590,Kondominium Cempaka Wangi Sepang,D-15-07,Berkembar 2 Tingkat,Sepang,Selangor,63093,3389,1356500,2026-08-02,B4
TX-2026-08-00725,Kondominium Impian Setia Petaling,B-11-06,Kondominium,Petaling,Selangor,46703,793,685500,2026-08-18,B2
TX-2026-08-01690,Kondominium Kenanga Sari Sepang,D-36-07,Teres 2 Tingkat,Sepang,Selangor,63174,2112,1209000,2026-08-12,B4
TX-2026-08-02907,Desa Kenanga Sari Hulu,A-23-11,Teres 1 Tingkat,Hulu Langat,Selangor,43037,977,311000,2026-08-29,B2
TX-2026-08-00920,Kondominium Damai Indah Petaling,G-22-08,Berkembar 2 Tingkat,Petaling,Selangor,47084,3181,1463000,2026-08-20,B1
TX-2026-08-01194,Taman Kenanga Sari Kuala,A-35-20,Teres 2 Tingkat,Kuala Langat,Selangor,42610,2126,593000,2026-08-10,B2
TX-2026-08-00894,Taman Anggerik Jaya Kuala,F-09-21,Pangsapuri,DAERAH KUALA LUMPUR,W.P. Kuala Lumpur,54843,754,478500,2026-08-14,B1
TX-2026-08-02741,Bandar Bukit Harmoni Hulu,A-01-13,Teres 1 Tingkat,Hulu Selangor,Selangor,44146,1002,220500,2026-08-23,B3
TX-2026-08-02040,Kondominium Mutiara Sentosa Gombak,A-17-19,Berkembar 2 Tingkat,Gombak,Selangor,68093,2939,1357000,2026-08-10,B5
TX-2026-08-01245,Taman Damai Indah Sabak,E-08-10,Berkembar 2 Tingkat,Sabak Bernam,Selangor,45210,3343,632,2026-08-23,B3
TX-2026-08-02979,Desa Impian Setia Klang,D-20-20,Teres 2 Tingkat,Klang,Selangor,41700,1769,590500,2026-08-03,B2
TX-2026-08-00997,Kondominium Putra Perdana Petaling,G-31-13,Berkembar 2 Tingkat,Petaling,Selangor,46257,2765,1387500,2026-08-17,B1
TX-2026-08-00569,Bandar Anggerik Jaya Petaling,D-15-06,Berkembar 2 Tingkat,Petaling,Selangor,46856,2869,1274000,2026-08-23,B6
TX-2026-08-00178,Desa Impian Setia Klang,A-11-02,Kondominium,Klang,Selangor,41490,1433,435000,2026-08-02,B5
TX-2026-08-00317,Pangsapuri Kenanga Sari Hulu,C-21-02,Berkembar 2 Tingkat,Hulu Selangor,Selangor,44213,2959,838000,2026-08-02,B3
TX-2026-08-00973,Taman Putra Perdana Hulu,G-16-14,Pangsapuri,Hulu Selangor,Selangor,44262,645,208500,2026-08-08,B1
TX-2026-08-02342,Bandar Kenanga Sari Kuala,F-25-13,Berkembar 2 Tingkat,DAERAH KUALA LUMPUR,W.P. Kuala Lumpur,55631,2531,1376500,2026-08-11,B2
TX-2026-08-00242,Taman Bukit Harmoni Klang,A-36-19,Pangsapuri,Klang,Selangor,41165,719,427000,2026-08-03,B5
TX-2026-08-00096,Desa Seri Melati Kuala,C-21-09,Pangsapuri,Kuala Lumpur,W.P. Kuala Lumpur,59935,576,374500,2026-08-01,B5
TX-2026-08-02746,Pangsapuri Kenanga Sari Petaling,C-08-15,Banglo,Petaling,Selangor,46540,4010,1393000,2026-08-21,B6
TX-2026-08-01571,Residensi Mutiara Sentosa Kuala,A-17-13,Teres 2 Tingkat,Kuala Langat,Selangor,42653,1727,436000,2026-08-12,B1
TX-2026-08-01164,Taman Kenanga Sari Klang,D-09-15,Berkembar 2 Tingkat,Klang,Selangor,41958,3003,1173500,2026-08-22,B5
TX-2026-08-01720,Taman Warisan Murni Gombak,A-11-01,Pangsapuri,Gombak,Selangor,68055,595,289000,2026-08-26,B4
TX-2026-08-02229,Residensi Putra Perdana Hulu,A-12-16,Teres 2 Tingkat,Hulu Selangor,Selangor,44076,1661,520500,2026-08-07,B3
TX-2026-08-02362,Desa Impian Setia Kuala,E-25-05,Teres 2 Tingkat,Kuala Selangor,Selangor,45750,2395,481000,2026-08-17,B2
TX-2026-08-00616,Taman Seri Melati Hulu,D-10-21,Berkembar 2 Tingkat,Hulu Langat,Selangor,43220,2894,833500,2026-08-02,B3
TX-2026-08-01244,Desa Bukit Harmoni Petaling,C-01-03,Berkembar 2 Tingkat,DAERAH PETALING,Selangor,47198,2422,887500,2026-08-20,B2
TX-2026-08-02339,Desa Bukit Harmoni Petaling,F-06-10,Teres 1 Tingkat,Petaling,Selangor,47408,1255,839000,2026-08-17,B5
TX-2026-08-01886,Bandar Anggerik Jaya Hulu,C-17-08,Teres 1 Tingkat,Hulu Langat,Selangor,43499,1263,527000,2026-08-26,B6
TX-2026-08-01475,Desa Warisan Murni Petaling,F-23-18,Kondominium,Petaling,Selangor,46100,772,429500,2026-08-03,B2
TX-2026-08-00994,Bandar Anggerik Jaya Petaling,E-05-04,Berkembar 2 Tingkat,Petaling,Selangor,47599,2415,1257000,2026-08-07,B4
TX-2026-08-02064,Kondominium Putra Perdana Petaling,B-11-19,Kondominium,Petaling,Selangor,47478,1342,616500,2026-08-07,B2
TX-2026-08-01465,Taman Bukit Harmoni Klang,B-20-02,Kondominium,Klang,Selangor,41840,1205,467000,2026-08-25,B1
TX-2026-08-00020,Kondominium Mutiara Sentosa Hulu,B-11-10,Pangsapuri,Hulu Langat,Selangor,43206,701,280500,2026-08-31,B5
TX-2026-08-02877,Bandar Anggerik Jaya Petaling,F-29-21,Kondominium,Petaling,Selangor,46291,758,409000,2026-08-13,B2
TX-2026-08-00484,Desa Seri Melati Kuala,B-25-17,Banglo,Kuala Lumpur,W.P. Kuala Lumpur,52984,4781,5097000,2026-08-22,B4
TX-2026-08-01085,Taman Tasik Permai Klang,C-24-23,Pangsapuri,Klang,Selangor,41779,616,247000,2026-08-08,B5
TX-2026-08-02222,Residensi Damai Indah Sepang,C-28-07,Banglo,Sepang,Selangor,63007,4225,1516500,2026-08-09,B4
TX-2026-08-01606,Taman Bukit Harmoni Gombak,G-24-23,Banglo,Gombak,Selangor,68086,3765,1316500,2026-08-18,B1
TX-2026-08-01914,Pangsapuri Kenanga Sari Kuala,B-15-24,Teres 2 Tingkat,Kuala Selangor,Selangor,45643,2170,893000,2026-08-08,B1
TX-2026-08-02215,Taman Warisan Murni Gombak,B-03-01,Pangsapuri,Gombak,Selangor,68030,706,214500,2026-08-27,B4
TX-2026-08-01281,Pangsapuri Putra Perdana Kuala,A-24-03,Teres 2 Tingkat,Kuala Selangor,Selangor,45780,2395,965500,2026-08-24,B4
TX-2026-08-00285,Taman Kenanga Sari Kuala,C-36-05,Banglo,DAERAH KUALA LUMPUR,W.P. Kuala Lumpur,58271,3296,2364500,2026-08-09,B3
TX-2026-08-00521,Kondominium Kenanga Sari Hulu,A-24-11,Berkembar 2 Tingkat,Hulu Langat,Selangor,43002,2732,1017000,2026-08-19,B3
TX-2026-08-00697,Kondominium Mutiara Sentosa Hulu,F-25-13,Teres 1 Tingkat,Hulu Langat,Selangor,43182,949,419000,2026-08-31,B3
TX-2026-08-02597,Kondominium Impian Setia Petaling,D-02-19,Teres 1 Tingkat,Petaling,Selangor,47629,1070,506000,2026-08-11,B6
TX-2026-08-02602,Taman Kenanga Sari Kuala,C-10-14,Teres 2 Tingkat,Kuala Langat,Selangor,42594,1509,330500,2026-08-21,B5
TX-2026-08-00219,Desa Bukit Harmoni Petaling,G-25-16,Kondominium,Petaling,Selangor,46596,1495,855500,2026-08-14,B3
TX-2026-08-02803,Desa Impian Setia Klang,G-19-13,Pangsapuri,Klang,Selangor,41988,664,266000,2026-08-29,B5
TX-2026-08-00319,Desa Putra Perdana Klang,G-18-17,Berkembar 2 Tingkat,DAERAH KLANG,Selangor,41136,2881,1178500,2026-08-29,B1
TX-2026-08-02992,Bandar Kenanga Sari Kuala,A-21-02,Banglo,Kuala Lumpur,W.P. Kuala Lumpur,59310,2833,2104500,2026-08-22,B1
TX-2026-08-00930,Bandar Anggerik Jaya Petaling,C-21-12,Kondominium,Petaling,Selangor,46580,767,333500,2026-08-20,B4
TX-2026-08-00041,Pangsapuri Kenanga Sari Petaling,F-23-18,Pangsapuri,Petaling,Selangor,47431,669,348000,2026-08-15,B2
TX-2026-08-02086,Bandar Anggerik Jaya Petaling,A-38-20,Teres 1 Tingkat,Petaling,Selangor,46768,988,603000,2026-08-24,B5
TX-2026-08-01485,Bandar Anggerik Jaya Petaling,A-37-18,Berkembar 2 Tingkat,Petaling,Selangor,46621,3220,1819500,2026-08-14,B6
TX-2026-08-01268,Bandar Tasik Permai Kuala,B-32-23,Kondominium,Kuala Selangor,Selangor,45725,765,238500,2026-08-29,B3
TX-2026-08-00111,Kondominium Impian Setia Petaling,F-24-04,Kondominium,Petaling,Selangor,47616,1432,744500,2026-08-22,B4
TX-2026-08-02482,Desa Putra Perdana Klang,E-04-24,Pangsapuri,Klang,Selangor,41819,919,291000,2026-08-07,B5
TX-2026-08-00423,Taman Bukit Harmoni Gombak,G-30-22,Berkembar 2 Tingkat,Gombak,Selangor,68025,3390,1539000,2026-08-03,B2
TX-2026-08-01400,Bandar Kenanga Sari Kuala,A-27-16,Pangsapuri,DAERAH KUALA LUMPUR,W.P. Kuala Lumpur,55702,577,312000,2026-08-06,B3
TX-2026-08-01854,Residensi Seri Melati Kuala,F-11-15,Kondominium,Kuala Lumpur,W.P. Kuala Lumpur,53559,845,438500,2026-08-11,B2
TX-2026-08-02036,Kondominium Impian Setia Petaling,F-13-01,Teres 2 Tingkat,DAERAH PETALING,Selangor,47041,2110,1068500,2026-08-14,B5
TX-2026-08-00393,Taman Kenanga Sari Klang,E-05-20,Kondominium,Klang,Selangor,42031,1297,661500,2026-08-15,B2
TX-2026-08-02214,Pangsapuri Tasik Permai Gombak,D-10-17,Banglo,Gombak,Selangor,68096,2886,1156000,2026-08-08,B6
TX-2026-08-02390,Taman Tasik Permai Klang,E-20-13,Kondominium,Klang,Selangor,41079,1237,468500,13/08/2026,B5
TX-2026-08-01066,Residensi Seri Melati Kuala,E-38-17,Banglo,Kuala Lumpur,W.P. Kuala Lumpur,52713,4344,2755000,2026-08-05,B1
TX-2026-08-00150,Kondominium Kenanga Sari Sepang,C-01-03,Kondominium,Sepang,Selangor,63131,1491,581500,2026-08-09,B6
TX-2026-08-01110,Kondominium Cempaka Wangi Sepang,C-09-17,Kondominium,Sepang,Selangor,63020,1240,482500,2026-08-14,B6
TX-2026-08-01677,Desa Kenanga Sari Hulu,D-20-23,Pangsapuri,DAERAH HULU LANGAT,Selangor,43043,636,276500,2026-08-17,B4
TX-2026-08-01301,Kondominium Kenanga Sari Hulu,B-27-10,Kondominium,DAERAH HULU LANGAT,Selangor,43009,759,459000,2026-08-21,B6
TX-2026-08-00552,Bandar Kenanga Sari Kuala,G-22-22,Kondominium,DAERAH KUALA LUMPUR,W.P. Kuala Lumpur,59677,1361,901500,2026-08-24,B5
TX-2026-08-00662,Kondominium Putra Perdana Petaling,F-28-09,Banglo,Petaling,Selangor,46027,5094,3125500,2026-08-29,B2
TX-2026-08-01608,Pangsapuri Seri Melati Hulu,B-05-14,Kondominium,Hulu Langat,Selangor,43025,914,504000,2026-08-22,B1
TX-2026-08-00727,Pangsapuri Putra Perdana Kuala,C-29-24,Teres 1 Tingkat,Kuala Selangor,Selangor,45759,1023,219500,2026-08-30,B6
TX-2026-08-00140,Desa Warisan Murni Petaling,E-20-15,Pangsapuri,Petaling,Selangor,47410,563,293000,2026-08-07,B2
TX-2026-08-02764,Taman Tasik Permai Klang,A-04-12,Teres 2 Tingkat,Klang,Selangor,42212,2239,1048000,2026-08-08,B1
TX-2026-08-01732,Desa Kenanga Sari Hulu,E-30-16,Banglo,Hulu Langat,Selangor,43465,4393,1646000,2026-08-17,B2
TX-2026-08-02031,Pangsapuri Kenanga Sari Petaling,D-14-13,Teres 1 Tingkat,DAERAH PETALING,Selangor,47390,1054,533000,2026-08-29,B4
TX-2026-08-02088,Pangsapuri Suria Bayu Kuala,D-17-14,Teres 1 Tingkat,DAERAH KUALA LUMPUR,W.P. Kuala Lumpur,51438,1171,854500,2026-08-25,B6
TX-2026-08-02677,Bandar Kenanga Sari Kuala,E-28-19,Pangsapuri,Kuala Lumpur,W.P. Kuala Lumpur,50926,880,593000,2026-08-09,B2
TX-2026-08-00256,Taman Anggerik Jaya Kuala,G-06-13,Kondominium,Kuala Lumpur,W.P. Kuala Lumpur,59955,1289,834000,2026-08-09,B4
TX-2026-08-02679,Kondominium Mutiara Sentosa Gombak,B-07-10,Kondominium,Gombak,Selangor,68083,854,587000,2026-08-26,B5
TX-2026-08-02763,Bandar Bukit Harmoni Hulu,F-14-06,Kondominium,Hulu Selangor,Selangor,44041,1224,326500,2026-08-19,B4
TX-2026-08-00443,Desa Impian Setia Kuala,A-20-04,Banglo,Kuala Selangor,Selangor,45655,3337,895500,2026-08-02,B4
TX-2026-08-01846,Taman Bukit Harmoni Gombak,D-05-04,Berkembar 2 Tingkat,Gombak,Selangor,68002,2406,1226000,2026-08-31,B5
TX-2026-08-01005,Desa Putra Perdana Klang,G-09-18,Berkembar 2 Tingkat,Klang,Selangor,42032,2492,670000,2026-08-10,B6
TX-2026-08-00972,Desa Bukit Harmoni Petaling,B-17-15,Banglo,DAERAH PETALING,Selangor,46596,3542,1973500,2026-08-13,B3
TX-2026-08-00002,Kondominium Damai Indah Petaling,D-04-09,Kondominium,Petaling,Selangor,46369,872,453500,2026-08-31,B4
TX-2026-08-02708,Taman Suria Bayu Kuala,D-17-14,Teres 1 Tingkat,DAERAH KUALA SELANGOR,Selangor,45795,1255,333000,2026-08-23,B2
TX-2026-08-00822,Desa Bukit Harmoni Petaling,A-18-10,Kondominium,Petaling,Selangor,46904,1293,576000,2026-08-19,B1
TX-2026-08-00200,Pangsapuri Seri Melati Hulu,G-01-13,Kondominium,Hulu Langat,Selangor,43263,951,429500,2026-08-06,B5
TX-2026-08-02774,Desa Seri Melati Kuala,F-04-20,Pangsapuri,DAERAH KUALA LUMPUR,W.P. Kuala Lumpur,55700,613,380500,2026-08-28,B5
TX-2026-08-00340,Bandar Anggerik Jaya Petaling,G-35-17,Banglo,Petaling,Selangor,46314,4469,2216000,2026-08-23,B3
TX-2026-08-01014,Kondominium Putra Perdana Petaling,E-03-04,Teres 1 Tingkat,Petaling,Selangor,46505,1200,504000,2026-08-27,B1
TX-2026-08-01034,Pangsapuri Suria Bayu Kuala,E-19-22,Pangsapuri,DAERAH KUALA LUMPUR,W.P. Kuala Lumpur,53115,569,350000,2026-08-07,B6
TX-2026-08-01373,Pangsapuri Kenanga Sari Petaling,E-38-11,Banglo,DAERAH PETALING,Selangor,47335,2897,1683000,2026-08-25,B5
TX-2026-08-01538,Desa Mutiara Sentosa Klang,G-01-14,Pangsapuri,Klang,Selangor,41081,556,156500,2026-08-19,B6
TX-2026-08-01835,Pangsapuri Kenanga Sari Petaling,C-10-18,Teres 2 Tingkat,DAERAH PETALING,Selangor,46884,1737,853500,2026-08-02,B4
TX-2026-08-02781,Desa Bukit Harmoni Petaling,A-07-08,Kondominium,DAERAH PETALING,Selangor,46072,1561,775500,2026-08-04,B5
TX-2026-08-00147,Desa Anggerik Jaya Sepang,E-28-02,Kondominium,Sepang,Selangor,63242,1371,534500,2026-08-01,B2
TX-2026-08-00062,Taman Seri Melati Hulu,A-07-13,Kondominium,Hulu Langat,Selangor,43244,1017,407000,2026-08-22,B1
TX-2026-08-01499,Taman Putra Perdana Hulu,A-32-08,Teres 1 Tingkat,Hulu Selangor,Selangor,44105,1009,277000,2026-08-20,B2
TX-2026-08-02732,Bandar Kenanga Sari Kuala,C-31-03,Berkembar 2 Tingkat,Kuala Lumpur,W.P. Kuala Lumpur,55993,2896,1808000,2026-08-10,B6
TX-2026-08-02485,Taman Warisan Murni Gombak,B-11-23,Pangsapuri,Gombak,Selangor,68046,923,452000,2026-08-31,B3
TX-2026-08-01142,Taman Damai Indah Sabak,D-20-20,Pangsapuri,Sabak Bernam,Selangor,45381,761,175000,2026-08-14,B2
TX-2026-08-01362,Desa Seri Melati Kuala,G-05-13,Pangsapuri,Kuala Lumpur,W.P. Kuala Lumpur,56416,928,765500,2026-08-21,B1
TX-2026-08-02300,Desa Impian Setia Kuala,D-11-04,Berkembar 2 Tingkat,DAERAH KUALA SELANGOR,Selangor,45640,2207,497500,2026-08-30,B4
TX-2026-08-00629,Desa Mutiara Sentosa Klang,F-36-04,Teres 1 Tingkat,Klang,Selangor,42171,906,344000,2026-08-30,B3
TX-2026-08-01155,Kondominium Impian Setia Petaling,A-34-14,Teres 2 Tingkat,Petaling,Selangor,46767,1405,729500,2026-08-02,B6
TX-2026-08-02416,Bandar Mutiara Sentosa Kuala,A-17-23,Teres 2 Tingkat,Kuala Lumpur,W.P. Kuala Lumpur,58498,1623,1258500,2026-08-15,B5
TX-2026-08-01424,Pangsapuri Warisan Murni Kuala,G-19-04,Banglo,Kuala Langat,Selangor,42790,4839,1570000,2026-08-03,B2
TX-2026-08-02123,Kondominium Kenanga Sari Sepang,A-06-03,Pangsapuri,Sepang,Selangor,63159,713,235500,2026-08-05,B1
TX-2026-08-01259,Kondominium Damai Indah Sabak,G-05-15,Berkembar 2 Tingkat,Sabak Bernam,Selangor,45334,2344,676000,2026-08-06,B5
TX-2026-08-01869,Kondominium Putra Perdana Petaling,E-14-07,Berkembar 2 Tingkat,Petaling,Selangor,46637,3244,1856500,2026-08-19,B6
TX-2026-08-01203,Pangsapuri Cempaka Wangi Klang,F-04-19,Berkembar 2 Tingkat,Klang,Selangor,42151,2398,804500,2026-08-24,B6
TX-2026-08-02076,Taman Warisan Murni Hulu,F-09-03,Teres 1 Tingkat,Hulu Selangor,Selangor,44248,1193,395000,2026-08-06,B6
TX-2026-08-00781,Pangsapuri Mutiara Sentosa Kuala,D-02-17,Teres 2 Tingkat,Kuala Selangor,Selangor,45788,1519,458500,2026-08-19,B4
TX-2026-08-00815,Pangsapuri Kenanga Sari Kuala,E-33-02,Teres 1 Tingkat,Kuala Selangor,Selangor,45763,1293,375000,2026-08-03,B3
TX-2026-08-01264,Residensi Kenanga Sari Sepang,C-05-20,Kondominium,Sepang,Selangor,63020,1044,313000,2026-08-08,B4
TX-2026-08-01990,Desa Warisan Murni Petaling,B-27-15,Kondominium,DAERAH PETALING,Selangor,46987,1271,658500,2026-08-25,B2
TX-2026-08-00803,Desa Kenanga Sari Hulu,F-25-23,Teres 2 Tingkat,Hulu Langat,Selangor,43186,1763,605500,2026-08-28,B4
TX-2026-08-01471,Bandar Kenanga Sari Kuala,D-30-08,Berkembar 2 Tingkat,Kuala Lumpur,W.P. Kuala Lumpur,57589,3091,2349500,2026-08-01,B1
TX-2026-08-01149,Desa Warisan Murni Petaling,G-27-06,Pangsapuri,Petaling,Selangor,47072,933,690500,2026-08-13,B4
TX-2026-08-02951,Kondominium Damai Indah Petaling,A-13-19,Berkembar 2 Tingkat,Petaling,Selangor,47057,3380,1454000,2026-08-26,B2
TX-2026-08-00099,Kondominium Cempaka Wangi Sepang,E-04-03,Kondominium,Sepang,Selangor,63139,860,335500,2026-08-01,B6
TX-2026-08-01845,Kondominium Damai Indah Petaling,A-25-03,Berkembar 2 Tingkat,Petaling,Selangor,47710,2978,1397500,2026-08-25,B4
TX-2026-08-00460,Desa Putra Perdana Klang,D-25-17,Teres 2 Tingkat,Klang,Selangor,41341,2281,1066000,2026-08-06,B3
TX-2026-08-00161,Kondominium Impian Setia Gombak,E-01-24,Pangsapuri,Gombak,Selangor,68068,628,235500,2026-08-21,B2
TX-2026-08-02841,Desa Putra Perdana Klang,C-29-01,Teres 2 Tingkat,DAERAH KLANG,Selangor,42196,1681,474000,2026-08-08,B3
TX-2026-08-01866,Bandar Suria Bayu Kuala,G-05-15,Pangsapuri,Kuala Langat,Selangor,42550,778,193000,2026-08-13,B2
TX-2026-08-01774,Kondominium Mutiara Sentosa Hulu,C-04-17,Banglo,Hulu Langat,Selangor,43349,3196,1640500,2026-08-13,B1
TX-2026-08-00699,Kondominium Damai Indah Petaling,E-29-02,Pangsapuri,Petaling,Selangor,47710,945,536500,2026-08-23,B3
TX-2026-08-01378,Pangsapuri Suria Bayu Kuala,G-29-21,Kondominium,DAERAH KUALA LUMPUR,W.P. Kuala Lumpur,59845,1344,1076000,2026-08-15,B3
TX-2026-08-02685,Desa Anggerik Jaya Sepang,F-02-23,Teres 1 Tingkat,Sepang,Selangor,63203,1034,422500,2026-08-26,B3
TX-2026-08-02377,Desa Bukit Harmoni Petaling,A-28-10,Berkembar 2 Tingkat,Petaling,Selangor,46979,2695,1109000,2026-08-25,B1
TX-2026-08-01671,Bandar Anggerik Jaya Petaling,C-08-02,Teres 1 Tingkat,Petaling,Selangor,46008,1251,580500,2026-08-14,B4
TX-2026-08-02052,Desa Warisan Murni Petaling,A-03-08,Banglo,DAERAH PETALING,Selangor,46250,4921,3770500,2026-08-08,B4
TX-2026-08-02982,Desa Impian Setia Klang,B-10-21,Teres 2 Tingkat,Klang,Selangor,41223,2321,662500,2026-08-25,B4
TX-2026-08-01229,Bandar Anggerik Jaya Petaling,G-02-23,Kondominium,Petaling,Selangor,46261,1392,563000,2026-08-02,B3
TX-2026-08-01376,Bandar Putra Perdana Hulu,D-17-03,Kondominium,Hulu Selangor,Selangor,44150,859,248500,2026-08-12,B2
TX-2026-08-02895,Taman Bukit Harmoni Sabak,G-19-21,Teres 2 Tingkat,DAERAH SABAK BERNAM,Selangor,45331,1752,390000,2026-08-23,B2
TX-2026-08-00170,Kondominium Kenanga Sari Sepang,C-35-12,Teres 1 Tingkat,DAERAH SEPANG,Selangor,63248,1066,343000,2026-08-01,B5
TX-2026-08-00326,Desa Mutiara Sentosa Klang,F-33-01,Pangsapuri,DAERAH KLANG,Selangor,41351,605,289000,2026-08-06,B3
TX-2026-08-01172,Residensi Mutiara Sentosa Kuala,B-28-07,Teres 2 Tingkat,Kuala Langat,Selangor,42738,1449,630000,2026-08-14,B2
TX-2026-08-01327,Residensi Seri Melati Kuala,B-23-17,Teres 1 Tingkat,Kuala Lumpur,W.P. Kuala Lumpur,57419,954,656500,2026-08-27,B5
TX-2026-08-00614,Taman Suria Bayu Kuala,C-31-01,Teres 1 Tingkat,DAERAH KUALA SELANGOR,Selangor,45734,1278,347500,2026-08-03,B3
TX-2026-08-01200,Desa Mutiara Sentosa Klang,D-06-07,Berkembar 2 Tingkat,DAERAH KLANG,Selangor,41564,2299,836500,2026-08-05,B6
TX-2026-08-00509,Bandar Anggerik Jaya Hulu,E-36-14,Kondominium,Hulu Langat,Selangor,43363,1589,574000,2026-08-14,B2
TX-2026-08-01502,Kondominium Putra Perdana Petaling,C-34-01,Kondominium,Petaling,Selangor,47060,1408,796500,2026-08-14,B3
TX-2026-08-02987,Kondominium Kenanga Sari Sepang,E-23-18,Teres 1 Tingkat,Sepang,Selangor,63188,1017,438000,2026-08-19,B1
TX-2026-08-02793,Bandar Anggerik Jaya Hulu,E-10-22,Teres 1 Tingkat,Hulu Langat,Selangor,43130,1292,491000,2026-08-20,B4
TX-2026-08-00046,Desa Seri Melati Kuala,E-33-10,Kondominium,Kuala Lumpur,W.P. Kuala Lumpur,58895,1480,962000,2026-08-01,B6
TX-2026-08-02500,Residensi Mutiara Sentosa Kuala,F-29-16,Teres 1 Tingkat,Kuala Langat,Selangor,42531,1334,424000,2026-08-30,B5
TX-2026-08-00791,Pangsapuri Seri Melati Hulu,B-16-13,Banglo,Hulu Langat,Selangor,43440,4808,2013000,2026-08-15,B3
TX-2026-08-01212,Taman Tasik Permai Klang,B-27-02,Pangsapuri,Klang,Selangor,41502,893,481500,2026-08-16,B5
TX-2026-08-01813,Desa Tasik Permai Sepang,A-38-09,Berkembar 2 Tingkat,Sepang,Selangor,63064,2696,837000,2026-08-16,B5
TX-2026-08-02780,Residensi Seri Melati Kuala,E-01-10,Pangsapuri,DAERAH KUALA LUMPUR,W.P. Kuala Lumpur,56757,759,393000,2026-08-20,B4
TX-2026-08-02471,Kondominium Damai Indah Petaling,F-07-07,Teres 1 Tingkat,DAERAH PETALING,Selangor,46288,1299,809000,2026-08-30,B4
TX-2026-08-01708,Taman Kenanga Sari Gombak,F-18-16,Pangsapuri,Gombak,Selangor,68014,567,254500,2026-08-12,B2
TX-2026-08-01099,Pangsapuri Kenanga Sari Petaling,C-33-21,Kondominium,DAERAH PETALING,Selangor,46855,1306,585500,2026-08-04,B6
TX-2026-08-02795,Taman Kenanga Sari Gombak,B-30-10,Teres 1 Tingkat,Gombak,Selangor,68082,1266,407500,2026-08-24,B3
TX-2026-08-00291,Pangsapuri Suria Bayu Kuala,B-21-14,Banglo,Kuala Lumpur,W.P. Kuala Lumpur,57218,3730,1682500,2026-08-05,B6
TX-2026-08-01067,Taman Kenanga Sari Kuala,G-38-12,Kondominium,DAERAH KUALA LUMPUR,W.P. Kuala Lumpur,56253,1589,1342500,2026-08-19,B3
TX-2026-08-00303,Desa Mutiara Sentosa Klang,A-23-03,Pangsapuri,Klang,Selangor,41116,573,194000,28/08/2026,B4
TX-2026-08-02622,Desa Anggerik Jaya Kuala,B-30-12,Teres 2 Tingkat,Kuala Langat,Selangor,42615,2233,684500,2026-08-06,B5
TX-2026-08-02286,Desa Kenanga Sari Hulu,B-03-04,Berkembar 2 Tingkat,Hulu Langat,Selangor,43437,3059,1415500,2026-08-31,B2
TX-2026-08-00351,Desa Cempaka Wangi Gombak,E-25-12,Kondominium,Gombak,Selangor,68088,779,374000,2026-08-05,B2
TX-2026-08-00559,Kondominium Kenanga Sari Sepang,C-12-24,Pangsapuri,Sepang,Selangor,63216,822,246000,2026-08-30,B5
TX-2026-08-02474,Kondominium Cempaka Wangi Sepang,G-28-24,Kondominium,Sepang,Selangor,63048,774,289500,2026-08-25,B2
TX-2026-08-02536,Taman Anggerik Jaya Kuala,C-09-03,Kondominium,Kuala Lumpur,W.P. Kuala Lumpur,53451,930,487500,2026-08-23,B6
TX-2026-08-01971,Pangsapuri Tasik Permai Gombak,C-12-03,Berkembar 2 Tingkat,Gombak,Selangor,68091,3018,1013500,2026-08-31,B6
TX-2026-08-02874,Pangsapuri Suria Bayu Kuala,E-22-24,Berkembar 2 Tingkat,DAERAH KUALA LUMPUR,W.P. Kuala Lumpur,56204,2543,1748000,2026-08-14,B5
TX-2026-08-01519,Taman Anggerik Jaya Kuala,C-01-01,Berkembar 2 Tingkat,Kuala Lumpur,W.P. Kuala Lumpur,59416,2974,1794000,2026-08-27,B6
TX-2026-08-01996,Pangsapuri Suria Bayu Sepang,D-37-19,Teres 1 Tingkat,Sepang,Selangor,63128,1081,469000,2026-08-30,B2
TX-2026-08-02630,Pangsapuri Kenanga Sari Petaling,C-05-06,Teres 2 Tingkat,Petaling,Selangor,47084,1991,923000,2026-08-14,B2
TX-2026-08-00087,Desa Kenanga Sari Hulu,G-19-08,Pangsapuri,Hulu Langat,Selangor,43386,739,295500,2026-08-02,B6
TX-2026-08-00015,Taman Kenanga Sari Kuala,F-15-05,Pangsapuri,Kuala Lumpur,W.P. Kuala Lumpur,51513,715,465000,2026-08-04,B2
TX-2026-08-01386,Taman Damai Indah Sabak,G-11-01,Teres 1 Tingkat,Sabak Bernam,Selangor,45315,1085,183,2026-08-22,B4
TX-2026-08-02402,Pangsapuri Suria Bayu Kuala,F-20-16,Pangsapuri,Kuala Lumpur,W.P. Kuala Lumpur,57097,798,452000,2026-08-06,B1
TX-2026-08-01561,Desa Kenanga Sari Hulu,E-11-09,Pangsapuri,Hulu Langat,Selangor,43138,713,350500,2026-08-19,B1
TX-2026-08-00080,Bandar Damai Indah Hulu,D-20-17,Kondominium,Hulu Langat,Selangor,43307,1492,597000,2026-08-12,B6
TX-2026-08-00647,Desa Putra Perdana Klang,D-31-22,Berkembar 2 Tingkat,DAERAH KLANG,Selangor,41030,2279,1351000,2026-08-19,B3
TX-2026-08-02199,Kondominium Kenanga Sari Hulu,A-01-02,Berkembar 2 Tingkat,Hulu Langat,Selangor,43034,3036,1016000,2026-08-12,B2
TX-2026-08-00639,Kondominium Kenanga Sari Hulu,F-16-11,Teres 1 Tingkat,Hulu Langat,Selangor,43448,917,285000,2026-08-02,B2
TX-2026-08-00301,Kondominium Mutiara Sentosa Gombak,D-16-04,Banglo,DAERAH GOMBAK,Selangor,68096,3514,930500,2026-08-22,B4
TX-2026-08-02538,Desa Bukit Harmoni Petaling,F-07-11,Banglo,Petaling,Selangor,46171,3223,1478000,2026-08-04,B1
TX-2026-08-01418,Desa Warisan Murni Petaling,A-33-15,Teres 2 Tingkat,DAERAH PETALING,Selangor,47002,1724,972000,2026-08-27,B3
TX-2026-08-02970,Desa Warisan Murni Petaling,G-11-01,Berkembar 2 Tingkat,Petaling,Selangor,46317,2888,1762000,2026-08-06,B4
TX-2026-08-02285,Pangsapuri Warisan Murni Kuala,D-05-21,Pangsapuri,Kuala Langat,Selangor,42507,617,186500,2026-08-11,B5
TX-2026-08-00466,Residensi Damai Indah Sepang,A-11-12,Berkembar 2 Tingkat,Sepang,Selangor,63118,3251,1490000,2026-08-22,B4
TX-2026-08-01596,Desa Bukit Harmoni Petaling,A-02-20,Berkembar 2 Tingkat,Petaling,Selangor,46991,3044,1445000,2026-08-14,B5
TX-2026-08-02738,Kondominium Damai Indah Petaling,D-02-20,Banglo,DAERAH PETALING,Selangor,46380,4350,2854000,2026-08-31,B2
TX-2026-08-01143,Taman Anggerik Jaya Kuala,D-38-17,Teres 2 Tingkat,Kuala Lumpur,W.P. Kuala Lumpur,59875,1994,1480000,2026-08-01,B2
TX-2026-08-00670,Kondominium Putra Perdana Petaling,E-05-04,Banglo,Petaling,Selangor,46010,3416,2029500,2026-08-16,B4
TX-2026-08-02049,Pangsapuri Kenanga Sari Petaling,F-13-24,Teres 1 Tingkat,Petaling,Selangor,46530,1148,391500,2026-08-01,B3
TX-2026-08-00911,Desa Mutiara Sentosa Klang,E-37-23,Banglo,Klang,Selangor,41588,4489,1693000,2026-08-31,B1
TX-2026-08-00667,Kondominium Impian Setia Gombak,A-30-19,Banglo,DAERAH GOMBAK,Selangor,68061,4417,1465500,2026-08-12,B2
TX-2026-08-01319,Pangsapuri Kenanga Sari Hulu,C-18-20,Pangsapuri,Hulu Selangor,Selangor,44206,857,281000,2026-08-13,B3
TX-2026-08-00059,Residensi Kenanga Sari Sepang,F-11-09,Kondominium,Sepang,Selangor,63140,1047,408500,2026-08-26,B6
TX-2026-08-00249,Desa Impian Setia Klang,F-12-19,Pangsapuri,DAERAH KLANG,Selangor,42096,784,360000,2026-08-14,B5
TX-2026-08-01797,Kondominium Seri Melati Sabak,A-13-08,Teres 2 Tingkat,Sabak Bernam,Selangor,45249,2371,497000,2026-08-05,B2
TX-2026-08-00831,Taman Bukit Harmoni Sabak,E-23-22,Teres 1 Tingkat,Sabak Bernam,Selangor,45152,1276,247000,2026-08-26,B1
TX-2026-08-01206,Taman Kenanga Sari Kuala,A-31-12,Teres 2 Tingkat,Kuala Lumpur,W.P. Kuala Lumpur,58410,2067,1015000,2026-08-19,B1
TX-2026-08-02787,Taman Suria Bayu Kuala,G-17-06,Banglo,DAERAH KUALA SELANGOR,Selangor,45761,3279,807500,2026-08-03,B6
TX-2026-08-00958,Residensi Seri Melati Kuala,A-01-08,Pangsapuri,DAERAH KUALA LUMPUR,W.P. Kuala Lumpur,57849,722,487500,2026-08-03,B4
TX-2026-08-00364,Taman Anggerik Jaya Kuala,D-21-14,Kondominium,Kuala Lumpur,W.P. Kuala Lumpur,57493,939,919000,2026-08-17,B5
TX-2026-08-01881,Desa Putra Perdana Klang,C-09-14,Banglo,Klang,Selangor,41820,3195,1096500,2026-08-17,B1
TX-2026-08-01303,Bandar Mutiara Sentosa Kuala,C-23-02,Teres 1 Tingkat,Kuala Lumpur,W.P. Kuala Lumpur,50900,1124,497000,2026-08-14,B6
TX-2026-08-00515,Desa Kenanga Sari Kuala,G-08-01,Teres 2 Tingkat,DAERAH KUALA LANGAT,Selangor,42661,2035,710000,2026-08-08,B6
TX-2026-08-01554,Taman Tasik Permai Klang,B-30-20,Banglo,Klang,Selangor,41449,4364,1458500,2026-08-29,B1
TX-2026-08-02908,Bandar Mutiara Sentosa Kuala,G-23-14,Teres 1 Tingkat,Kuala Lumpur,W.P. Kuala Lumpur,58414,941,555000,2026-08-21,B4
TX-2026-08-00948,Pangsapuri Kenanga Sari Petaling,E-29-12,Kondominium,Petaling,Selangor,46091,1098,483500,2026-08-29,B1
TX-2026-08-02613,Desa Warisan Murni Petaling,G-38-18,Berkembar 2 Tingkat,Petaling,Selangor,47413,2565,1106000,2026-08-06,B3
TX-2026-08-02244,Taman Seri Melati Hulu,G-36-23,Pangsapuri,Hulu Langat,Selangor,43389,850,556000,2026-08-22,B2
TX-2026-08-00206,Residensi Mutiara Sentosa Kuala,B-32-11,Banglo,Kuala Langat,Selangor,42592,3052,860000,2026-08-16,B3
TX-2026-08-01783,Desa Cempaka Wangi Gombak,C-07-09,Berkembar 2 Tingkat,Gombak,Selangor,68021,2339,1104000,2026-08-10,B1
TX-2026-08-01916,Pangsapuri Warisan Murni Kuala,F-12-09,Kondominium,Kuala Langat,Selangor,42585,965,245000,2026-08-26,B1
TX-2026-08-01170,Taman Anggerik Jaya Kuala,G-36-16,Teres 2 Tingkat,Kuala Lumpur,W.P. Kuala Lumpur,59746,2059,1435000,2026-08-11,B5
TX-2026-08-01686,Residensi Mutiara Sentosa Kuala,G-01-07,Kondominium,Kuala Langat,Selangor,42558,1193,398000,2026-08-20,B1
TX-2026-08-00529,Residensi Kenanga Sari Sepang,E-06-06,Pangsapuri,Sepang,Selangor,63300,788,257000,2026-08-10,B3
TX-2026-08-00844,Pangsapuri Seri Melati Kuala,E-33-12,Pangsapuri,DAERAH KUALA SELANGOR,Selangor,45656,693,170500,2026-08-29,B6
TX-2026-08-00914,Taman Kenanga Sari Kuala,A-27-21,Kondominium,Kuala Lumpur,W.P. Kuala Lumpur,59145,1235,761500,2026-08-28,B6
TX-2026-08-00008,Kondominium Putra Perdana Petaling,C-15-05,Pangsapuri,Petaling,Selangor,47696,808,420000,2026-08-20,B3
TX-2026-08-01298,Kondominium Kenanga Sari Sepang,A-24-03,Berkembar 2 Tingkat,Sepang,Selangor,71803,3248,1252500,2026-08-21,B5
TX-2026-08-02498,Desa Bukit Harmoni Petaling,A-03-02,Teres 1 Tingkat,DAERAH PETALING,Selangor,46652,1181,665000,2026-08-02,B2
TX-2026-08-02651,Pangsapuri Cempaka Wangi Klang,B-14-04,Kondominium,Klang,Selangor,41742,1316,678500,2026-08-25,B5
TX-2026-08-01415,Kondominium Impian Setia Petaling,G-16-16,Kondominium,Petaling,Selangor,47686,925,665500,2026-08-31,B6
TX-2026-08-02318,Desa Anggerik Jaya Kuala,G-09-09,Teres 1 Tingkat,Kuala Langat,Selangor,42653,1223,454000,2026-08-02,B1
TX-2026-08-01441,Desa Bukit Harmoni Petaling,A-29-05,Banglo,Petaling,Selangor,46869,3861,1886500,2026-08-02,B2
TX-2026-08-02660,Bandar Kenanga Sari Kuala,B-23-10,Teres 2 Tingkat,Kuala Lumpur,W.P. Kuala Lumpur,53749,1495,1447000,2026-08-15,B3
TX-2026-08-01450,Kondominium Mutiara Sentosa Gombak,B-12-18,Teres 2 Tingkat,DAERAH GOMBAK,Selangor,68097,2257,1206500,2026-08-17,B4
TX-2026-08-02234,Bandar Anggerik Jaya Petaling,G-03-19,Kondominium,Petaling,Selangor,46341,848,487500,2026-08-24,B5
TX-2026-08-02535,Bandar Kenanga Sari Kuala,C-27-16,Teres 2 Tingkat,Kuala Lumpur,W.P. Kuala Lumpur,53917,2235,1767000,2026-08-04,B4
TX-2026-08-01219,Taman Kenanga Sari Kuala,E-03-14,Kondominium,Kuala Lumpur,W.P. Kuala Lumpur,51718,1471,1426500,2026-08-01,B1
TX-2026-08-01160,Pangsapuri Suria Bayu Kuala,B-23-14,Pangsapuri,Kuala Lumpur,W.P. Kuala Lumpur,50104,640,448000,2026-08-12,B4
TX-2026-08-00565,Taman Kenanga Sari Kuala,E-07-03,Berkembar 2 Tingkat,Kuala Lumpur,W.P. Kuala Lumpur,57043,2691,2278000,2026-08-30,B5
TX-2026-08-00018,Residensi Kenanga Sari Sepang,E-33-23,Kondominium,Sepang,Selangor,63299,1022,398500,2026-08-18,B3
TX-2026-08-00689,Taman Putra Perdana Hulu,A-30-16,Kondominium,Hulu Selangor,Selangor,44262,1488,556000,2026-08-30,B2
TX-2026-08-02623,Desa Kenanga Sari Hulu,C-29-08,Banglo,Hulu Langat,Selangor,43277,5043,1993000,2026-08-02,B1
TX-2026-08-01240,Pangsapuri Seri Melati Kuala,D-15-23,Kondominium,Kuala Selangor,Selangor,45650,794,284500,2026-08-26,B3
TX-2026-08-00244,Pangsapuri Tasik Permai Gombak,E-02-04,Berkembar 2 Tingkat,DAERAH GOMBAK,Selangor,68075,2811,1181500,2026-08-22,B3
TX-2026-08-02319,Pangsapuri Kenanga Sari Petaling,D-17-05,Berkembar 2 Tingkat,Petaling,Selangor,46996,2753,1410500,2026-08-04,B2
TX-2026-08-02519,Pangsapuri Seri Melati Hulu,D-27-11,Berkembar 2 Tingkat,Hulu Langat,Selangor,43221,2743,1235000,2026-08-24,B5
TX-2026-08-02968,Kondominium Impian Setia Petaling,A-22-03,Banglo,DAERAH PETALING,Selangor,46134,4034,1979000,2026-08-16,B4
TX-2026-08-01372,Taman Damai Indah Sabak,D-04-01,Teres 2 Tingkat,Sabak Bernam,Selangor,45153,2273,493000,2026-08-23,B6
TX-2026-08-01174,Desa Putra Perdana Klang,A-13-19,Berkembar 2 Tingkat,DAERAH KLANG,Selangor,41332,2822,958500,2026-08-05,B5
TX-2026-08-01210,Bandar Mutiara Sentosa Kuala,G-16-02,Kondominium,Kuala Lumpur,W.P. Kuala Lumpur,54375,1065,944500,2026-08-22,B6
TX-2026-08-01322,Bandar Damai Indah Hulu,F-28-06,Pangsapuri,Hulu Langat,Selangor,43035,556,382000,2026-08-09,B3
TX-2026-08-02279,Kondominium Impian Setia Petaling,E-12-12,Banglo,Petaling,Selangor,46887,3737,2731000,2026-08-24,B4
TX-2026-08-01427,Kondominium Kenanga Sari Sepang,F-23-01,Kondominium,Sepang,Selangor,63050,1483,786500,2026-08-04,B1
TX-2026-08-00439,Pangsapuri Seri Melati Kuala,C-06-20,Kondominium,Kuala Selangor,Selangor,45748,979,262500,2026-08-13,B4
TX-2026-08-00496,Pangsapuri Kenanga Sari Kuala,G-27-16,Berkembar 2 Tingkat,Kuala Selangor,Selangor,45708,3245,869500,2026-08-07,B4
TX-2026-08-02004,Desa Anggerik Jaya Kuala,A-33-21,Teres 1 Tingkat,Kuala Langat,Selangor,42584,1223,298500,2026-08-27,B4
TX-2026-08-00839,Taman Putra Perdana Hulu,B-27-11,Berkembar 2 Tingkat,Hulu Selangor,Selangor,44089,2813,1078500,2026-08-21,B5
TX-2026-08-02642,Residensi Seri Melati Kuala,C-28-03,Kondominium,Kuala Lumpur,W.P. Kuala Lumpur,55653,1189,600000,2026-08-27,B5
TX-2026-08-02149,Residensi Seri Melati Kuala,G-11-02,Pangsapuri,Kuala Lumpur,W.P. Kuala Lumpur,54313,595,669500,2026-08-06,B5
TX-2026-08-01693,Kondominium Putra Perdana Petaling,A-16-16,Kondominium,Petaling,Selangor,47588,1405,719500,2026-08-08,B1
TX-2026-08-00187,Kondominium Impian Setia Petaling,G-13-01,Teres 1 Tingkat,DAERAH PETALING,Selangor,46069,957,599500,2026-08-20,B4
TX-2026-08-01198,Taman Kenanga Sari Kuala,A-28-14,Teres 2 Tingkat,Kuala Lumpur,W.P. Kuala Lumpur,52587,1457,843500,2026-08-26,B3
TX-2026-08-00955,Taman Bukit Harmoni Sabak,G-23-10,Banglo,Sabak Bernam,Selangor,45209,5192,1229500,2026-08-20,B6
TX-2026-08-00125,Kondominium Putra Perdana Petaling,C-35-18,Kondominium,Petaling,Selangor,47653,944,491000,2026-08-13,B6
TX-2026-08-02935,Taman Kenanga Sari Kuala,G-17-11,Banglo,Kuala Langat,Selangor,42521,4377,1447000,2026-08-09,B6
TX-2026-08-00250,Taman Kenanga Sari Kuala,B-02-04,Kondominium,Kuala Lumpur,W.P. Kuala Lumpur,56301,846,644000,2026-08-07,B2
TX-2026-08-00778,Kondominium Mutiara Sentosa Hulu,F-24-10,Teres 1 Tingkat,Hulu Langat,Selangor,43137,1064,414500,2026-08-15,B5
TX-2026-08-00612,Desa Impian Setia Klang,F-32-01,Teres 2 Tingkat,DAERAH KLANG,Selangor,41819,1627,684000,2026-08-18,B2
TX-2026-08-01324,Taman Bukit Harmoni Klang,G-21-11,Kondominium,DAERAH KLANG,Selangor,41827,1085,572500,2026-08-01,B6
TX-2026-08-02596,Bandar Mutiara Sentosa Kuala,E-14-17,Pangsapuri,Kuala Lumpur,W.P. Kuala Lumpur,52100,579,212000,2026-08-09,B2
TX-2026-08-01050,Pangsapuri Cempaka Wangi Klang,G-30-01,Kondominium,Klang,Selangor,42165,759,293500,2026-08-17,B6
TX-2026-08-02490,Bandar Anggerik Jaya Hulu,D-12-24,Pangsapuri,Hulu Langat,Selangor,43253,786,395500,2026-08-31,B5
TX-2026-08-00909,Pangsapuri Suria Bayu Kuala,C-10-19,Berkembar 2 Tingkat,Kuala Lumpur,W.P. Kuala Lumpur,50460,2801,1561500,2026-08-29,B5
TX-2026-08-02479,Taman Seri Melati Hulu,A-18-07,Teres 1 Tingkat,Hulu Langat,Selangor,43471,1034,711000,2026-08-29,B6
TX-2026-08-02897,Desa Kenanga Sari Hulu,A-32-12,Banglo,Hulu Langat,Selangor,43389,3286,1133500,2026-08-29,B6
TX-2026-08-02011,Taman Kenanga Sari Kuala,A-11-23,Banglo,Kuala Lumpur,W.P. Kuala Lumpur,50429,4920,3863000,2026-08-11,B5
TX-2026-08-02047,Bandar Mutiara Sentosa Kuala,E-16-22,Teres 2 Tingkat,Kuala Lumpur,W.P. Kuala Lumpur,52310,2359,1558000,2026-08-14,B3
TX-2026-08-01501,Bandar Anggerik Jaya Petaling,E-27-04,Banglo,Petaling,Selangor,46644,3801,1920000,2026-08-26,B4
TX-2026-08-00009,Kondominium Putra Perdana Petaling,A-37-18,Pangsapuri,Petaling,Selangor,46481,808,420000,2026-08-20,B4
TX-2026-08-00270,Kondominium Damai Indah Petaling,G-19-01,Kondominium,Petaling,Selangor,46992,952,825000,2026-08-27,B4
TX-2026-08-01527,Bandar Kenanga Sari Kuala,D-06-19,Pangsapuri,Kuala Lumpur,W.P. Kuala Lumpur,58343,754,498500,2026-08-29,B6
TX-2026-08-00632,Bandar Kenanga Sari Kuala,G-21-16,Pangsapuri,DAERAH KUALA LUMPUR,W.P. Kuala Lumpur,56450,701,552500,2026-08-26,B6
TX-2026-08-00116,Taman Seri Melati Hulu,F-19-12,Kondominium,Hulu Langat,Selangor,43232,1594,637500,2026-08-10,B4
TX-2026-08-01482,Bandar Anggerik Jaya Petaling,C-15-11,Teres 1 Tingkat,DAERAH PETALING,Selangor,46705,1314,718000,2026-08-26,B6
TX-2026-08-01346,Pangsapuri Seri Melati Hulu,D-36-08,Teres 1 Tingkat,Hulu Langat,Selangor,43074,933,447000,2026-08-27,B5
TX-2026-08-00910,Pangsapuri Putra Perdana Kuala,C-34-15,Banglo,DAERAH KUALA SELANGOR,Selangor,45683,3058,910000,2026-08-04,B3
TX-2026-08-01795,Desa Mutiara Sentosa Klang,B-27-06,Teres 2 Tingkat,Klang,Selangor,42045,1759,716000,2026-08-10,B6
TX-2026-08-02373,Kondominium Mutiara Sentosa Gombak,C-03-21,Kondominium,Gombak,Selangor,68045,1334,833000,2026-08-11,B1
TX-2026-08-01562,Desa Seri Melati Kuala,A-21-14,Kondominium,Kuala Lumpur,W.P. Kuala Lumpur,59531,843,469500,2026-08-13,B6
TX-2026-08-02941,Kondominium Putra Perdana Petaling,B-23-24,Teres 2 Tingkat,Petaling,Selangor,46083,2246,1384000,2026-08-27,B5
TX-2026-08-02636,Taman Tasik Permai Klang,A-03-17,Berkembar 2 Tingkat,Klang,Selangor,41343,2831,1068500,2026-08-07,B5
TX-2026-08-01933,Taman Kenanga Sari Kuala,A-12-23,Pangsapuri,DAERAH KUALA LUMPUR,W.P. Kuala Lumpur,54906,572,401500,2026-08-28,B6
TX-2026-08-01093,Residensi Seri Melati Kuala,C-31-10,Berkembar 2 Tingkat,Kuala Lumpur,W.P. Kuala Lumpur,59350,3281,2083000,2026-08-19,B3
TX-2026-08-00438,Desa Warisan Murni Petaling,B-20-19,Pangsapuri,Petaling,Selangor,46899,652,292000,2026-08-15,B2
TX-2026-08-01437,Pangsapuri Cempaka Wangi Klang,C-14-22,Teres 1 Tingkat,Klang,Selangor,41363,1199,515500,2026-08-30,B5
TX-2026-08-02960,Taman Kenanga Sari Klang,A-29-14,Pangsapuri,Klang,Selangor,41913,660,175500,2026-08-26,B2
TX-2026-08-01524,Pangsapuri Kenanga Sari Petaling,E-37-13,Teres 1 Tingkat,Petaling,Selangor,46532,1042,652000,2026-08-11,B5
TX-2026-08-00969,Taman Kenanga Sari Kuala,D-20-19,Kondominium,Kuala Lumpur,W.P. Kuala Lumpur,56382,1141,654500,2026-08-17,B6
TX-2026-08-01440,Taman Warisan Murni Gombak,D-26-20,Teres 1 Tingkat,Gombak,Selangor,68082,1187,488500,2026-08-24,B5
TX-2026-08-02277,Desa Impian Setia Klang,F-23-03,Berkembar 2 Tingkat,Klang,Selangor,41842,3092,1206500,2026-08-22,B1
TX-2026-08-02915,Bandar Anggerik Jaya Hulu,F-04-13,Teres 2 Tingkat,DAERAH HULU LANGAT,Selangor,43317,1406,611500,2026-08-10,B2
TX-2026-08-02834,Bandar Anggerik Jaya Petaling,C-16-18,Banglo,Petaling,Selangor,46478,4966,1868500,2026-08-22,B6
TX-2026-08-02496,Taman Suria Bayu Kuala,A-17-15,Berkembar 2 Tingkat,Kuala Selangor,Selangor,45709,3019,641000,2026-08-16,B2
TX-2026-08-00963,Taman Seri Melati Hulu,D-33-23,Teres 1 Tingkat,Hulu Langat,Selangor,43062,1076,482500,2026-08-16,B2
TX-2026-08-01968,Bandar Kenanga Sari Kuala,F-03-08,Pangsapuri,Kuala Lumpur,W.P. Kuala Lumpur,50221,616,357500,2026-08-24,B6
TX-2026-08-02910,Pangsapuri Suria Bayu Sepang,A-04-02,Banglo,Sepang,Selangor,63032,2853,1482500,2026-08-21,B2
TX-2026-08-00126,Kondominium Putra Perdana Petaling,B-10-10,Kondominium,Petaling,Selangor,46619,944,491000,2026-08-13,B5
TX-2026-08-02481,Bandar Damai Indah Hulu,C-11-07,Kondominium,DAERAH HULU LANGAT,Selangor,43143,1581,505000,2026-08-10,B3
TX-2026-08-02701,Desa Tasik Permai Sepang,F-01-22,Teres 2 Tingkat,Sepang,Selangor,63217,1728,402000,2026-08-22,B1
TX-2026-08-01283,Pangsapuri Putra Perdana Hulu,E-10-08,Pangsapuri,DAERAH HULU SELANGOR,Selangor,44272,731,193000,2026-08-15,B3
TX-2026-08-02505,Pangsapuri Tasik Permai Gombak,D-14-14,Berkembar 2 Tingkat,Gombak,Selangor,68070,2690,1466000,2026-08-31,B6
TX-2026-08-00107,Pangsapuri Suria Bayu Sepang,B-38-03,Pangsapuri,Sepang,Selangor,63172,651,254000,2026-08-10,B5
TX-2026-08-01296,Bandar Damai Indah Hulu,B-22-14,Banglo,Hulu Langat,Selangor,43075,4408,1610500,2026-08-25,B4
TX-2026-08-00469,Residensi Kenanga Sari Sepang,G-09-13,Banglo,Sepang,Selangor,63104,3821,1587000,2026-08-30,B1
TX-2026-08-00283,Pangsapuri Seri Melati Hulu,F-27-14,Kondominium,Hulu Langat,Selangor,43028,1198,549500,2026-08-13,B3
TX-2026-08-00852,Desa Cempaka Wangi Gombak,C-20-05,Banglo,Gombak,Selangor,68057,3895,1548500,2026-08-27,B1
TX-2026-08-01181,Residensi Putra Perdana Hulu,D-11-17,Teres 1 Tingkat,Hulu Selangor,Selangor,44265,1206,394000,2026-08-07,B2
TX-2026-08-02678,Kondominium Mutiara Sentosa Hulu,E-38-23,Teres 1 Tingkat,DAERAH HULU LANGAT,Selangor,43390,1170,388500,2026-08-19,B6
TX-2026-08-02559,Residensi Putra Perdana Hulu,D-05-22,Kondominium,Hulu Selangor,Selangor,44139,1346,340000,2026-08-14,B3
TX-2026-08-01635,Residensi Damai Indah Sepang,E-32-04,Banglo,DAERAH SEPANG,Selangor,63130,4565,1984500,2026-08-26,B4
TX-2026-08-02905,Desa Mutiara Sentosa Sabak,E-18-18,Teres 2 Tingkat,Sabak Bernam,Selangor,45314,1708,326500,2026-08-13,B5
TX-2026-08-00483,Kondominium Kenanga Sari Hulu,C-36-23,Pangsapuri,Hulu Langat,Selangor,43188,927,322000,2026-08-23,B4
TX-2026-08-02138,Desa Anggerik Jaya Sepang,C-34-24,Pangsapuri,DAERAH SEPANG,Selangor,63101,662,147000,2026-08-01,B3
TX-2026-08-00596,Kondominium Kenanga Sari Hulu,B-24-17,Pangsapuri,Hulu Langat,Selangor,43223,572,225500,2026-08-26,B4
TX-2026-08-02134,Bandar Mutiara Sentosa Kuala,B-20-01,Pangsapuri,Kuala Lumpur,W.P. Kuala Lumpur,58842,710,357000,2026-08-01,B5
TX-2026-08-02152,Kondominium Putra Perdana Petaling,F-10-06,Banglo,DAERAH PETALING,Selangor,46143,3193,2482000,2026-08-19,B4
TX-2026-08-02209,Taman Anggerik Jaya Kuala,B-09-14,Pangsapuri,DAERAH KUALA LUMPUR,W.P. Kuala Lumpur,59651,755,381000,2026-08-31,B6
TX-2026-08-00877,Taman Suria Bayu Kuala,F-33-14,Teres 1 Tingkat,Kuala Selangor,Selangor,45777,1246,363000,2026-08-25,B5
TX-2026-08-02946,Bandar Damai Indah Hulu,A-15-24,Teres 2 Tingkat,Hulu Langat,Selangor,43397,1907,652500,2026-08-13,B4
TX-2026-08-01796,Residensi Damai Indah Sepang,C-02-23,Teres 1 Tingkat,Sepang,Selangor,63178,1397,436500,2026-08-06,B3
TX-2026-08-00672,Bandar Putra Perdana Hulu,A-06-24,Pangsapuri,Hulu Selangor,Selangor,44280,841,238000,2026-08-16,B3
TX-2026-08-00698,Pangsapuri Tasik Permai Gombak,A-03-01,Teres 2 Tingkat,Gombak,Selangor,68020,1632,702500,2026-08-25,B3
TX-2026-08-00582,Taman Anggerik Jaya Kuala,G-36-09,Kondominium,Kuala Lumpur,W.P. Kuala Lumpur,51164,1111,592000,2026-08-26,B6
TX-2026-08-00143,Kondominium Damai Indah Petaling,G-38-05,Pangsapuri,Petaling,Selangor,46761,893,464500,2026-08-07,B4
TX-2026-08-00027,Kondominium Cempaka Wangi Sepang,F-28-02,Kondominium,Sepang,Selangor,63120,931,363000,2026-08-15,B2
TX-2026-08-00383,Kondominium Impian Setia Gombak,C-09-12,Berkembar 2 Tingkat,Gombak,Selangor,68035,3008,1021000,2026-08-18,B1
TX-2026-08-01503,Desa Warisan Murni Petaling,C-20-14,Pangsapuri,DAERAH PETALING,Selangor,46107,665,507000,2026-08-06,B5
TX-2026-08-01089,Taman Warisan Murni Hulu,B-22-23,Berkembar 2 Tingkat,Hulu Selangor,Selangor,44003,2245,480000,2026-08-04,B1
TX-2026-08-02171,Desa Kenanga Sari Hulu,A-23-06,Pangsapuri,Hulu Langat,Selangor,43027,854,371000,2026-08-02,B6
TX-2026-08-01216,Pangsapuri Kenanga Sari Kuala,G-33-18,Banglo,Kuala Selangor,Selangor,45748,3952,846000,2026-08-26,B5
TX-2026-08-01612,Kondominium Impian Setia Gombak,D-10-02,Banglo,Gombak,Selangor,68031,3958,2095000,2026-08-30,B3
TX-2026-08-00263,Residensi Kenanga Sari Sepang,E-10-06,Pangsapuri,Sepang,Selangor,63142,587,182000,2026-08-26,B6
TX-2026-08-00198,Residensi Mutiara Sentosa Kuala,G-17-11,Berkembar 2 Tingkat,Kuala Langat,Selangor,42695,2900,932000,2026-08-01,B1
TX-2026-08-01936,Desa Impian Setia Klang,C-33-24,Berkembar 2 Tingkat,Klang,Selangor,41397,2369,845500,2026-08-07,B4
TX-2026-08-01964,Kondominium Cempaka Wangi Sepang,G-22-13,Pangsapuri,Sepang,Selangor,63096,847,349000,2026-08-19,B6
TX-2026-08-01451,Kondominium Damai Indah Petaling,C-35-07,Teres 1 Tingkat,Petaling,Selangor,47490,1160,490000,2026-08-22,B4
TX-2026-08-01389,Pangsapuri Cempaka Wangi Klang,C-29-21,Teres 1 Tingkat,Klang,Selangor,41578,1374,510500,2026-08-17,B1
TX-2026-08-01773,Pangsapuri Putra Perdana Hulu,A-21-15,Teres 2 Tingkat,Hulu Selangor,Selangor,44284,1541,434000,2026-08-07,B6
TX-2026-08-02488,Pangsapuri Mutiara Sentosa Kuala,C-13-01,Teres 1 Tingkat,Kuala Selangor,Selangor,45676,1384,490000,2026-08-14,B5
TX-2026-08-01966,Taman Bukit Harmoni Klang,E-23-16,Pangsapuri,DAERAH KLANG,Selangor,41840,713,290500,2026-08-23,B4
TX-2026-08-02765,Desa Bukit Harmoni Petaling,F-26-07,Banglo,Petaling,Selangor,47710,3794,1622500,2026-08-01,B6
TX-2026-08-02483,Taman Kenanga Sari Klang,C-14-02,Pangsapuri,Klang,Selangor,42260,563,174000,2026-08-14,B6
TX-2026-08-00067,Kondominium Putra Perdana Petaling,D-24-17,Kondominium,Petaling,Selangor,47157,1259,654500,2026-08-06,B6
TX-2026-08-01076,Taman Tasik Permai Klang,D-38-19,Pangsapuri,DAERAH KLANG,Selangor,41288,588,261500,2026-08-18,B2
TX-2026-08-02237,Kondominium Putra Perdana Petaling,E-25-11,Pangsapuri,Petaling,Selangor,47737,935,535500,2026-08-07,B3
TX-2026-08-00793,Kondominium Impian Setia Petaling,B-11-09,Teres 2 Tingkat,Petaling,Selangor,47808,1678,650500,2026-08-26,B2
TX-2026-08-02259,Desa Seri Melati Kuala,G-06-09,Teres 2 Tingkat,Kuala Lumpur,W.P. Kuala Lumpur,57945,1941,857000,2026-08-18,B4
TX-2026-08-02376,Pangsapuri Suria Bayu Kuala,C-08-23,Teres 1 Tingkat,Kuala Lumpur,W.P. Kuala Lumpur,54959,1245,869500,2026-08-08,B6
TX-2026-08-02365,Pangsapuri Cempaka Wangi Klang,D-03-10,Teres 1 Tingkat,DAERAH KLANG,Selangor,42002,1263,434500,2026-08-02,B2
TX-2026-08-00562,Pangsapuri Suria Bayu Kuala,D-02-18,Banglo,Kuala Lumpur,W.P. Kuala Lumpur,59326,5055,3539000,2026-08-22,B4
TX-2026-08-02546,Taman Kenanga Sari Klang,G-23-21,Berkembar 2 Tingkat,Klang,Selangor,42265,3023,1254500,2026-08-21,B3
TX-2026-08-00290,Kondominium Putra Perdana Petaling,F-01-03,Banglo,DAERAH PETALING,Selangor,47739,4233,2088000,2026-08-13,B6
TX-2026-08-02506,Desa Kenanga Sari Hulu,C-10-15,Banglo,Hulu Langat,Selangor,43183,3633,2148000,31/08/2026,B3
TX-2026-08-01847,Kondominium Impian Setia Gombak,A-24-16,Pangsapuri,DAERAH GOMBAK,Selangor,68048,601,230000,2026-08-05,B4
TX-2026-08-02436,Desa Kenanga Sari Hulu,B-02-08,Pangsapuri,Hulu Langat,Selangor,43455,684,358000,2026-08-12,B3
TX-2026-08-01190,Pangsapuri Suria Bayu Kuala,A-26-10,Banglo,Kuala Lumpur,W.P. Kuala Lumpur,57200,4655,3016500,2026-08-22,B5
TX-2026-08-01008,Taman Kenanga Sari Klang,D-26-02,Berkembar 2 Tingkat,DAERAH KLANG,Selangor,41059,3064,946500,2026-08-16,B4
TX-2026-08-02764,Taman Tasik Permai Klang,A-04-12,Teres 2 Tingkat,Klang,Selangor,42212,2239,1048000,2026-08-08,B1
TX-2026-08-01411,Kondominium Kenanga Sari Sepang,E-08-01,Teres 2 Tingkat,Sepang,Selangor,63120,1960,673500,2026-08-20,B1
TX-2026-08-02851,Residensi Mutiara Sentosa Kuala,G-10-19,Kondominium,Kuala Langat,Selangor,42758,960,278000,2026-08-22,B4
TX-2026-08-02608,Desa Anggerik Jaya Kuala,C-09-10,Pangsapuri,DAERAH KUALA LANGAT,Selangor,42508,756,286000,2026-08-14,B6
TX-2026-08-02305,Kondominium Damai Indah Petaling,C-21-18,Pangsapuri,Petaling,Selangor,47375,685,471000,2026-08-11,B5
TX-2026-08-01533,Desa Warisan Murni Petaling,D-08-10,Teres 2 Tingkat,Petaling,Selangor,46899,2120,1496000,2026-08-28,B5
TX-2026-08-02398,Pangsapuri Kenanga Sari Petaling,E-20-05,Berkembar 2 Tingkat,Petaling,Selangor,47408,3176,2122500,2026-08-11,B1
TX-2026-08-02069,Residensi Damai Indah Sepang,D-17-15,Berkembar 2 Tingkat,Sepang,Selangor,63097,3169,1081000,2026-08-18,B5
TX-2026-08-00758,Pangsapuri Seri Melati Kuala,G-20-19,Pangsapuri,DAERAH KUALA SELANGOR,Selangor,45654,620,160000,2026-08-25,B4
TX-2026-08-00594,Desa Impian Setia Klang,F-32-17,Banglo,Klang,Selangor,41719,5047,2200000,2026-08-21,B5
TX-2026-08-00692,Residensi Mutiara Sentosa Kuala,B-30-13,Kondominium,Kuala Langat,Selangor,42540,1166,419000,2026-08-29,B4
TX-2026-08-01169,Taman Bukit Harmoni Gombak,D-15-20,Kondominium,Gombak,Selangor,68044,1079,284000,2026-08-23,B3
TX-2026-08-00485,Residensi Kenanga Sari Sepang,E-30-18,Teres 1 Tingkat,Sepang,Selangor,63186,1387,814500,2026-08-19,B5
TX-2026-08-01539,Pangsapuri Tasik Permai Gombak,E-26-17,Berkembar 2 Tingkat,DAERAH GOMBAK,Selangor,68093,3267,1262500,2026-08-08,B3
TX-2026-08-00029,Desa Seri Melati Kuala,B-16-18,Kondominium,Kuala Lumpur,W.P. Kuala Lumpur,53261,1482,963500,2026-08-09,B3
TX-2026-08-00024,Kondominium Impian Setia Petaling,G-25-11,Pangsapuri,Petaling,Selangor,47570,853,443500,2026-08-23,B5
TX-2026-08-00205,Kondominium Mutiara Sentosa Hulu,A-34-07,Berkembar 2 Tingkat,DAERAH HULU LANGAT,Selangor,43346,2830,1276500,2026-08-24,B1
TX-2026-08-01236,Taman Anggerik Jaya Kuala,C-26-11,Teres 2 Tingkat,DAERAH KUALA LUMPUR,W.P. Kuala Lumpur,58193,2196,1188000,2026-08-13,B4
TX-2026-08-00666,Bandar Mutiara Sentosa Kuala,G-07-14,Banglo,Kuala Lumpur,W.P. Kuala Lumpur,55401,3265,1948000,2026-08-22,B4
TX-2026-08-01780,Bandar Anggerik Jaya Hulu,C-02-18,Banglo,Hulu Langat,Selangor,43227,3422,1470500,2026-08-26,B1
TX-2026-08-00850,Taman Bukit Harmoni Gombak,D-19-05,Teres 1 Tingkat,Gombak,Selangor,68057,1239,601000,2026-08-06,B5
TX-2026-08-02896,Bandar Anggerik Jaya Hulu,B-13-10,Teres 2 Tingkat,Hulu Langat,Selangor,43004,2246,799000,2026-08-03,B1
TX-2026-08-00491,Pangsapuri Kenanga Sari Kuala,C-36-14,Kondominium,Kuala Selangor,Selangor,45728,1447,379000,2026-08-05,B2
TX-2026-08-01733,Kondominium Impian Setia Petaling,D-21-14,Kondominium,DAERAH PETALING,Selangor,47452,1585,808500,2026-08-28,B1
TX-2026-08-02001,Taman Kenanga Sari Gombak,C-30-23,Teres 2 Tingkat,Gombak,Selangor,68001,2106,895500,2026-08-03,B1
TX-2026-08-02792,Desa Warisan Murni Petaling,D-31-01,Pangsapuri,Petaling,Selangor,47723,790,439500,2026-08-20,B2
TX-2026-08-02766,Bandar Anggerik Jaya Hulu,E-24-24,Pangsapuri,Hulu Langat,Selangor,43116,550,259500,2026-08-17,B6
TX-2026-08-00807,Pangsapuri Suria Bayu Kuala,C-37-06,Kondominium,Kuala Lumpur,W.P. Kuala Lumpur,54570,1205,612000,2026-08-14,B2
TX-2026-08-02669,Kondominium Seri Melati Sabak,E-17-14,Kondominium,Sabak Bernam,Selangor,45202,1342,211500,2026-08-06,B1
TX-2026-08-02798,Pangsapuri Kenanga Sari Petaling,D-24-13,Banglo,Petaling,Selangor,47537,3468,1377500,2026-08-09,B6
TX-2026-08-02553,Pangsapuri Kenanga Sari Petaling,D-27-16,Teres 2 Tingkat,Petaling,Selangor,46114,2138,1050000,2026-08-18,B4
TX-2026-08-01829,Taman Tasik Permai Klang,C-31-21,Banglo,DAERAH KLANG,Selangor,41634,3637,1581500,2026-08-20,B2
TX-2026-08-00373,Kondominium Damai Indah Petaling,D-11-03,Pangsapuri,Petaling,Selangor,46015,800,463000,2026-08-15,B6
TX-2026-08-01490,Desa Impian Setia Klang,B-37-20,Banglo,Klang,Selangor,41485,4362,1851000,2026-08-19,B3
TX-2026-08-01100,Desa Bukit Harmoni Petaling,A-34-09,Kondominium,Petaling,Selangor,47076,934,570500,2026-08-05,B3
TX-2026-08-00331,Bandar Tasik Permai Kuala,A-24-06,Kondominium,Kuala Selangor,Selangor,45693,1527,503000,2026-08-25,B2
TX-2026-08-00675,Taman Kenanga Sari Gombak,F-26-23,Pangsapuri,Gombak,Selangor,68065,715,339500,2026-08-16,B1
TX-2026-08-01711,Desa Bukit Harmoni Petaling,C-33-23,Teres 1 Tingkat,Petaling,Selangor,47266,1036,816000,2026-08-01,B5
TX-2026-08-02374,Desa Warisan Murni Petaling,B-30-11,Teres 1 Tingkat,Petaling,Selangor,46074,904,585000,2026-08-28,B6
TX-2026-08-02584,Bandar Putra Perdana Hulu,E-37-12,Teres 1 Tingkat,Hulu Selangor,Selangor,35907,1003,335500,2026-08-27,B3
TX-2026-08-02670,Pangsapuri Kenanga Sari Petaling,B-06-07,Teres 1 Tingkat,DAERAH PETALING,Selangor,46184,1361,721500,2026-08-29,B2
TX-2026-08-01644,Desa Seri Melati Kuala,D-22-11,Kondominium,Kuala Lumpur,W.P. Kuala Lumpur,52558,1182,1297000,2026-08-05,B2
TX-2026-08-00103,Residensi Seri Melati Kuala,E-10-03,Pangsapuri,Kuala Lumpur,W.P. Kuala Lumpur,56393,714,464000,2026-08-23,B5
TX-2026-08-01140,Bandar Kenanga Sari Kuala,D-13-20,Teres 1 Tingkat,Kuala Lumpur,W.P. Kuala Lumpur,57326,1206,587500,2026-08-28,B3
TX-2026-08-02949,Desa Seri Melati Kuala,C-36-09,Teres 2 Tingkat,Kuala Lumpur,W.P. Kuala Lumpur,51888,1694,1141500,2026-08-18,B2
TX-2026-08-00375,Bandar Mutiara Sentosa Kuala,F-12-02,Berkembar 2 Tingkat,Kuala Lumpur,W.P. Kuala Lumpur,55938,2738,1579000,2026-08-13,B6
TX-2026-08-00809,Bandar Tasik Permai Kuala,D-15-21,Pangsapuri,Kuala Selangor,Selangor,45633,751,218000,2026-08-04,B4
TX-2026-08-00361,Kondominium Impian Setia Gombak,B-12-06,Teres 2 Tingkat,Gombak,Selangor,68080,2300,975500,2026-08-08,B5
TX-2026-08-01621,Desa Putra Perdana Klang,G-11-13,Teres 1 Tingkat,DAERAH KLANG,Selangor,42253,1002,486000,2026-08-09,B6
TX-2026-08-01867,Kondominium Seri Melati Sabak,D-13-08,Teres 2 Tingkat,Sabak Bernam,Selangor,45287,1811,422000,2026-08-14,B4
TX-2026-08-02525,Kondominium Damai Indah Petaling,C-07-19,Kondominium,Petaling,Selangor,47049,910,414000,2026-08-12,B6
TX-2026-08-02531,Kondominium Damai Indah Petaling,F-37-12,Teres 1 Tingkat,Petaling,Selangor,46496,1030,633000,2026-08-12,B1
TX-2026-08-00240,Kondominium Damai Indah Petaling,F-13-01,Pangsapuri,DAERAH PETALING,Selangor,46951,615,583000,2026-08-14,B2
TX-2026-08-00568,Pangsapuri Kenanga Sari Petaling,B-29-14,Pangsapuri,Petaling,Selangor,46295,742,455500,2026-08-06,B6
TX-2026-08-02262,Taman Damai Indah Sabak,C-11-15,Teres 1 Tingkat,Sabak Bernam,Selangor,45148,1191,253500,31/08/2026,B1
TX-2026-08-02809,Desa Warisan Murni Petaling,D-09-12,Banglo,Petaling,Selangor,46357,4867,2101500,2026-08-18,B6
TX-2026-08-02372,Residensi Mutiara Sentosa Kuala,C-25-14,Teres 2 Tingkat,Kuala Langat,Selangor,42664,2017,728500,2026-08-18,B1
TX-2026-08-01025,Taman Bukit Harmoni Klang,A-10-17,Kondominium,Klang,Selangor,42165,1501,674500,2026-08-08,B2
TX-2026-08-00217,Desa Mutiara Sentosa Klang,G-21-21,Pangsapuri,Klang,Selangor,41308,803,332500,2026-08-11,B1
TX-2026-08-01486,Taman Anggerik Jaya Kuala,F-32-17,Kondominium,Kuala Lumpur,W.P. Kuala Lumpur,54603,1327,801000,2026-08-28,B5
TX-2026-08-01074,Residensi Damai Indah Sepang,C-29-22,Kondominium,Sepang,Selangor,63135,855,402500,2026-08-02,B6
TX-2026-08-02274,Kondominium Impian Setia Petaling,F-24-08,Teres 1 Tingkat,Petaling,Selangor,46669,1242,654500,2026-08-05,B1
TX-2026-08-00180,Taman Seri Melati Hulu,G-08-11,Banglo,DAERAH HULU LANGAT,Selangor,43395,2803,913000,2026-08-07,B1
TX-2026-08-02520,Pangsapuri Suria Bayu Sepang,B-04-19,Berkembar 2 Tingkat,Sepang,Selangor,63009,3209,976000,2026-08-07,B2
TX-2026-08-01436,Kondominium Impian Setia Petaling,G-30-13,Teres 2 Tingkat,Petaling,Selangor,47727,2313,1557500,2026-08-10,B6
TX-2026-08-00642,Bandar Mutiara Sentosa Kuala,C-05-17,Kondominium,Kuala Lumpur,W.P. Kuala Lumpur,57705,1181,740000,2026-08-06,B3
TX-2026-08-01092,Kondominium Mutiara Sentosa Hulu,D-24-18,Pangsapuri,Hulu Langat,Selangor,43107,939,371500,2026-08-18,B6
TX-2026-08-02369,Desa Impian Setia Kuala,F-11-21,Banglo,Kuala Selangor,Selangor,45782,4782,1396000,2026-08-21,B1
TX-2026-08-02868,Taman Bukit Harmoni Klang,D-30-20,Pangsapuri,Klang,Selangor,41139,799,217000,2026-08-09,B5
TX-2026-08-00824,Bandar Anggerik Jaya Petaling,D-18-01,Kondominium,Petaling,Selangor,46389,899,506500,2026-08-09,B1
TX-2026-08-02478,Desa Warisan Murni Petaling,E-13-19,Teres 2 Tingkat,Petaling,Selangor,47499,1542,993500,2026-08-01,B1
TX-2026-08-02820,Kondominium Impian Setia Petaling,F-18-19,Berkembar 2 Tingkat,Petaling,Selangor,46774,3006,1797500,2026-08-29,B2
TX-2026-08-02578,Taman Anggerik Jaya Kuala,D-26-09,Berkembar 2 Tingkat,Kuala Lumpur,W.P. Kuala Lumpur,56265,2572,1698500,2026-08-06,B3
TX-2026-08-00381,Taman Bukit Harmoni Klang,B-18-12,Pangsapuri,Klang,Selangor,41207,806,328500,2026-08-19,B4
TX-2026-08-00730,Desa Putra Perdana Klang,B-08-14,Banglo,Klang,Selangor,41136,2903,1099000,2026-08-09,B1
TX-2026-08-00501,Taman Warisan Murni Gombak,E-09-20,Berkembar 2 Tingkat,Gombak,Selangor,68094,2747,1390500,2026-08-24,B3
TX-2026-08-01856,Kondominium Putra Perdana Petaling,E-22-15,Pangsapuri,DAERAH PETALING,Selangor,47376,836,380500,2026-08-31,B1
TX-2026-08-02035,Desa Bukit Harmoni Petaling,E-29-12,Pangsapuri,Petaling,Selangor,46384,752,428000,2026-08-12,B3
TX-2026-08-02293,Taman Seri Melati Hulu,C-23-19,Berkembar 2 Tingkat,Hulu Langat,Selangor,43130,2616,782000,2026-08-25,B6
TX-2026-08-00100,Kondominium Kenanga Sari Sepang,A-27-04,Pangsapuri,Sepang,Selangor,63031,874,341000,2026-08-22,B2
TX-2026-08-01361,Bandar Kenanga Sari Kuala,E-18-24,Teres 2 Tingkat,Kuala Lumpur,W.P. Kuala Lumpur,53080,1605,1283000,2026-08-21,B3
TX-2026-08-02773,Kondominium Impian Setia Petaling,E-19-15,Berkembar 2 Tingkat,Petaling,Selangor,47053,2903,1685000,2026-08-07,B5
TX-2026-08-00508,Taman Kenanga Sari Kuala,B-31-23,Teres 1 Tingkat,Kuala Lumpur,W.P. Kuala Lumpur,54779,1342,864000,2026-08-10,B4
TX-2026-08-01209,Taman Warisan Murni Hulu,B-06-15,Pangsapuri,Hulu Selangor,Selangor,44207,846,259500,2026-08-06,B3
TX-2026-08-02839,Taman Warisan Murni Gombak,E-22-02,Berkembar 2 Tingkat,Gombak,Selangor,68075,2920,1068500,2026-08-25,B5
TX-2026-08-02489,Desa Impian Setia Klang,F-06-05,Teres 1 Tingkat,Klang,Selangor,42177,1337,569000,2026-08-19,B6
TX-2026-08-01456,Pangsapuri Kenanga Sari Hulu,F-12-14,Banglo,Hulu Selangor,Selangor,44182,4333,1198500,2026-08-21,B6
TX-2026-08-02367,Taman Bukit Harmoni Sabak,E-26-02,Kondominium,DAERAH SABAK BERNAM,Selangor,45375,1007,200500,2026-08-31,B4
TX-2026-08-01350,Taman Kenanga Sari Gombak,F-26-07,Banglo,Gombak,Selangor,68026,3492,1147500,2026-08-15,B3
TX-2026-08-01104,Pangsapuri Seri Melati Hulu,E-07-11,Pangsapuri,Hulu Langat,Selangor,43272,816,403000,15/08/2026,B5
TX-2026-08-02260,Desa Anggerik Jaya Kuala,D-10-01,Banglo,Kuala Langat,Selangor,42693,4466,1005500,2026-08-16,B1
TX-2026-08-02693,Taman Kenanga Sari Kuala,F-05-13,Banglo,DAERAH KUALA LANGAT,Selangor,42743,3052,981000,2026-08-05,B5
TX-2026-08-02015,Kondominium Mutiara Sentosa Hulu,G-02-08,Banglo,Hulu Langat,Selangor,43437,4536,1603000,2026-08-26,B4
TX-2026-08-00626,Bandar Anggerik Jaya Petaling,G-01-05,Teres 1 Tingkat,Petaling,Selangor,46037,1166,754000,18/08/2026,B3
TX-2026-08-00048,Desa Seri Melati Kuala,C-12-13,Kondominium,Kuala Lumpur,W.P. Kuala Lumpur,58175,1480,962000,2026-08-01,B3
TX-2026-08-01063,Bandar Anggerik Jaya Hulu,G-36-19,Banglo,Hulu Langat,Selangor,43174,4331,1320000,2026-08-25,B3
TX-2026-08-01838,Desa Mutiara Sentosa Klang,B-33-07,Teres 1 Tingkat,Klang,Selangor,41770,964,294500,2026-08-13,B1
TX-2026-08-02541,Desa Impian Setia Kuala,G-34-24,Pangsapuri,Kuala Selangor,Selangor,45759,827,226500,2026-08-21,B3
TX-2026-08-00526,Kondominium Impian Setia Petaling,B-32-01,Berkembar 2 Tingkat,Petaling,Selangor,47779,2854,1199000,2026-08-22,B6
TX-2026-08-00091,Kondominium Putra Perdana Petaling,C-33-04,Pangsapuri,Petaling,Selangor,47301,585,304000,2026-08-24,B6
TX-2026-08-00464,Kondominium Putra Perdana Petaling,B-19-13,Banglo,DAERAH PETALING,Selangor,47730,3727,2375500,2026-08-16,B2
TX-2026-08-01915,Kondominium Kenanga Sari Sepang,D-32-09,Banglo,DAERAH SEPANG,Selangor,63275,4113,1679500,2026-08-07,B1
TX-2026-08-01889,Bandar Kenanga Sari Kuala,C-17-10,Teres 2 Tingkat,Kuala Lumpur,W.P. Kuala Lumpur,50374,2371,1256500,2026-08-10,B4
TX-2026-08-02311,Kondominium Mutiara Sentosa Hulu,A-18-22,Teres 1 Tingkat,Hulu Langat,Selangor,43033,947,452500,2026-08-03,B1
TX-2026-08-01944,Kondominium Damai Indah Petaling,A-38-16,Berkembar 2 Tingkat,Petaling,Selangor,47123,3359,1294500,2026-08-06,B5
TX-2026-08-00589,Bandar Kenanga Sari Kuala,G-25-23,Teres 1 Tingkat,Kuala Lumpur,W.P. Kuala Lumpur,54091,1308,870500,2026-08-16,B4
TX-2026-08-02797,Desa Seri Melati Kuala,G-02-03,Banglo,Kuala Lumpur,W.P. Kuala Lumpur,58380,4225,2885500,2026-08-11,B1
TX-2026-08-01321,Taman Warisan Murni Gombak,F-08-13,Banglo,Gombak,Selangor,68087,2849,1273500,2026-08-17,B6
TX-2026-08-02135,Desa Warisan Murni Petaling,F-10-16,Berkembar 2 Tingkat,Petaling,Selangor,47362,3068,1939000,2026-08-08,B1
TX-2026-08-01329,Pangsapuri Warisan Murni Kuala,D-28-17,Teres 2 Tingkat,Kuala Langat,Selangor,42623,2051,602500,2026-08-18,B5
TX-2026-08-02846,Kondominium Mutiara Sentosa Hulu,D-08-18,Kondominium,Hulu Langat,Selangor,43214,1042,326000,2026-08-24,B5
TX-2026-08-02467,Residensi Seri Melati Kuala,G-03-04,Banglo,Kuala Lumpur,W.P. Kuala Lumpur,57144,4051,4192000,2026-08-10,B6
TX-2026-08-01353,Kondominium Cempaka Wangi Sepang,B-34-17,Kondominium,Sepang,Selangor,63042,1345,480000,2026-08-30,B2
TX-2026-08-00401,Desa Warisan Murni Petaling,F-21-20,Teres 1 Tingkat,Petaling,Selangor,46110,1073,536500,2026-08-28,B1
TX-2026-08-00502,Taman Seri Melati Hulu,A-34-09,Banglo,Hulu Langat,Selangor,43418,4428,1792500,2026-08-29,B2
TX-2026-08-00889,Bandar Mutiara Sentosa Kuala,D-12-02,Teres 1 Tingkat,Kuala Lumpur,W.P. Kuala Lumpur,51778,1268,991500,2026-08-12,B5
TX-2026-08-02711,Taman Seri Melati Hulu,G-09-20,Banglo,DAERAH HULU LANGAT,Selangor,43306,4246,1843500,2026-08-26,B6
TX-2026-08-00845,Desa Mutiara Sentosa Klang,G-21-10,Berkembar 2 Tingkat,Klang,Selangor,41925,2882,941000,2026-08-31,B4
TX-2026-08-01090,Kondominium Kenanga Sari Hulu,B-07-04,Kondominium,DAERAH HULU LANGAT,Selangor,43196,1598,754500,2026-08-01,B2
TX-2026-08-00797,Bandar Damai Indah Hulu,B-36-01,Banglo,DAERAH HULU LANGAT,Selangor,43473,3664,1801500,2026-08-09,B4
TX-2026-08-00176,Pangsapuri Seri Melati Hulu,A-21-22,Berkembar 2 Tingkat,Hulu Langat,Selangor,43411,2461,853500,2026-08-15,B6
TX-2026-08-00628,Pangsapuri Kenanga Sari Petaling,D-26-18,Teres 2 Tingkat,Petaling,Selangor,47367,1586,888000,2026-08-24,B2
TX-2026-08-02870,Kondominium Damai Indah Petaling,G-21-24,Kondominium,Petaling,Selangor,46523,1335,682500,2026-08-10,B5
TX-2026-08-02722,Residensi Mutiara Sentosa Kuala,F-30-03,Teres 1 Tingkat,Kuala Langat,Selangor,42624,1381,464000,2026-08-06,B6
TX-2026-08-01277,Kondominium Putra Perdana Petaling,B-35-03,Pangsapuri,Petaling,Selangor,46715,746,429500,2026-08-19,B2
TX-2026-08-00579,Taman Bukit Harmoni Klang,B-01-08,Teres 2 Tingkat,Klang,Selangor,42135,1950,545000,2026-08-17,B2
TX-2026-08-02509,Taman Warisan Murni Hulu,E-08-16,Berkembar 2 Tingkat,DAERAH HULU SELANGOR,Selangor,44259,3062,1285500,2026-08-19,B6
TX-2026-08-01609,Kondominium Damai Indah Petaling,C-38-24,Teres 2 Tingkat,Petaling,Selangor,47556,1600,1150500,2026-08-10,B5
TX-2026-08-02624,Residensi Seri Melati Kuala,C-06-21,Teres 1 Tingkat,Kuala Lumpur,W.P. Kuala Lumpur,50610,1262,773500,2026-08-30,B6
TX-2026-08-00677,Residensi Seri Melati Kuala,B-17-15,Banglo,DAERAH KUALA LUMPUR,W.P. Kuala Lumpur,53362,3453,2665500,2026-08-26,B1
TX-2026-08-00867,Kondominium Damai Indah Petaling,F-05-15,Teres 2 Tingkat,Petaling,Selangor,46739,1772,861000,2026-08-29,B2
TX-2026-08-01269,Desa Bukit Harmoni Petaling,D-02-04,Kondominium,Petaling,Selangor,47791,1113,526000,2026-08-04,B1
TX-2026-08-00393,Taman Kenanga Sari Klang,E-05-20,Kondominium,Klang,Selangor,42031,1297,661500,2026-08-15,B2
TX-2026-08-02705,Taman Anggerik Jaya Kuala,C-32-09,Teres 1 Tingkat,Kuala Lumpur,W.P. Kuala Lumpur,53817,1272,698000,30/08/2026,B4
TX-2026-08-01818,Kondominium Putra Perdana Petaling,C-06-16,Teres 2 Tingkat,DAERAH PETALING,Selangor,46029,1968,1215500,2026-08-18,B2
TX-2026-08-01652,Bandar Mutiara Sentosa Kuala,D-11-04,Banglo,DAERAH KUALA LUMPUR,W.P. Kuala Lumpur,56464,4606,2912500,2026-08-29,B4
TX-2026-08-02314,Kondominium Cempaka Wangi Sepang,E-31-02,Berkembar 2 Tingkat,Sepang,Selangor,63059,2537,1028500,2026-08-13,B3
TX-2026-08-01307,Residensi Mutiara Sentosa Kuala,G-07-03,Pangsapuri,Kuala Langat,Selangor,42668,776,274500,2026-08-17,B2
TX-2026-08-02281,Pangsapuri Suria Bayu Kuala,A-31-13,Teres 1 Tingkat,Kuala Lumpur,W.P. Kuala Lumpur,51139,1233,794000,2026-08-08,B2
TX-2026-08-01548,Bandar Kenanga Sari Kuala,E-12-09,Kondominium,Kuala Lumpur,W.P. Kuala Lumpur,58006,1465,799000,2026-08-27,B3
TX-2026-08-00372,Pangsapuri Suria Bayu Sepang,B-14-14,Banglo,Sepang,Selangor,63210,2906,762500,2026-08-02,B2
TX-2026-08-02130,Kondominium Damai Indah Petaling,B-14-02,Banglo,Petaling,Selangor,46464,4252,2467500,2026-08-01,B3
TX-2026-08-02699,Taman Warisan Murni Hulu,B-36-10,Teres 2 Tingkat,Hulu Selangor,Selangor,35908,2060,521000,2026-08-15,B1
TX-2026-08-01022,Desa Mutiara Sentosa Klang,E-06-10,Pangsapuri,Klang,Selangor,41733,825,345500,11/08/2026,B2
TX-2026-08-02627,Desa Mutiara Sentosa Sabak,B-04-04,Banglo,Sabak Bernam,Selangor,45286,3216,925000,2026-08-07,B1
TX-2026-08-01404,Pangsapuri Suria Bayu Kuala,A-21-19,Teres 1 Tingkat,Kuala Lumpur,W.P. Kuala Lumpur,56675,976,582000,2026-08-07,B5
TX-2026-08-00661,Kondominium Impian Setia Petaling,A-32-03,Kondominium,Petaling,Selangor,46746,1260,591500,2026-08-21,B6
TX-2026-08-01649,Pangsapuri Kenanga Sari Petaling,B-14-04,Berkembar 2 Tingkat,Petaling,Selangor,46928,2831,1850000,2026-08-18,B2
TX-2026-08-02989,Taman Warisan Murni Gombak,G-06-13,Teres 2 Tingkat,DAERAH GOMBAK,Selangor,68081,1827,626500,2026-08-19,B6
TX-2026-08-00655,Kondominium Damai Indah Petaling,C-35-10,Teres 2 Tingkat,Petaling,Selangor,47695,2179,1601000,2026-08-08,B3
TX-2026-08-00620,Kondominium Cempaka Wangi Sepang,C-28-23,Pangsapuri,Sepang,Selangor,63033,735,275500,2026-08-12,B4
TX-2026-08-00425,Pangsapuri Suria Bayu Kuala,B-13-03,Pangsapuri,Kuala Lumpur,W.P. Kuala Lumpur,55492,611,452500,2026-08-21,B3
TX-2026-08-02003,Taman Kenanga Sari Gombak,E-21-12,Pangsapuri,Gombak,Selangor,68083,669,210500,2026-08-07,B2
TX-2026-08-01544,Desa Cempaka Wangi Gombak,E-18-01,Berkembar 2 Tingkat,DAERAH GOMBAK,Selangor,68077,2847,1824500,2026-08-20,B2
TX-2026-08-01013,Pangsapuri Cempaka Wangi Klang,C-13-11,Pangsapuri,Klang,Selangor,41166,685,377000,2026-08-13,B1
TX-2026-08-02543,Desa Warisan Murni Petaling,E-26-13,Kondominium,DAERAH PETALING,Selangor,46317,1389,835500,2026-08-06,B3
TX-2026-08-02515,Pangsapuri Suria Bayu Kuala,B-38-12,Teres 1 Tingkat,DAERAH KUALA LUMPUR,W.P. Kuala Lumpur,52672,1369,821000,2026-08-17,B4
TX-2026-08-01898,Kondominium Impian Setia Petaling,C-08-05,Kondominium,Petaling,Selangor,46846,760,378000,2026-08-11,B1
TX-2026-08-00078,Desa Seri Melati Kuala,G-04-20,Kondominium,Kuala Lumpur,W.P. Kuala Lumpur,57058,1322,859500,2026-08-05,B2
TX-2026-08-01802,Taman Seri Melati Hulu,B-01-23,Banglo,Hulu Langat,Selangor,43001,4765,2083000,2026-08-15,B3
TX-2026-08-01775,Desa Putra Perdana Klang,E-13-05,Kondominium,Klang,Selangor,41249,1272,441000,2026-08-22,B4
TX-2026-08-00448,Pangsapuri Kenanga Sari Hulu,G-11-20,Pangsapuri,Hulu Selangor,Selangor,44069,660,141000,2026-08-07,B3
TX-2026-08-01267,Taman Seri Melati Hulu,A-08-17,Berkembar 2 Tingkat,DAERAH HULU LANGAT,Selangor,43415,3085,1301000,2026-08-12,B4
TX-2026-08-00315,Taman Tasik Permai Klang,B-15-11,Teres 1 Tingkat,Klang,Selangor,41132,1062,526000,2026-08-16,B5
TX-2026-08-02307,Desa Warisan Murni Petaling,A-04-19,Kondominium,DAERAH PETALING,Selangor,46622,909,483500,2026-08-28,B2
TX-2026-08-01033,Bandar Kenanga Sari Kuala,A-37-02,Teres 2 Tingkat,Kuala Lumpur,W.P. Kuala Lumpur,56740,1873,1388000,2026-08-09,B2
TX-2026-08-01599,Residensi Putra Perdana Hulu,B-28-05,Berkembar 2 Tingkat,Hulu Selangor,Selangor,44247,3242,879500,2026-08-28,B2
TX-2026-08-02121,Taman Kenanga Sari Klang,F-19-10,Berkembar 2 Tingkat,Klang,Selangor,41532,2902,924500,2026-08-18,B4
TX-2026-08-00117,Taman Seri Melati Hulu,G-32-04,Kondominium,Hulu Langat,Selangor,43128,1594,637500,2026-08-10,B3
TX-2026-08-01994,Desa Kenanga Sari Kuala,G-08-10,Banglo,Kuala Langat,Selangor,42625,3503,1018000,2026-08-29,B1
TX-2026-08-02280,Bandar Anggerik Jaya Hulu,C-15-05,Banglo,Hulu Langat,Selangor,43148,4915,2066000,2026-08-27,B6
TX-2026-08-01923,Desa Kenanga Sari Hulu,C-20-14,Teres 2 Tingkat,DAERAH HULU LANGAT,Selangor,43436,1834,757500,2026-08-29,B2
TX-2026-08-02843,Pangsapuri Kenanga Sari Kuala,A-07-19,Banglo,Kuala Selangor,Selangor,45635,3938,1037500,2026-08-19,B5
TX-2026-08-00202,Bandar Anggerik Jaya Petaling,G-19-24,Berkembar 2 Tingkat,Petaling,Selangor,47686,2640,1402500,2026-08-11,B6
TX-2026-08-02659,Taman Seri Melati Hulu,B-13-18,Kondominium,Hulu Langat,Selangor,43306,1034,383000,2026-08-27,B2
TX-2026-08-01634,Kondominium Kenanga Sari Hulu,E-06-17,Banglo,Hulu Langat,Selangor,43232,4017,1688500,2026-08-23,B4
TX-2026-08-00399,Kondominium Impian Setia Petaling,A-29-05,Teres 1 Tingkat,DAERAH PETALING,Selangor,46052,1114,443000,2026-08-05,B3
TX-2026-08-02147,Bandar Kenanga Sari Kuala,D-10-23,Kondominium,DAERAH KUALA LUMPUR,W.P. Kuala Lumpur,51357,1362,1035500,2026-08-22,B5
TX-2026-08-02183,Desa Anggerik Jaya Sepang,B-31-01,Kondominium,Sepang,Selangor,63158,1192,492500,2026-08-12,B2
TX-2026-08-01026,Pangsapuri Putra Perdana Kuala,D-28-15,Pangsapuri,Kuala Selangor,Selangor,45645,929,295000,2026-08-31,B5
TX-2026-08-01500,Bandar Anggerik Jaya Hulu,B-28-19,Teres 2 Tingkat,Hulu Langat,Selangor,43216,1808,840500,2026-08-26,B4
TX-2026-08-02576,Desa Seri Melati Kuala,F-22-03,Banglo,DAERAH KUALA LUMPUR,W.P. Kuala Lumpur,54620,5028,4099000,2026-08-13,B1
TX-2026-08-00680,Taman Kenanga Sari Klang,D-08-15,Berkembar 2 Tingkat,Klang,Selangor,42177,2428,651000,2026-08-22,B5
TX-2026-08-02904,Taman Damai Indah Sabak,E-13-14,Teres 2 Tingkat,Sabak Bernam,Selangor,45207,1841,313500,2026-08-12,B3
TX-2026-08-01021,Bandar Suria Bayu Kuala,G-30-06,Berkembar 2 Tingkat,Kuala Langat,Selangor,42529,3132,1022500,2026-08-05,B1
TX-2026-08-02743,Residensi Kenanga Sari Sepang,E-08-19,Teres 2 Tingkat,Sepang,Selangor,63074,2375,956500,2026-08-31,B4
TX-2026-08-00281,Kondominium Putra Perdana Petaling,C-08-02,Kondominium,Petaling,Selangor,46428,771,306500,2026-08-12,B4
TX-2026-08-01002,Pangsapuri Seri Melati Hulu,G-13-04,Berkembar 2 Tingkat,DAERAH HULU LANGAT,Selangor,43063,2654,1316000,2026-08-13,B6
TX-2026-08-02154,Bandar Anggerik Jaya Petaling,C-02-24,Pangsapuri,Petaling,Selangor,46162,784,238000,2026-08-27,B6
TX-2026-08-01739,Desa Impian Setia Klang,B-03-15,Berkembar 2 Tingkat,Klang,Selangor,42157,2646,1216000,2026-08-11,B2
TX-2026-08-01728,Residensi Kenanga Sari Sepang,F-22-07,Berkembar 2 Tingkat,DAERAH SEPANG,Selangor,63117,2486,921000,2026-08-11,B4
TX-2026-08-00472,Kondominium Anggerik Jaya Sabak,C-20-06,Pangsapuri,Sabak Bernam,Selangor,45171,709,145000,2026-08-15,B5
TX-2026-08-00471,Desa Bukit Harmoni Petaling,C-33-17,Banglo,DAERAH PETALING,Selangor,47537,3184,2137000,2026-08-09,B4
TX-2026-08-01006,Pangsapuri Tasik Permai Gombak,B-20-13,Berkembar 2 Tingkat,Gombak,Selangor,68085,2418,963000,2026-08-03,B2
TX-2026-08-02472,Kondominium Impian Setia Petaling,A-17-07,Berkembar 2 Tingkat,DAERAH PETALING,Selangor,46490,2412,1351500,2026-08-13,B2
TX-2026-08-02197,Taman Tasik Permai Klang,G-30-23,Pangsapuri,Klang,Selangor,41329,787,342000,2026-08-29,B4
TX-2026-08-02973,Kondominium Damai Indah Petaling,E-07-02,Pangsapuri,Petaling,Selangor,47343,845,261500,30/08/2026,B1
TX-2026-08-01479,Taman Kenanga Sari Kuala,F-03-20,Teres 1 Tingkat,DAERAH KUALA LUMPUR,W.P. Kuala Lumpur,51499,1095,681500,2026-08-04,B1
TX-2026-08-01793,Kondominium Impian Setia Gombak,D-07-24,Teres 1 Tingkat,DAERAH GOMBAK,Selangor,68014,1304,647500,2026-08-22,B4
TX-2026-08-00128,Pangsapuri Suria Bayu Sepang,C-28-20,Kondominium,Sepang,Selangor,63073,1403,547000,2026-08-11,B1
TX-2026-08-00012,Kondominium Kenanga Sari Hulu,A-20-07,Kondominium,Hulu Langat,Selangor,43471,1053,421000,2026-08-14,B4
TX-2026-08-02442,Bandar Anggerik Jaya Hulu,C-01-15,Teres 1 Tingkat,Hulu Langat,Selangor,43288,1244,429500,2026-08-01,B3
TX-2026-08-01360,Bandar Anggerik Jaya Petaling,C-14-04,Pangsapuri,Petaling,Selangor,46789,917,553000,2026-08-26,B1
TX-2026-08-01290,Desa Impian Setia Klang,A-08-13,Berkembar 2 Tingkat,Klang,Selangor,41202,3072,1563500,2026-08-04,B5
TX-2026-08-01278,Residensi Kenanga Sari Sepang,E-32-20,Kondominium,Sepang,Selangor,63161,1118,477000,2026-08-27,B5
TX-2026-08-01192,Bandar Anggerik Jaya Petaling,C-10-09,Teres 2 Tingkat,Petaling,Selangor,47808,2377,1293500,2026-08-12,B3
TX-2026-08-02225,Kondominium Kenanga Sari Hulu,B-17-12,Pangsapuri,Hulu Langat,Selangor,43146,938,538500,2026-08-16,B3
TX-2026-08-01857,Desa Warisan Murni Petaling,A-21-11,Teres 1 Tingkat,Petaling,Selangor,47493,983,397000,2026-08-04,B4
TX-2026-08-02920,Pangsapuri Seri Melati Hulu,F-12-20,Teres 2 Tingkat,Hulu Langat,Selangor,43418,2389,1171500,2026-08-21,B6
TX-2026-08-00998,Desa Mutiara Sentosa Klang,B-19-13,Teres 2 Tingkat,Klang,Selangor,42157,2230,745500,2026-08-24,B1
TX-2026-08-00653,Bandar Damai Indah Hulu,B-02-17,Teres 2 Tingkat,Hulu Langat,Selangor,43268,1642,619500,2026-08-31,B3
TX-2026-08-00966,Kondominium Impian Setia Petaling,E-12-21,Berkembar 2 Tingkat,Petaling,Selangor,47296,3193,1776000,2026-08-12,B2
TX-2026-08-01987,Taman Tasik Permai Klang,D-38-18,Teres 1 Tingkat,Klang,Selangor,42215,1071,408500,2026-08-09,B1
TX-2026-08-01731,Desa Kenanga Sari Kuala,B-13-06,Berkembar 2 Tingkat,DAERAH KUALA LANGAT,Selangor,42597,2750,1013500,2026-08-28,B4
TX-2026-08-01187,Taman Putra Perdana Hulu,C-28-06,Teres 2 Tingkat,Hulu Selangor,Selangor,44128,1512,435500,2026-08-16,B1
TX-2026-08-02800,Pangsapuri Suria Bayu Kuala,A-37-05,Kondominium,Kuala Lumpur,W.P. Kuala Lumpur,57942,1367,1211500,2026-08-27,B1
TX-2026-08-00901,Bandar Bukit Harmoni Hulu,E-26-07,Pangsapuri,Hulu Selangor,Selangor,44073,927,275500,2026-08-28,B2
TX-2026-08-00282,Kondominium Impian Setia Petaling,D-32-02,Kondominium,DAERAH PETALING,Selangor,47374,1038,420000,2026-08-21,B6
TX-2026-08-02501,Kondominium Cempaka Wangi Sepang,B-09-15,Berkembar 2 Tingkat,Sepang,Selangor,63031,2381,615000,2026-08-04,B4
TX-2026-08-00442,Desa Bukit Harmoni Petaling,G-34-06,Banglo,Petaling,Selangor,47708,4683,2685000,2026-08-31,B5
TX-2026-08-00939,Pangsapuri Suria Bayu Kuala,G-28-01,Teres 1 Tingkat,Kuala Lumpur,W.P. Kuala Lumpur,53284,985,699500,2026-08-19,B4
TX-2026-08-02956,Residensi Seri Melati Kuala,D-31-13,Kondominium,DAERAH KUALA LUMPUR,W.P. Kuala Lumpur,57610,1320,736500,2026-08-24,B5
TX-2026-08-01377,Kondominium Putra Perdana Petaling,C-01-06,Banglo,Petaling,Selangor,47403,4301,3287000,2026-08-24,B4
TX-2026-08-02493,Desa Mutiara Sentosa Klang,F-01-10,Berkembar 2 Tingkat,DAERAH KLANG,Selangor,41815,2821,665000,2026-08-12,B2
TX-2026-08-01349,Taman Kenanga Sari Kuala,E-20-05,Pangsapuri,DAERAH KUALA LUMPUR,W.P. Kuala Lumpur,53397,916,628500,2026-08-01,B5
TX-2026-08-02306,Desa Warisan Murni Petaling,C-03-24,Kondominium,Petaling,Selangor,46760,1243,547500,2026-08-21,B2
TX-2026-08-02042,Taman Bukit Harmoni Gombak,G-29-18,Pangsapuri,Gombak,Selangor,68040,622,307000,2026-08-27,B6
TX-2026-08-02117,Bandar Mutiara Sentosa Kuala,B-26-22,Kondominium,Kuala Lumpur,W.P. Kuala Lumpur,55784,1586,718500,2026-08-31,B2
TX-2026-08-00967,Taman Kenanga Sari Kuala,G-03-09,Teres 2 Tingkat,Kuala Lumpur,W.P. Kuala Lumpur,54604,1734,1089000,2026-08-30,B3
TX-2026-08-01858,Kondominium Damai Indah Petaling,D-16-03,Teres 1 Tingkat,DAERAH PETALING,Selangor,46440,1120,601000,2026-08-23,B3
TX-2026-08-02469,Pangsapuri Putra Perdana Kuala,E-01-13,Pangsapuri,DAERAH KUALA SELANGOR,Selangor,45686,877,291500,2026-08-17,B6
TX-2026-08-01821,Kondominium Putra Perdana Petaling,G-12-06,Teres 1 Tingkat,Petaling,Selangor,47540,1137,476000,2026-08-26,B2
TX-2026-08-01166,Kondominium Putra Perdana Petaling,D-23-20,Berkembar 2 Tingkat,Petaling,Selangor,47439,3072,1804500,2026-08-07,B1
TX-2026-08-01969,Pangsapuri Kenanga Sari Petaling,A-30-15,Kondominium,Petaling,Selangor,46155,1288,894500,2026-08-17,B6
TX-2026-08-02105,Taman Warisan Murni Gombak,D-11-14,Pangsapuri,Gombak,Selangor,68021,940,345500,2026-08-30,B2
TX-2026-08-00105,Residensi Seri Melati Kuala,D-02-16,Pangsapuri,Kuala Lumpur,W.P. Kuala Lumpur,50192,714,464000,2026-08-23,B2
TX-2026-08-00151,Residensi Seri Melati Kuala,C-24-01,Teres 1 Tingkat,DAERAH KUALA LUMPUR,W.P. Kuala Lumpur,59448,1309,1125500,2026-08-15,B3
TX-2026-08-00492,Desa Putra Perdana Klang,G-27-17,Kondominium,Klang,Selangor,41349,1152,411000,2026-08-21,B6
TX-2026-08-02308,Kondominium Kenanga Sari Sepang,F-25-09,Teres 2 Tingkat,Sepang,Selangor,63100,2326,1022500,2026-08-20,B4
TX-2026-08-01569,Residensi Seri Melati Kuala,C-32-12,Banglo,Kuala Lumpur,W.P. Kuala Lumpur,56065,3166,2049000,2026-08-06,B4
TX-2026-08-01665,Desa Putra Perdana Klang,F-25-03,Kondominium,DAERAH KLANG,Selangor,41419,1245,528500,2026-08-28,B5
TX-2026-08-02425,Kondominium Kenanga Sari Sepang,A-37-15,Banglo,Sepang,Selangor,63089,4568,1717500,2026-08-13,B6
TX-2026-08-02899,Taman Kenanga Sari Kuala,G-02-11,Kondominium,Kuala Langat,Selangor,42515,1517,626500,2026-08-30,B2
TX-2026-08-00601,Desa Kenanga Sari Kuala,D-03-14,Teres 2 Tingkat,Kuala Langat,Selangor,42670,1434,575500,2026-08-12,B1
TX-2026-08-01196,Taman Tasik Permai Klang,F-19-11,Teres 2 Tingkat,Klang,Selangor,42174,1880,628000,2026-08-29,B6
TX-2026-08-01604,Kondominium Mutiara Sentosa Gombak,F-30-22,Teres 1 Tingkat,DAERAH GOMBAK,Selangor,68037,1199,596000,2026-08-27,B6
TX-2026-08-00057,Kondominium Impian Setia Petaling,D-37-02,Pangsapuri,Petaling,Selangor,47695,632,328500,2026-08-18,B1
TX-2026-08-00621,Pangsapuri Seri Melati Kuala,G-35-20,Kondominium,Kuala Selangor,Selangor,45754,1240,350000,2026-08-06,B3
TX-2026-08-02922,Desa Kenanga Sari Kuala,E-05-17,Kondominium,Kuala Langat,Selangor,42705,893,322500,2026-08-01,B6
TX-2026-08-02429,Desa Warisan Murni Petaling,C-34-20,Banglo,Petaling,Selangor,47496,3680,1751000,2026-08-08,B4
TX-2026-08-00814,Pangsapuri Tasik Permai Gombak,D-21-21,Banglo,Gombak,Selangor,68099,4406,2077000,2026-08-21,B2
TX-2026-08-02462,Desa Mutiara Sentosa Sabak,D-03-08,Teres 1 Tingkat,Sabak Bernam,Selangor,45382,960,291500,2026-08-18,B2
TX-2026-08-02927,Desa Warisan Murni Petaling,A-03-20,Kondominium,Petaling,Selangor,46584,1476,758000,2026-08-30,B5
TX-2026-08-01972,Bandar Damai Indah Hulu,A-35-11,Kondominium,Hulu Langat,Selangor,43118,815,423500,2026-08-14,B1
TX-2026-08-02993,Residensi Damai Indah Sepang,F-07-14,Teres 2 Tingkat,Sepang,Selangor,63206,2246,1063500,2026-08-21,B3
TX-2026-08-01614,Pangsapuri Kenanga Sari Petaling,C-23-24,Teres 2 Tingkat,DAERAH PETALING,Selangor,46226,2110,1155500,2026-08-27,B5
TX-2026-08-01896,Desa Kenanga Sari Hulu,D-18-09,Banglo,Hulu Langat,Selangor,43067,3763,1309500,2026-08-03,B5
TX-2026-08-00089,Kondominium Damai Indah Petaling,B-36-04,Pangsapuri,Petaling,Selangor,46743,923,480000,2026-08-31,B3
TX-2026-08-02071,Taman Warisan Murni Hulu,G-38-21,Berkembar 2 Tingkat,Hulu Selangor,Selangor,44098,2406,647000,2026-08-22,B4
TX-2026-08-02439,Pangsapuri Suria Bayu Kuala,C-30-03,Berkembar 2 Tingkat,DAERAH KUALA LUMPUR,W.P. Kuala Lumpur,56477,3140,2210000,2026-08-28,B5
TX-2026-08-00905,Kondominium Kenanga Sari Hulu,A-08-19,Teres 1 Tingkat,Hulu Langat,Selangor,43467,1219,533000,2026-08-19,B1
TX-2026-08-00923,Bandar Mutiara Sentosa Kuala,B-07-16,Kondominium,Kuala Lumpur,W.P. Kuala Lumpur,53254,898,441500,2026-08-20,B1
TX-2026-08-02172,Pangsapuri Kenanga Sari Hulu,A-25-21,Teres 2 Tingkat,DAERAH HULU SELANGOR,Selangor,44245,1517,390000,2026-08-15,B2
TX-2026-08-02328,Pangsapuri Kenanga Sari Petaling,G-33-11,Pangsapuri,Petaling,Selangor,47431,939,475000,2026-08-17,B5
TX-2026-08-02266,Desa Warisan Murni Petaling,F-17-13,Teres 2 Tingkat,Petaling,Selangor,46968,2229,1096000,2026-08-07,B3
TX-2026-08-02654,Desa Kenanga Sari Hulu,C-22-01,Berkembar 2 Tingkat,Hulu Langat,Selangor,43132,2817,1253000,2026-08-02,B3
TX-2026-08-02078,Taman Suria Bayu Kuala,C-12-02,Kondominium,Kuala Selangor,Selangor,45668,918,255500,2026-08-28,B3
TX-2026-08-01919,Pangsapuri Bukit Harmoni Sabak,C-17-08,Banglo,Sabak Bernam,Selangor,45195,4436,945500,2026-08-18,B3
TX-2026-08-01070,Bandar Bukit Harmoni Hulu,B-10-03,Teres 2 Tingkat,Hulu Selangor,Selangor,44044,1604,408500,2026-08-03,B3
TX-2026-08-02326,Pangsapuri Seri Melati Kuala,G-01-08,Berkembar 2 Tingkat,Kuala Selangor,Selangor,45676,2885,749000,2026-08-06,B1
TX-2026-08-02526,Kondominium Damai Indah Petaling,E-37-15,Teres 2 Tingkat,Petaling,Selangor,46271,2225,1149500,2026-08-24,B4
TX-2026-08-01691,Desa Mutiara Sentosa Sabak,B-17-14,Pangsapuri,Sabak Bernam,Selangor,45115,550,115500,2026-08-24,B3
TX-2026-08-01239,Desa Warisan Murni Petaling,D-37-11,Teres 1 Tingkat,DAERAH PETALING,Selangor,46006,1021,671500,2026-08-18,B3
TX-2026-08-02990,Desa Bukit Harmoni Petaling,B-08-05,Kondominium,Petaling,Selangor,47180,858,442000,2026-08-11,B3
TX-2026-08-02504,Kondominium Cempaka Wangi Sepang,D-13-15,Berkembar 2 Tingkat,Sepang,Selangor,63170,3243,902000,2026-08-11,B6
TX-2026-08-00732,Taman Putra Perdana Hulu,B-21-22,Pangsapuri,Hulu Selangor,Selangor,44217,868,180000,2026-08-09,B5
TX-2026-08-01977,Kondominium Anggerik Jaya Sabak,F-34-04,Kondominium,Sabak Bernam,Selangor,45118,991,248000,2026-08-18,B3
TX-2026-08-00445,Desa Anggerik Jaya Sepang,B-17-05,Banglo,Sepang,Selangor,63251,3670,1166000,2026-08-16,B5
TX-2026-08-02671,Taman Tasik Permai Klang,D-09-01,Kondominium,Klang,Selangor,42202,1475,791500,2026-08-25,B3
TX-2026-08-02879,Taman Anggerik Jaya Kuala,F-12-01,Pangsapuri,Kuala Lumpur,W.P. Kuala Lumpur,59441,893,614000,2026-08-08,B6
TX-2026-08-02335,Desa Bukit Harmoni Petaling,F-28-03,Banglo,Petaling,Selangor,47699,3557,1729000,2026-08-08,B2
TX-2026-08-01150,Residensi Seri Melati Kuala,F-12-07,Banglo,Kuala Lumpur,W.P. Kuala Lumpur,58511,3294,2118000,2026-08-23,B4
TX-2026-08-01412,Pangsapuri Cempaka Wangi Klang,D-08-02,Teres 1 Tingkat,DAERAH KLANG,Selangor,42092,1127,393500,2026-08-10,B3
TX-2026-08-02168,Kondominium Mutiara Sentosa Gombak,B-04-17,Kondominium,Gombak,Selangor,68068,1048,323500,2026-08-04,B2
TX-2026-08-01851,Kondominium Kenanga Sari Hulu,B-13-22,Pangsapuri,DAERAH HULU LANGAT,Selangor,43362,616,389000,2026-08-07,B6
TX-2026-08-01081,Desa Warisan Murni Petaling,D-34-02,Pangsapuri,Petaling,Selangor,46097,775,345000,2026-08-31,B1
TX-2026-08-00431,Taman Suria Bayu Kuala,D-06-10,Banglo,Kuala Selangor,Selangor,45653,4993,1570500,2026-08-12,B1
TX-2026-08-01617,Pangsapuri Cempaka Wangi Klang,F-23-10,Kondominium,Klang,Selangor,41764,773,240000,2026-08-24,B2
TX-2026-08-02434,Bandar Suria Bayu Kuala,B-23-02,Teres 2 Tingkat,Kuala Langat,Selangor,42513,1451,429000,2026-08-09,B1
TX-2026-08-00227,Kondominium Mutiara Sentosa Gombak,A-32-18,Teres 1 Tingkat,DAERAH GOMBAK,Selangor,68083,1043,382500,2026-08-31,B6
TX-2026-08-02301,Taman Bukit Harmoni Klang,B-36-13,Banglo,DAERAH KLANG,Selangor,41694,4409,1925000,2026-08-28,B3
TX-2026-08-00037,Desa Kenanga Sari Hulu,C-13-10,Kondominium,Hulu Langat,Selangor,43323,956,382500,2026-08-16,B1
TX-2026-08-02223,Bandar Suria Bayu Kuala,G-16-03,Teres 2 Tingkat,Kuala Langat,Selangor,42689,2313,509500,2026-08-08,B4
TX-2026-08-02639,Taman Kenanga Sari Klang,F-36-08,Berkembar 2 Tingkat,Klang,Selangor,41797,3153,1290000,2026-08-01,B4
TX-2026-08-01153,Taman Tasik Permai Klang,B-07-11,Banglo,Klang,Selangor,41943,4071,1610000,2026-08-03,B3
TX-2026-08-00599,Kondominium Impian Setia Petaling,B-03-09,Teres 2 Tingkat,DAERAH PETALING,Selangor,46423,2174,1204000,2026-08-12,B1
TX-2026-08-00736,Kondominium Damai Indah Petaling,B-25-20,Banglo,Petaling,Selangor,46343,4425,1987500,2026-08-21,B2
TX-2026-08-01182,Bandar Anggerik Jaya Petaling,G-23-08,Pangsapuri,DAERAH PETALING,Selangor,46243,874,457500,2026-08-12,B5
TX-2026-08-01844,Bandar Mutiara Sentosa Kuala,C-16-22,Berkembar 2 Tingkat,Kuala Lumpur,W.P. Kuala Lumpur,50320,3195,1909000,2026-08-06,B4
TX-2026-08-02810,Pangsapuri Kenanga Sari Petaling,G-26-05,Berkembar 2 Tingkat,Petaling,Selangor,46264,2222,1220500,2026-08-03,B1
TX-2026-08-00676,Desa Kenanga Sari Hulu,D-25-22,Kondominium,Hulu Langat,Selangor,43455,983,652000,2026-08-07,B3
TX-2026-08-01417,Desa Mutiara Sentosa Klang,F-37-20,Pangsapuri,Klang,Selangor,41219,720,255500,2026-08-05,B1
TX-2026-08-00957,Pangsapuri Kenanga Sari Hulu,D-22-17,Teres 1 Tingkat,Hulu Selangor,Selangor,44088,1058,248500,2026-08-15,B6
TX-2026-08-01899,Desa Kenanga Sari Hulu,G-17-17,Teres 2 Tingkat,DAERAH HULU LANGAT,Selangor,43258,1729,870500,2026-08-17,B6
TX-2026-08-00068,Kondominium Putra Perdana Petaling,G-31-17,Kondominium,Petaling,Selangor,46744,1259,654500,2026-08-06,B2
TX-2026-08-01687,Kondominium Putra Perdana Petaling,E-26-13,Banglo,Petaling,Selangor,47644,3268,1107000,14/08/2026,B2
TX-2026-08-01837,Desa Seri Melati Kuala,E-23-13,Teres 1 Tingkat,Kuala Lumpur,W.P. Kuala Lumpur,56675,1336,1138000,2026-08-25,B4
TX-2026-08-00717,Bandar Bukit Harmoni Hulu,B-03-24,Banglo,Hulu Selangor,Selangor,44126,4054,1499000,2026-08-23,B6
TX-2026-08-01180,Taman Seri Melati Hulu,D-03-21,Teres 2 Tingkat,DAERAH HULU LANGAT,Selangor,43036,1509,554500,2026-08-25,B4
TX-2026-08-01957,Taman Suria Bayu Kuala,F-23-16,Teres 2 Tingkat,Kuala Selangor,Selangor,45663,1801,338000,2026-08-26,B2
TX-2026-08-00192,Taman Seri Melati Hulu,E-19-20,Pangsapuri,Hulu Langat,Selangor,43427,733,350000,2026-08-05,B6
TX-2026-08-01434,Bandar Anggerik Jaya Petaling,D-13-18,Pangsapuri,Petaling,Selangor,47389,670,244500,2026-08-13,B1
TX-2026-08-02352,Pangsapuri Suria Bayu Kuala,C-31-23,Kondominium,Kuala Lumpur,W.P. Kuala Lumpur,56127,1353,485500,2026-08-18,B6
TX-2026-08-00172,Residensi Seri Melati Kuala,G-31-11,Berkembar 2 Tingkat,Kuala Lumpur,W.P. Kuala Lumpur,56805,2411,2000000,2026-08-17,B3
TX-2026-08-00397,Taman Tasik Permai Klang,D-38-03,Pangsapuri,Klang,Selangor,42235,823,277500,2026-08-26,B4
TX-2026-08-01423,Taman Warisan Murni Gombak,C-32-23,Teres 1 Tingkat,DAERAH GOMBAK,Selangor,68005,1015,309500,2026-08-11,B5
TX-2026-08-00835,Desa Seri Melati Kuala,C-07-09,Berkembar 2 Tingkat,DAERAH KUALA LUMPUR,W.P. Kuala Lumpur,57454,3377,2263500,2026-08-03,B6
TX-2026-08-01823,Kondominium Mutiara Sentosa Gombak,A-14-01,Berkembar 2 Tingkat,Gombak,Selangor,68089,3069,1059000,2026-08-20,B2
TX-2026-08-02723,Taman Seri Melati Hulu,F-23-14,Banglo,DAERAH HULU LANGAT,Selangor,43155,3488,2163000,2026-08-03,B3
TX-2026-08-01096,Bandar Anggerik Jaya Petaling,F-01-09,Pangsapuri,Petaling,Selangor,47258,940,371500,2026-08-26,B5
TX-2026-08-00129,Pangsapuri Suria Bayu Sepang,G-35-18,Kondominium,Sepang,Selangor,63196,1403,547000,2026-08-11,B3
TX-2026-08-00218,Pangsapuri Bukit Harmoni Sabak,F-15-10,Teres 2 Tingkat,Sabak Bernam,Selangor,45397,2153,444,2026-08-02,B4
TX-2026-08-00413,Pangsapuri Suria Bayu Kuala,B-05-03,Teres 2 Tingkat,Kuala Lumpur,W.P. Kuala Lumpur,51973,1886,1085000,2026-08-28,B5
TX-2026-08-02081,Desa Cempaka Wangi Gombak,D-10-10,Berkembar 2 Tingkat,DAERAH GOMBAK,Selangor,68093,3300,1500000,2026-08-20,B2
TX-2026-08-00014,Taman Kenanga Sari Kuala,E-22-11,Pangsapuri,Kuala Lumpur,W.P. Kuala Lumpur,50173,715,465000,2026-08-04,B6
TX-2026-08-01304,Residensi Kenanga Sari Sepang,A-16-22,Kondominium,DAERAH SEPANG,Selangor,63278,915,359500,2026-08-15,B1
TX-2026-08-01131,Kondominium Seri Melati Sabak,G-05-19,Teres 2 Tingkat,Sabak Bernam,Selangor,45171,1551,359500,2026-08-27,B2
TX-2026-08-01430,Desa Warisan Murni Petaling,G-35-03,Kondominium,DAERAH PETALING,Selangor,46235,950,486000,2026-08-17,B3
TX-2026-08-00539,Taman Bukit Harmoni Klang,G-26-07,Kondominium,Klang,Selangor,42285,970,308000,2026-08-09,B5
TX-2026-08-02119,Residensi Damai Indah Sepang,F-03-22,Kondominium,Sepang,Selangor,63109,995,587000,2026-08-14,B1
TX-2026-08-00033,Bandar Anggerik Jaya Petaling,E-08-11,Pangsapuri,Petaling,Selangor,46336,675,351000,2026-08-18,B3
TX-2026-08-02885,Pangsapuri Warisan Murni Kuala,B-33-14,Kondominium,Kuala Langat,Selangor,42748,1552,554500,2026-08-29,B5
TX-2026-08-01927,Taman Kenanga Sari Gombak,D-23-17,Banglo,Gombak,Selangor,68052,3859,1486000,2026-08-16,B2
TX-2026-08-02963,Kondominium Damai Indah Petaling,A-10-23,Pangsapuri,Petaling,Selangor,47365,915,497500,2026-08-12,B6
TX-2026-08-01055,Desa Seri Melati Kuala,F-08-06,Teres 2 Tingkat,Kuala Lumpur,W.P. Kuala Lumpur,51701,2113,1350500,2026-08-04,B2
TX-2026-08-01176,Pangsapuri Suria Bayu Kuala,A-37-19,Kondominium,Kuala Lumpur,W.P. Kuala Lumpur,53658,976,819000,2026-08-31,B5
TX-2026-08-02890,Kondominium Mutiara Sentosa Hulu,C-17-21,Kondominium,Hulu Langat,Selangor,43144,769,448500,2026-08-12,B4
TX-2026-08-00813,Kondominium Kenanga Sari Hulu,E-06-23,Teres 1 Tingkat,Hulu Langat,Selangor,43058,1135,423000,14/08/2026,B2
TX-2026-08-01566,Residensi Seri Melati Kuala,F-12-14,Kondominium,Kuala Lumpur,W.P. Kuala Lumpur,52433,935,576500,2026-08-28,B6
TX-2026-08-02735,Kondominium Impian Setia Petaling,E-28-02,Pangsapuri,DAERAH PETALING,Selangor,46964,726,370000,2026-08-26,B3
TX-2026-08-01148,Kondominium Kenanga Sari Hulu,B-32-07,Teres 1 Tingkat,Hulu Langat,Selangor,43260,1128,574000,24/08/2026,B1
TX-2026-08-01871,Bandar Damai Indah Hulu,A-21-02,Pangsapuri,Hulu Langat,Selangor,43449,715,239500,2026-08-28,B1
TX-2026-08-00148,Kondominium Kenanga Sari Sepang,E-17-11,Kondominium,Sepang,Selangor,63018,1491,581500,2026-08-09,B5
TX-2026-08-02714,Kondominium Damai Indah Petaling,A-29-11,Teres 1 Tingkat,Petaling,Selangor,47218,1287,689500,2026-08-03,B3
TX-2026-08-02530,Pangsapuri Kenanga Sari Petaling,F-27-01,Pangsapuri,DAERAH PETALING,Selangor,47722,726,542000,2026-08-09,B6
TX-2026-08-01402,Desa Bukit Harmoni Petaling,C-16-10,Berkembar 2 Tingkat,Petaling,Selangor,46716,2406,1694500,2026-08-19,B4
TX-2026-08-02914,Taman Kenanga Sari Klang,A-15-17,Teres 2 Tingkat,Klang,Selangor,41994,1658,903500,2026-08-23,B5
TX-2026-08-00533,Desa Seri Melati Kuala,G-35-15,Kondominium,Kuala Lumpur,W.P. Kuala Lumpur,50689,1434,790500,2026-08-11,B6
TX-2026-08-02523,Desa Putra Perdana Klang,G-20-15,Teres 1 Tingkat,Klang,Selangor,41463,1342,542000,2026-08-07,B4
TX-2026-08-00913,Residensi Seri Melati Kuala,A-29-07,Kondominium,Kuala Lumpur,W.P. Kuala Lumpur,59232,1137,452000,2026-08-29,B5
TX-2026-08-02204,Taman Putra Perdana Hulu,G-33-11,Banglo,Hulu Selangor,Selangor,44076,4797,1487000,2026-08-12,B1
TX-2026-08-00756,Bandar Anggerik Jaya Petaling,D-19-11,Teres 1 Tingkat,Petaling,Selangor,47306,1046,424500,2026-08-07,B6
TX-2026-08-02518,Desa Impian Setia Klang,D-19-18,Pangsapuri,DAERAH KLANG,Selangor,41685,912,292000,2026-08-16,B1
TX-2026-08-01696,Bandar Kenanga Sari Kuala,C-35-08,Banglo,DAERAH KUALA LUMPUR,W.P. Kuala Lumpur,57112,3337,2014500,2026-08-09,B5
TX-2026-08-00488,Bandar Tasik Permai Kuala,A-01-07,Teres 2 Tingkat,Kuala Selangor,Selangor,45702,2107,472500,2026-08-10,B4
TX-2026-08-00347,Taman Kenanga Sari Kuala,G-38-04,Pangsapuri,Kuala Langat,Selangor,42771,850,228000,2026-08-20,B2
TX-2026-08-02590,Desa Kenanga Sari Kuala,A-13-14,Pangsapuri,Kuala Langat,Selangor,42689,691,157500,2026-08-01,B5
TX-2026-08-02404,Bandar Anggerik Jaya Hulu,F-06-07,Berkembar 2 Tingkat,Hulu Langat,Selangor,43459,2826,1002000,2026-08-05,B3
TX-2026-08-02344,Desa Impian Setia Klang,C-27-04,Kondominium,Klang,Selangor,41667,1145,378000,2026-08-14,B4
TX-2026-08-02959,Taman Anggerik Jaya Kuala,A-16-17,Teres 1 Tingkat,Kuala Lumpur,W.P. Kuala Lumpur,55933,1321,826500,2026-08-21,B6
TX-2026-08-02883,Kondominium Mutiara Sentosa Gombak,D-33-01,Kondominium,Gombak,Selangor,68040,760,331500,2026-08-23,B1
TX-2026-08-01039,Desa Impian Setia Kuala,F-12-19,Kondominium,Kuala Selangor,Selangor,45676,1184,265500,2026-08-12,B5
TX-2026-08-01870,Kondominium Seri Melati Sabak,A-08-08,Teres 1 Tingkat,Sabak Bernam,Selangor,45286,1364,368000,2026-08-19,B3
TX-2026-08-01247,Kondominium Impian Setia Petaling,F-09-16,Teres 2 Tingkat,Petaling,Selangor,46521,2299,1208000,2026-08-30,B2
TX-2026-08-01375,Residensi Seri Melati Kuala,B-15-20,Kondominium,DAERAH KUALA LUMPUR,W.P. Kuala Lumpur,57497,1322,859000,2026-08-15,B2
TX-2026-08-01761,Taman Tasik Permai Klang,D-37-04,Teres 1 Tingkat,Klang,Selangor,41597,1075,497500,2026-08-04,B2
TX-2026-08-01205,Desa Seri Melati Kuala,F-10-04,Berkembar 2 Tingkat,Kuala Lumpur,W.P. Kuala Lumpur,51831,2374,1856000,2026-08-22,B6
TX-2026-08-02163,Kondominium Mutiara Sentosa Hulu,A-07-21,Teres 1 Tingkat,Hulu Langat,Selangor,43425,1310,527000,2026-08-14,B1
TX-2026-08-00935,Pangsapuri Seri Melati Hulu,C-30-19,Kondominium,Hulu Langat,Selangor,43244,1001,427500,2026-08-31,B2
TX-2026-08-00887,Taman Kenanga Sari Klang,E-29-09,Teres 2 Tingkat,Klang,Selangor,42259,1998,763000,2026-08-07,B2
TX-2026-08-00323,Kondominium Mutiara Sentosa Gombak,D-38-06,Pangsapuri,DAERAH GOMBAK,Selangor,68009,874,284500,2026-08-14,B5
TX-2026-08-01724,Pangsapuri Kenanga Sari Petaling,C-02-19,Kondominium,Petaling,Selangor,46492,753,399000,2026-08-10,B1
TX-2026-08-02156,Kondominium Putra Perdana Petaling,F-20-04,Kondominium,Petaling,Selangor,47310,1580,777500,2026-08-01,B4
TX-2026-08-01574,Pangsapuri Suria Bayu Kuala,F-09-05,Berkembar 2 Tingkat,Kuala Lumpur,W.P. Kuala Lumpur,58140,3354,1911000,2026-08-05,B1
TX-2026-08-01041,Desa Seri Melati Kuala,B-08-12,Teres 2 Tingkat,Kuala Lumpur,W.P. Kuala Lumpur,56849,1571,925500,2026-08-09,B1
TX-2026-08-02220,Desa Seri Melati Kuala,G-16-23,Teres 1 Tingkat,DAERAH KUALA LUMPUR,W.P. Kuala Lumpur,55196,1385,880500,2026-08-18,B6
TX-2026-08-01582,Taman Anggerik Jaya Kuala,E-05-21,Teres 1 Tingkat,Kuala Lumpur,W.P. Kuala Lumpur,51586,1154,378500,2026-08-09,B5
TX-2026-08-01513,Kondominium Impian Setia Petaling,A-12-12,Pangsapuri,DAERAH PETALING,Selangor,46410,562,235000,2026-08-24,B3
TX-2026-08-02769,Pangsapuri Suria Bayu Kuala,A-17-10,Kondominium,Kuala Lumpur,W.P. Kuala Lumpur,53009,1529,913500,2026-08-09,B4
TX-2026-08-02012,Kondominium Cempaka Wangi Sepang,E-32-11,Pangsapuri,Sepang,Selangor,63009,731,257000,2026-08-13,B6
TX-2026-08-01029,Desa Bukit Harmoni Petaling,A-37-12,Berkembar 2 Tingkat,Petaling,Selangor,47139,2730,1030500,2026-08-20,B3
TX-2026-08-01288,Kondominium Impian Setia Petaling,F-24-22,Teres 2 Tingkat,Petaling,Selangor,46350,2220,1214500,2026-08-11,B6
TX-2026-08-00411,Taman Warisan Murni Gombak,E-26-06,Teres 2 Tingkat,Gombak,Selangor,68064,1701,868000,2026-08-12,B4
TX-2026-08-01593,Desa Kenanga Sari Hulu,D-26-13,Kondominium,Hulu Langat,Selangor,43331,1575,586000,2026-08-28,B5
TX-2026-08-00164,Desa Bukit Harmoni Petaling,E-04-12,Banglo,Petaling,Selangor,46017,3429,1564500,2026-08-17,B4
TX-2026-08-02024,Taman Seri Melati Hulu,F-20-20,Teres 1 Tingkat,Hulu Langat,Selangor,43080,969,257000,2026-08-25,B5
TX-2026-08-02000,Bandar Anggerik Jaya Petaling,E-18-21,Banglo,DAERAH PETALING,Selangor,47551,2870,1053500,2026-08-03,B6
TX-2026-08-01310,Bandar Anggerik Jaya Petaling,E-14-06,Teres 1 Tingkat,Petaling,Selangor,46105,1111,1020500,2026-08-05,B2
TX-2026-08-00134,Pangsapuri Suria Bayu Kuala,B-07-22,Kondominium,Kuala Lumpur,W.P. Kuala Lumpur,58008,1280,832000,2026-08-20,B6
TX-2026-08-02952,Kondominium Damai Indah Petaling,G-14-08,Teres 2 Tingkat,Petaling,Selangor,46590,1568,719000,2026-08-24,B5
TX-2026-08-02628,Taman Warisan Murni Gombak,A-15-12,Pangsapuri,Gombak,Selangor,68018,904,353000,2026-08-11,B4
TX-2026-08-00622,Bandar Bukit Harmoni Hulu,B-17-13,Teres 2 Tingkat,Hulu Selangor,Selangor,44287,1767,486000,2026-08-11,B2
TX-2026-08-00459,Taman Kenanga Sari Klang,A-02-22,Berkembar 2 Tingkat,Klang,Selangor,41560,3343,1784500,2026-08-22,B2
TX-2026-08-00788,Desa Seri Melati Kuala,B-21-04,Kondominium,Kuala Lumpur,W.P. Kuala Lumpur,59112,1330,1159500,2026-08-31,B3
TX-2026-08-02284,Bandar Kenanga Sari Kuala,G-14-21,Teres 2 Tingkat,Kuala Lumpur,W.P. Kuala Lumpur,55697,1707,1148500,2026-08-21,B4
TX-2026-08-01455,Desa Mutiara Sentosa Klang,D-25-10,Banglo,Klang,Selangor,42089,3778,1639500,2026-08-15,B4
TX-2026-08-02544,Bandar Anggerik Jaya Petaling,F-36-10,Banglo,Petaling,Selangor,47665,3883,1887500,2026-08-06,B4
TX-2026-08-00660,Taman Anggerik Jaya Kuala,A-12-13,Berkembar 2 Tingkat,DAERAH KUALA LUMPUR,W.P. Kuala Lumpur,56409,3087,1752500,2026-08-09,B3
TX-2026-08-02341,Pangsapuri Putra Perdana Kuala,D-19-11,Pangsapuri,Kuala Selangor,Selangor,45764,800,174000,2026-08-13,B6
TX-2026-08-01357,Bandar Damai Indah Hulu,A-11-10,Banglo,Hulu Langat,Selangor,43258,4952,1839000,2026-08-23,B3
TX-2026-08-01702,Pangsapuri Kenanga Sari Petaling,F-29-24,Berkembar 2 Tingkat,Petaling,Selangor,46367,3388,1949000,2026-08-07,B5
TX-2026-08-01555,Taman Warisan Murni Gombak,C-27-11,Teres 1 Tingkat,DAERAH GOMBAK,Selangor,68062,1145,424000,2026-08-28,B6
TX-2026-08-00424,Taman Kenanga Sari Kuala,F-14-14,Kondominium,Kuala Lumpur,W.P. Kuala Lumpur,55403,789,287500,2026-08-24,B2
TX-2026-08-00060,Residensi Kenanga Sari Sepang,C-07-23,Kondominium,Sepang,Selangor,63267,1047,408500,2026-08-26,B2
TX-2026-08-01750,Taman Bukit Harmoni Klang,G-18-08,Teres 1 Tingkat,Klang,Selangor,41128,1278,796500,2026-08-11,B2
TX-2026-08-01491,Taman Anggerik Jaya Kuala,D-15-09,Teres 2 Tingkat,Kuala Lumpur,W.P. Kuala Lumpur,58913,1517,1112000,2026-08-26,B4
TX-2026-08-01983,Bandar Mutiara Sentosa Kuala,G-33-17,Berkembar 2 Tingkat,Kuala Lumpur,W.P. Kuala Lumpur,57032,3060,2063500,2026-08-18,B5
TX-2026-08-00308,Kondominium Damai Indah Petaling,D-08-10,Teres 2 Tingkat,DAERAH PETALING,Selangor,46719,1610,850500,2026-08-20,B1
TX-2026-08-00740,Taman Kenanga Sari Kuala,G-24-23,Teres 2 Tingkat,DAERAH KUALA LANGAT,Selangor,42694,1643,362500,2026-08-22,B5
TX-2026-08-01520,Taman Tasik Permai Klang,B-27-09,Kondominium,DAERAH KLANG,Selangor,41431,934,469000,2026-08-12,B6
TX-2026-08-01270,Desa Anggerik Jaya Kuala,B-25-24,Kondominium,Kuala Langat,Selangor,42660,1316,381500,2026-08-25,B5
TX-2026-08-02422,Desa Putra Perdana Klang,E-18-14,Banglo,DAERAH KLANG,Selangor,42259,4665,1744000,2026-08-19,B5
TX-2026-08-00640,Kondominium Mutiara Sentosa Hulu,A-01-11,Teres 1 Tingkat,Hulu Langat,Selangor,43412,1059,419500,2026-08-27,B1
TX-2026-08-01488,Pangsapuri Suria Bayu Sepang,G-32-24,Banglo,Sepang,Selangor,63130,4399,1314000,2026-08-06,B3
TX-2026-08-01727,Taman Warisan Murni Gombak,B-21-22,Teres 1 Tingkat,Gombak,Selangor,68004,945,317500,2026-08-28,B4
TX-2026-08-00402,Residensi Seri Melati Kuala,C-22-05,Teres 1 Tingkat,DAERAH KUALA LUMPUR,W.P. Kuala Lumpur,55850,984,722000,2026-08-15,B4
TX-2026-08-02122,Desa Warisan Murni Petaling,B-10-17,Teres 1 Tingkat,DAERAH PETALING,Selangor,46402,971,888000,2026-08-08,B2
TX-2026-08-01995,Residensi Mutiara Sentosa Kuala,A-35-16,Banglo,Kuala Langat,Selangor,42554,3888,1388000,2026-08-15,B6
TX-2026-08-02719,Desa Cempaka Wangi Gombak,D-01-23,Banglo,Gombak,Selangor,68096,3953,1853500,2026-08-24,B1
TX-2026-08-02702,Bandar Suria Bayu Kuala,A-33-05,Teres 2 Tingkat,Kuala Langat,Selangor,42799,1984,350000,2026-08-17,B6
TX-2026-08-02235,Kondominium Putra Perdana Petaling,F-30-12,Teres 1 Tingkat,DAERAH PETALING,Selangor,46085,1117,578500,2026-08-04,B4
TX-2026-08-02463,Kondominium Impian Setia Petaling,G-16-02,Teres 1 Tingkat,Petaling,Selangor,47213,1264,913500,2026-08-08,B5
TX-2026-08-01051,Desa Mutiara Sentosa Klang,E-08-18,Teres 1 Tingkat,DAERAH KLANG,Selangor,41679,1263,414000,2026-08-10,B5
TX-2026-08-02427,Kondominium Cempaka Wangi Sepang,G-01-22,Kondominium,Sepang,Selangor,63030,845,460500,2026-08-09,B3
TX-2026-08-01369,Desa Kenanga Sari Hulu,G-14-22,Teres 1 Tingkat,Hulu Langat,Selangor,43490,1111,448500,2026-08-28,B2
TX-2026-08-01583,Residensi Seri Melati Kuala,D-04-04,Banglo,Kuala Lumpur,W.P. Kuala Lumpur,58057,4039,3005000,2026-08-20,B6
TX-2026-08-02826,Taman Warisan Murni Gombak,B-19-02,Teres 1 Tingkat,Gombak,Selangor,68048,1261,695500,2026-08-12,B1
TX-2026-08-00313,Taman Anggerik Jaya Kuala,C-28-07,Pangsapuri,Kuala Lumpur,W.P. Kuala Lumpur,56875,748,597500,2026-08-20,B4
TX-2026-08-00284,Taman Bukit Harmoni Klang,D-15-24,Teres 1 Tingkat,Klang,Selangor,41482,1052,505500,2026-08-25,B3
TX-2026-08-01049,Desa Impian Setia Kuala,F-12-24,Kondominium,Kuala Selangor,Selangor,45754,1156,283000,2026-08-08,B1
TX-2026-08-00189,Taman Kenanga Sari Kuala,C-21-08,Kondominium,Kuala Lumpur,W.P. Kuala Lumpur,51832,1519,1103000,2026-08-07,B2
TX-2026-08-00358,Kondominium Impian Setia Gombak,F-04-21,Teres 2 Tingkat,DAERAH GOMBAK,Selangor,68041,2218,801500,2026-08-21,B5
TX-2026-08-00734,Taman Warisan Murni Gombak,B-12-15,Banglo,Gombak,Selangor,68030,2847,1039000,2026-08-30,B1
TX-2026-08-01572,Taman Bukit Harmoni Gombak,D-38-20,Pangsapuri,Gombak,Selangor,68056,768,277000,2026-08-13,B1
TX-2026-08-01877,Pangsapuri Kenanga Sari Kuala,C-12-01,Kondominium,Kuala Selangor,Selangor,45716,1313,476000,2026-08-13,B1
TX-2026-08-01694,Pangsapuri Suria Bayu Kuala,D-35-21,Pangsapuri,Kuala Lumpur,W.P. Kuala Lumpur,55694,767,622000,2026-08-19,B2
TX-2026-08-02828,Kondominium Mutiara Sentosa Gombak,G-14-19,Berkembar 2 Tingkat,DAERAH GOMBAK,Selangor,68072,2886,1130500,2026-08-27,B5
TX-2026-08-01011,Desa Bukit Harmoni Petaling,B-37-18,Pangsapuri,DAERAH PETALING,Selangor,47057,696,309500,2026-08-17,B6
TX-2026-08-01494,Taman Putra Perdana Hulu,E-11-23,Pangsapuri,Hulu Selangor,Selangor,44101,756,183500,2026-08-14,B3
TX-2026-08-02629,Taman Damai Indah Sabak,F-37-19,Berkembar 2 Tingkat,Sabak Bernam,Selangor,45203,2873,649500,2026-08-21,B1
TX-2026-08-02688,Kondominium Mutiara Sentosa Hulu,D-20-24,Teres 2 Tingkat,DAERAH HULU LANGAT,Selangor,43130,2347,1012500,2026-08-26,B1
TX-2026-08-00314,Kondominium Mutiara Sentosa Gombak,A-26-04,Teres 1 Tingkat,Gombak,Selangor,68068,1330,510500,2026-08-14,B6
TX-2026-08-01226,Kondominium Kenanga Sari Hulu,F-32-19,Pangsapuri,DAERAH HULU LANGAT,Selangor,43201,749,355000,2026-08-26,B3
TX-2026-08-02435,Residensi Seri Melati Kuala,C-12-16,Banglo,Kuala Lumpur,W.P. Kuala Lumpur,55895,3754,2377000,2026-08-04,B6
TX-2026-08-00683,Taman Kenanga Sari Klang,G-23-03,Teres 1 Tingkat,Klang,Selangor,41160,1138,745000,2026-08-11,B2
TX-2026-08-00883,Taman Seri Melati Hulu,C-08-19,Kondominium,Hulu Langat,Selangor,43189,1382,480000,2026-08-05,B6
TX-2026-08-01978,Residensi Damai Indah Sepang,C-22-15,Pangsapuri,Sepang,Selangor,63067,870,409000,2026-08-01,B6
TX-2026-08-00931,Desa Impian Setia Kuala,F-31-05,Teres 1 Tingkat,Kuala Selangor,Selangor,45685,1308,482000,2026-08-27,B4
TX-2026-08-01478,Pangsapuri Suria Bayu Sepang,F-33-23,Berkembar 2 Tingkat,Sepang,Selangor,63024,2784,1154000,2026-08-06,B6
TX-2026-08-01082,Desa Seri Melati Kuala,D-02-24,Pangsapuri,Kuala Lumpur,W.P. Kuala Lumpur,50465,622,392000,2026-08-24,B4
TX-2026-08-01001,Desa Warisan Murni Petaling,A-27-07,Banglo,Petaling,Selangor,47327,2947,1357000,2026-08-15,B6
TX-2026-08-02211,Pangsapuri Cempaka Wangi Klang,E-01-21,Teres 1 Tingkat,DAERAH KLANG,Selangor,41628,1327,492000,2026-08-12,B2
TX-2026-08-02744,Kondominium Impian Setia Gombak,G-16-22,Berkembar 2 Tingkat,DAERAH GOMBAK,Selangor,68077,3297,959500,2026-08-04,B6
TX-2026-08-02552,Kondominium Mutiara Sentosa Hulu,C-35-08,Teres 2 Tingkat,Hulu Langat,Selangor,43241,1908,524500,2026-08-12,B1
TX-2026-08-02097,Taman Seri Melati Hulu,B-19-04,Teres 2 Tingkat,DAERAH HULU LANGAT,Selangor,43148,1748,676500,2026-08-16,B2
TX-2026-08-02431,Kondominium Impian Setia Gombak,C-14-15,Kondominium,Gombak,Selangor,68074,778,442000,2026-08-08,B1
TX-2026-08-02565,Desa Bukit Harmoni Petaling,D-05-14,Teres 2 Tingkat,DAERAH PETALING,Selangor,46997,1631,745000,2026-08-31,B3
TX-2026-08-00739,Pangsapuri Cempaka Wangi Klang,B-24-17,Banglo,Klang,Selangor,41824,3178,1006500,10/08/2026,B4
TX-2026-08-00039,Desa Kenanga Sari Hulu,E-19-06,Kondominium,Hulu Langat,Selangor,43213,956,382500,2026-08-16,B6
TX-2026-08-01461,Bandar Anggerik Jaya Petaling,E-30-04,Kondominium,Petaling,Selangor,46013,1563,1118000,2026-08-23,B6
TX-2026-08-00695,Pangsapuri Tasik Permai Gombak,D-20-16,Teres 1 Tingkat,Gombak,Selangor,68098,990,483000,2026-08-26,B6
TX-2026-08-01719,Bandar Kenanga Sari Kuala,F-01-05,Pangsapuri,DAERAH KUALA LUMPUR,W.P. Kuala Lumpur,57769,828,693500,2026-08-25,B5
TX-2026-08-01282,Desa Kenanga Sari Hulu,B-34-15,Berkembar 2 Tingkat,Hulu Langat,Selangor,43076,2692,1110000,2026-08-18,B2
TX-2026-08-00838,Kondominium Putra Perdana Petaling,F-09-20,Pangsapuri,Petaling,Selangor,47745,708,277000,2026-08-08,B2
